date,AAPL,GOOG,META,JPM,MA,PFE,WMT,SBUX,GE,XOM,T,TLT,GLD,SPY
2016-11-01,25.681188583374023,39.08451461791992,129.1112518310547,55.32329940795898,100.20803833007812,21.104759216308597,19.90360450744629,44.23276138305664,126.1038589477539,57.428993225097656,15.119572639465332,104.99208068847656,122.7300033569336,183.190673828125
2016-11-02,25.7042236328125,38.3408432006836,126.78825378417967,55.09067153930664,99.29151153564452,20.805883407592773,19.946683883666992,44.63716125488281,124.40091705322266,57.29167938232422,15.041000366210938,105.4489288330078,123.63999938964844,182.0880889892578
2016-11-03,25.42870330810547,38.01314163208008,119.6397705078125,54.850040435791016,99.08147430419922,20.303224563598636,19.998380661010746,43.617713928222656,123.4839859008789,57.43585205078125,15.148520469665527,104.63951110839844,124.3000030517578,181.2546539306641
2016-11-04,25.19949531555176,38.007659912109375,120.38752746582033,54.352725982666016,98.36544799804688,20.377944946289062,19.863391876220703,44.44338607788086,124.18264770507812,57.37405776977539,15.094761848449709,105.57711029052734,124.38999938964844,181.0549468994141
2016-11-07,25.562992095947266,39.0301513671875,121.7833251953125,56.05324935913086,101.16277313232422,20.636064529418945,20.04146194458008,45.909400939941406,127.98145294189452,58.66475296020508,15.222963333129885,104.67955017089844,122.1500015258789,185.0485382080078
2016-11-08,25.71348762512207,39.428672790527344,123.84711456298828,56.17355728149414,100.91455078125,20.581186294555664,20.04433250427246,46.01891708374024,128.4617919921875,59.087249755859375,15.297405242919922,104.2547607421875,121.63999938964844,185.88194274902344
2016-11-09,25.671802520751957,39.16930770874024,122.81023406982422,58.75642395019531,101.3823471069336,22.03558349609375,20.420583724975582,45.98522186279297,129.37872314453125,59.7383041381836,15.483506202697754,99.83103942871094,121.55999755859376,187.85264587402344
2016-11-10,24.95638656616211,38.03459167480469,120.4373779296875,61.483699798583984,99.76889038085938,22.9754581451416,20.503875732421875,45.1342658996582,132.78457641601562,60.29240417480469,15.12371063232422,98.35645294189452,119.75,188.3214874267578
2016-11-11,25.104562759399418,37.60863876342773,118.6627197265625,61.51577758789063,99.88345336914062,22.35802459716797,20.457916259765625,45.43757629394531,134.09449768066406,59.33660125732422,15.098894119262695,97.80349731445312,117.0999984741211,187.88742065429688
2016-11-14,24.474809646606445,36.71384048461914,114.73455047607422,63.77779769897461,96.5610122680664,22.213956832885746,20.24538803100586,45.68190383911133,133.2212371826172,59.06649017333984,14.941743850708008,97.21845245361328,116.11000061035156,188.0349884033203
2016-11-15,24.79894638061523,37.83159255981445,116.84818267822266,63.65747833251953,97.84032440185548,22.11105728149414,20.512487411499023,46.206687927246094,134.26914978027344,60.13310241699219,15.206419944763184,97.69930267333984,117.12000274658205,189.5022125244141
2016-11-16,25.465749740600582,38.13035583496094,115.99076080322266,62.08528900146485,99.29151153564452,21.92582130432129,20.503875732421875,46.9261589050293,134.22552490234375,59.39202117919922,15.363574981689451,98.58089447021484,116.7699966430664,189.146240234375
2016-11-17,25.45648956298828,38.46703338623047,117.43640899658205,62.5826416015625,99.72115325927734,21.768028259277344,19.872013092041016,47.2732048034668,134.44383239746094,59.03184127807617,15.471094131469728,97.1302719116211,116.16999816894533,190.1185760498047
2016-11-18,25.481956481933597,37.933841705322266,116.6687240600586,62.33396911621094,100.0361785888672,21.59651565551757,19.685327529907227,47.20547866821289,133.91986083984375,59.06649017333984,15.533130645751951,96.84981536865234,115.1500015258789,189.69317626953125
2016-11-21,25.868608474731445,38.36577987670898,121.40446472167967,62.606693267822266,101.1436767578125,21.65826416015625,19.923707962036133,47.48480224609375,134.79315185546875,59.90454864501953,15.607568740844728,97.09024047851562,115.58000183105467,191.1256103515625
2016-11-22,25.88481712341309,38.31939697265625,121.1053695678711,62.99171447753906,101.1341323852539,21.49361991882324,20.139110565185547,48.34816360473633,136.1467742919922,60.03614807128906,15.942547798156738,97.05817413330078,115.54000091552734,191.49896240234372
2016-11-23,25.75284194946289,37.95628356933594,120.4772491455078,63.25643157958984,99.82615661621094,21.555360794067383,20.34303474426269,48.74598693847656,136.84536743164062,60.202369689941406,16.01698875427246,96.68153381347656,113.25,191.6031494140625
2016-11-25,25.882503509521484,37.990699768066406,120.01863861083984,63.23236083984375,100.94319152832033,21.74058532714844,20.457916259765625,48.61055755615234,137.28207397460938,60.34090805053711,16.21549415588379,96.82579803466795,112.61000061035156,192.3150177001953
2016-11-28,25.83156394958496,38.3178939819336,120.04854583740234,62.82326889038086,98.68048095703124,21.63768577575684,20.44642639160156,48.74598693847656,136.452392578125,59.89069366455078,16.351964950561523,97.53903198242188,113.8000030517578,191.41212463378903
2016-11-29,25.80609130859375,38.44758224487305,120.5071792602539,63.30455780029297,99.11964416503906,21.89837646484375,20.49812698364257,49.2369270324707,135.57913208007812,59.49591064453125,16.327157974243164,97.94771575927734,113.2699966430664,191.78546142578125
2016-11-30,25.588455200195312,37.80914688110352,118.06452178955078,64.30723571777344,97.5729751586914,22.04930877685547,20.22814559936523,49.06762313842773,134.31280517578125,60.46558380126953,15.975632667541504,96.3609619140625,111.75,191.3253173828125
2016-12-01,25.349985122680664,37.304386138916016,114.75447845458984,65.6066665649414,95.64445495605467,21.582801818847656,20.297090530395508,49.52470397949219,137.06370544433594,60.424015045166016,16.07901954650879,95.3435516357422,111.54000091552734,190.6221160888672
2016-12-02,25.44491004943848,37.43307495117188,115.0535888671875,65.45426940917969,96.52281951904295,21.69943046569824,20.35739517211914,48.42434310913086,136.84536743164062,60.28548812866211,15.967358589172363,96.04218292236328,112.13999938964844,190.7175750732422
2016-12-05,25.262006759643555,38.03260040283203,117.0774917602539,66.78581237792969,98.86187744140624,21.6719913482666,20.087417602539062,48.6697998046875,135.84103393554688,60.59022903442383,15.975632667541504,95.93781280517578,111.54000091552734,191.8635711669922
2016-12-06,25.45648956298828,37.86251449584961,116.95784759521484,67.13072967529297,97.38204956054688,21.651403427124023,20.208044052124023,48.61902618408203,136.10311889648438,60.645652770996094,16.273391723632812,95.86547088623048,111.43000030517578,192.4712677001953
2016-12-07,25.70654296875,38.46503829956055,117.5959243774414,67.43555450439453,100.48490142822266,21.397571563720703,20.42209815979004,49.73632049560547,137.98068237304688,60.99887847900391,16.728302001953125,96.68460845947266,111.83000183105467,194.9889678955078
2016-12-08,25.95890235900879,38.72589874267578,118.55306243896484,68.27779388427734,100.07437133789062,21.22606086730957,20.34689140319824,49.64320373535156,137.67501831054688,61.17203903198242,16.711761474609375,95.5443115234375,111.56999969482422,195.4664306640625
2016-12-09,26.382598876953125,39.367820739746094,119.32073974609376,68.57459259033203,99.68296813964844,21.74744987487793,20.27168083190918,49.72784423828125,138.7666473388672,61.64303588867188,16.69935417175293,94.35578918457033,110.4000015258789,196.64712524414065
2016-12-12,26.232107162475582,39.3668212890625,117.41647338867188,67.9649429321289,98.60409545898438,22.227678298950195,20.731618881225582,49.74479293823242,139.11595153808594,63.01439666748047,17.005386352539062,94.53253173828124,110.81999969482422,196.42144775390625
2016-12-13,26.66969871520996,39.70748519897461,119.94884490966795,67.989013671875,98.64230346679688,22.522674560546875,20.76921844482422,50.20185089111328,138.5919952392578,64.12260437011719,17.104642868041992,94.86975860595705,110.4499969482422,197.7323455810547
2016-12-14,26.66969871520996,39.75586700439453,119.8491439819336,67.9649429321289,98.60409545898438,22.51581382751465,20.63616371154785,49.72784423828125,137.54400634765625,62.737342834472656,16.997119903564453,93.80973815917967,108.83000183105467,196.1002197265625
2016-12-15,26.8155517578125,39.79477310180664,120.20806121826172,68.9836654663086,99.62564849853516,22.467792510986328,20.56094741821289,48.84756088256836,136.49603271484375,62.95207214355469,17.162534713745117,94.28351593017578,107.33999633789062,196.90757751464844
2016-12-16,26.850282669067383,39.44313430786133,119.51016998291016,68.1333999633789,98.74730682373048,22.5295352935791,20.532020568847656,48.80524444580078,138.6356658935547,63.152923583984375,17.23284339904785,94.06670379638672,108.0500030517578,196.52249145507807
2016-12-19,27.005409240722656,39.61271667480469,118.8820571899414,68.52647399902344,98.8523406982422,22.522674560546875,20.70558738708496,48.79677581787109,139.3779296875,62.62654113769531,17.418943405151367,95.07853698730467,108.58999633789062,196.9503936767578
2016-12-20,27.077186584472656,39.723445892333984,118.73251342773438,69.40880584716797,99.80705261230467,22.536392211914062,20.775001525878903,48.83908462524414,140.81887817382812,62.63345336914063,17.563684463500977,94.60474395751952,107.79000091552734,197.71011352539065
2016-12-21,27.102649688720703,39.630672454833984,118.6826629638672,69.58528137207031,99.45379638671876,22.227678298950195,20.60723876953125,48.61902618408203,140.29490661621094,62.529563903808594,17.518198013305664,95.02229309082033,107.8499984741211,197.15997314453125
2016-12-22,26.924373626708984,39.4660758972168,117.0475845336914,69.69755554199219,99.5874481201172,22.186511993408203,20.129945755004883,48.33970260620117,139.98695373535156,62.938209533691406,17.66707420349121,94.85243225097656,107.58999633789062,196.8194122314453
2016-12-23,26.977622985839844,39.39874267578125,116.91796875,69.82593536376953,99.9693603515625,22.282564163208008,20.115480422973636,48.25506210327149,140.25091552734375,62.82740020751953,17.67120933532715,95.0457000732422,107.93000030517578,197.10760498046875
2016-12-27,27.148956298828125,39.48054122924805,117.65575408935548,69.89008331298828,100.0552978515625,22.31686210632324,20.161760330200195,48.12809753417969,140.33889770507812,62.855098724365234,17.638124465942383,94.73970794677734,108.55999755859376,197.59664916992188
2016-12-28,27.03319549560547,39.15633773803711,116.56902313232422,69.38475036621094,98.9859848022461,22.193378448486328,20.04895401000977,47.69641876220703,139.45901489257812,62.54344177246094,17.584362030029297,95.43211364746094,108.86000061035156,195.96360778808597
2016-12-29,27.02624893188477,39.04361724853515,116.000732421875,68.89542388916016,99.07192993164062,22.28942489624023,20.034486770629883,47.67101287841797,139.50303649902344,62.57805252075195,17.64225959777832,95.7702865600586,110.29000091552734,195.91989135742188
2016-12-30,26.8155517578125,38.4964599609375,114.70464324951172,69.21627807617188,98.57544708251952,22.282564163208008,19.993995666503903,46.99388885498047,139.01910400390625,62.51570510864258,17.588499069213867,95.91522216796876,109.61000061035156,195.20382690429688
2017-01-03,26.8919620513916,39.2107048034668,116.50920867919922,69.9703140258789,100.61857604980467,22.639305114746097,19.86092758178711,46.849979400634766,139.41506958007812,62.95207214355469,17.7911434173584,96.32584381103516,110.47000122070312,196.69715881347656
2017-01-04,26.861862182617188,39.24861145019531,118.33370971679688,70.099365234375,101.57329559326172,22.83825302124023,19.976633071899418,47.39170837402344,139.45901489257812,62.25945663452149,17.687746047973633,96.6961441040039,110.86000061035156,197.8673553466797
2017-01-05,26.99846839904785,39.60374069213867,120.30776977539062,69.45410919189453,102.3578109741211,23.057785034179688,20.02001953125,47.789527893066406,138.66717529296875,61.331336975097656,17.638124465942383,98.2098388671875,112.58000183105467,197.71011352539065
2017-01-06,27.299449920654297,40.20875549316406,123.03954315185548,69.4621810913086,103.09447479248048,22.968599319458008,19.74522399902344,48.35662841796875,139.06309509277344,61.29671096801758,17.35204315185547,97.30807495117188,111.75,198.4174652099609
2017-01-09,27.54949951171875,40.23369216918945,124.52507019042967,69.51055145263672,102.89353942871094,22.96174430847168,19.87539291381836,49.26232147216797,138.4032440185547,60.28548812866211,17.133670806884766,98.08904266357422,112.66999816894533,197.76254272460935
2017-01-10,27.57727813720703,40.14091873168945,123.97672271728516,69.71219635009766,102.67350006103516,22.941164016723636,19.73653984069824,48.99146270751953,138.00726318359375,59.51667785644531,17.13787269592285,98.0246353149414,113.1500015258789,197.76254272460935
2017-01-11,27.725461959838867,40.29653930664063,125.71149444580078,70.2364730834961,103.14230346679688,22.522674560546875,19.82332420349121,49.177677154541016,138.44717407226562,60.12617874145508,17.053882598876953,98.3547592163086,113.5,198.3214569091797
2017-01-12,27.609697341918945,40.2192268371582,126.23990631103516,69.55894470214844,104.00333404541016,22.364887237548828,19.661333084106445,49.11841583251953,138.09523010253906,59.80065155029297,17.221860885620117,98.13735961914062,113.91000366210938,197.8236541748047
2017-01-13,27.561073303222656,40.2950439453125,127.95474243164062,69.92997741699219,103.9937744140625,22.310001373291016,19.418354034423828,48.966064453125,137.96324157714844,59.807594299316406,17.20086097717285,97.67037200927734,114.20999908447266,198.27783203125
2017-01-17,27.78333854675293,40.13194274902344,127.48615264892578,67.3892822265625,103.70674896240234,21.99442672729492,19.791507720947266,49.09303665161133,137.5673065185547,60.50713348388672,17.263851165771484,98.69290161132812,115.8499984741211,197.5791473388672
2017-01-18,27.781028747558597,40.20476531982422,127.53600311279295,67.70382690429688,103.9555206298828,21.973840713500977,19.701831817626957,49.47391891479492,137.39132690429688,59.759090423583984,17.133670806884766,97.42884063720705,114.87000274658205,198.01580810546875
2017-01-19,27.732406616210938,40.01049041748047,127.1671142578125,67.18762969970703,103.83112335205078,21.74744987487793,19.560096740722656,48.99992752075195,137.3033905029297,58.685546875,17.217660903930664,96.7605972290039,114.7699966430664,197.2822265625
2017-01-20,27.78333854675293,40.15238952636719,126.6586456298828,67.48604583740234,105.19921112060548,21.79547119140625,19.43281555175781,48.80524444580078,134.31182861328125,59.48897552490234,17.40663719177246,96.56736755371094,115.0500030517578,198.00711059570312
2017-01-23,27.80186462402344,40.865142822265625,128.54296875,67.51831817626953,104.88348388671876,21.582801818847656,19.27950668334961,48.8898811340332,130.88035583496094,58.85177612304688,17.63759994506836,97.53350830078124,115.79000091552734,197.49180603027344
2017-01-24,27.77640151977539,41.092586517333984,128.98162841796875,68.33297729492188,105.16095733642578,21.37013435363769,19.49645614624023,49.465457916259766,131.98016357421875,58.93487548828125,17.36884307861328,96.8652572631836,115.2699966430664,198.7580718994141
2017-01-25,28.21860885620117,41.6811408996582,131.08531188964844,69.38957214355469,105.41924285888672,21.46617317199707,19.348926544189453,49.68552780151367,133.60791015625,59.1080322265625,17.381439208984375,95.64952087402344,114.31999969482422,200.4784240722656
2017-01-26,28.23250389099121,41.50556564331055,132.38140869140625,69.97030639648438,104.644287109375,21.45931625366211,19.30265045166016,49.48238754272461,133.38795471191406,59.288116455078125,17.541019439697266,95.9715805053711,113.26000213623048,200.26882934570312
2017-01-27,28.23482131958008,41.06465148925781,131.783203125,70.11548614501953,105.0844268798828,21.555360794067383,18.993135452270508,47.50174331665039,132.02415466308594,59.22578430175781,17.64179801940918,96.31775665283205,113.48999786376952,199.95448303222656
2017-01-30,28.160734176635746,40.01772689819336,130.58682250976562,69.38957214355469,104.56780242919922,21.47989845275879,19.21297645568848,47.315528869628906,131.80416870117188,58.77558135986328,17.56201934814453,96.0279312133789,113.97000122070312,198.71438598632807
2017-01-31,28.09590721130371,39.74190139770508,129.92880249023438,68.2603530883789,101.7263641357422,21.768028259277344,19.30553817749023,46.73994064331055,130.6603240966797,58.10374450683594,17.70479393005371,96.6961441040039,115.5500030517578,198.6969451904297
2017-02-01,29.80921173095703,39.687286376953125,132.83006286621094,68.51847076416016,100.4539566040039,21.948223114013672,19.15801048278809,45.622657775878906,130.61634826660156,57.44577026367188,17.662799835205078,96.09830474853516,115.1999969482422,198.7755126953125
2017-02-02,29.758272171020508,39.82868576049805,130.44723510742188,68.2281265258789,100.5879135131836,21.98979759216309,19.293970108032227,45.59726333618164,130.5723419189453,57.79898452758789,17.293254852294922,96.05792236328124,115.83999633789062,198.90652465820312
2017-02-03,29.885618209838867,39.97632598876953,130.58682250976562,70.31714630126953,101.96554565429688,22.239295959472656,19.23611640930176,46.6045150756836,130.6603240966797,57.86133193969727,17.322643280029297,96.0176239013672,116.12999725341795,200.277587890625
2017-02-06,30.165760040283203,39.96884536743164,131.66357421875,69.9864501953125,101.97513580322266,22.336322784423828,19.20718765258789,47.171630859375,130.484375,57.70202255249024,17.242856979370117,96.5985336303711,117.6999969482422,199.91954040527344
2017-02-07,30.452857971191406,40.24965286254883,131.44422912597656,69.94611358642578,101.98467254638672,22.232362747192383,19.348926544189453,46.96758270263672,130.04444885253906,57.32798767089844,17.268054962158203,97.3085708618164,117.45999908447266,199.9282989501953
2017-02-08,30.570945739746097,40.31997680664063,133.79714965820312,69.3331069946289,102.09949493408205,22.273944854736328,19.61505889892578,46.950565338134766,129.47254943847656,56.950565338134766,17.305849075317383,98.6318588256836,118.19000244140624,200.1902618408203
2017-02-09,30.79184341430664,40.37883758544922,133.73731994628906,70.33325958251953,102.65437316894533,22.440269470214844,19.9824161529541,47.45220184326172,130.17640686035156,57.20220184326172,17.347843170166016,97.49417114257812,117.29000091552734,201.3779144287109
2017-02-10,30.722095489501957,40.583831787109375,133.7871856689453,70.17194366455078,102.62566375732422,22.419477462768555,19.675796508789062,47.800811767578125,130.74835205078125,57.677490234375,17.377241134643555,97.4376983642578,117.5999984741211,202.172607421875
2017-02-13,30.9941520690918,40.86165618896485,133.64761352539062,71.09950256347656,103.59193420410156,22.599666595458984,19.60348129272461,47.707279205322266,132.15611267089844,58.01299285888672,17.070682525634766,97.1310806274414,116.8000030517578,203.2729339599609
2017-02-14,31.39642143249512,40.92200469970703,133.44822692871094,72.23677825927734,104.16597747802734,22.69668960571289,19.86092758178711,48.10690689086914,133.2119903564453,57.887168884277344,17.1126766204834,96.42909240722656,116.93000030517578,204.0850982666016
2017-02-15,31.51036071777344,40.84868240356445,133.0394287109375,73.0675277709961,104.9122314453125,23.2233943939209,19.869604110717773,48.34496688842773,133.51991271972656,58.12481689453125,17.268054962158203,95.9853286743164,117.4499969482422,205.1504669189453
2017-02-16,31.473163604736328,41.10704803466797,133.43821716308594,73.01914978027344,104.56780242919922,23.29962730407715,19.921674728393555,48.23443984985352,133.95982360839844,57.52371597290039,17.322643280029297,96.5097885131836,118.08000183105467,204.97581481933597
2017-02-17,31.5592041015625,41.30207061767578,133.12916564941406,72.77719116210938,104.6825942993164,23.29962730407715,20.06630516052246,48.76158905029297,133.60791015625,57.14628601074219,17.41923713684082,97.08268737792967,117.68000030517578,205.29893493652344
2017-02-21,31.787073135375977,41.48113250732422,133.318603515625,73.40629577636719,105.39055633544922,23.29962730407715,20.66798210144043,48.92313766479492,134.26780700683594,57.23712921142578,17.524221420288086,96.91322326660156,117.75,206.52154541015625
2017-02-22,31.88241577148437,41.43623733520508,135.7113800048828,73.44662475585938,104.70171356201172,23.27883720397949,20.74318122863769,48.94864654541016,133.43194580078125,56.5661735534668,17.46542739868164,97.0746078491211,117.91000366210938,206.33810424804688
2017-02-23,31.747539520263672,41.46466827392578,134.95367431640625,73.5030746459961,105.94546508789062,23.60456085205078,20.62748146057129,49.00815200805664,133.1215362548828,57.16025161743164,17.616605758666992,97.36511993408205,118.94000244140624,206.47784423828125
2017-02-24,31.77777671813965,41.33050155639648,135.03343200683594,72.85784149169922,106.19420623779295,23.743165969848636,20.93988609313965,48.87211990356445,133.8753662109375,56.670989990234375,17.788785934448242,98.44628143310548,119.6999969482422,206.7398681640625
2017-02-27,31.840551376342773,41.362422943115234,136.0005340576172,72.93852233886719,105.78279876708984,23.757022857666016,20.75186347961425,48.27694320678711,132.7667694091797,56.992523193359375,17.56201934814453,97.8653335571289,119.12000274658205,207.0629425048828
2017-02-28,31.854511260986328,41.059661865234375,135.13311767578125,73.09174346923828,105.67755889892578,23.646146774291992,20.517559051513672,48.35346221923828,132.1903076171875,56.83876037597656,17.54941749572754,98.2284164428711,119.2300033569336,206.5041046142578
2017-03-01,32.505592346191406,41.6596908569336,137.0074920654297,75.49533081054688,107.44744873046876,23.85404396057129,20.37871360778809,48.58303451538086,133.8753662109375,58.02695846557617,17.654403686523438,96.58250427246094,119.05999755859376,209.3946228027344
2017-03-02,32.3126106262207,41.42975616455078,136.34947204589844,74.31773376464844,106.50989532470705,23.91642189025879,20.468385696411133,48.5660285949707,133.8753662109375,58.22267532348633,17.66699981689453,96.23486328125,117.58000183105467,208.0759735107422
2017-03-03,32.50328063964844,41.35244369506836,136.7582244873047,74.85009765625,106.90215301513672,23.92335319519043,20.25721740722656,48.54903411865234,133.56497192382812,57.635555267333984,17.64179801940918,96.48548126220705,117.51000213623048,208.20697021484372
2017-03-06,32.400962829589844,41.28760528564453,137.0074920654297,74.14027404785156,106.5385971069336,23.80553817749023,20.21383476257324,48.19192123413086,133.03285217285156,57.89417266845703,17.62080955505371,96.02469635009766,116.72000122070312,207.58688354492188
2017-03-07,32.44281768798828,41.49359893798828,136.88784790039062,73.72895812988281,106.1559066772461,23.556049346923828,20.210941314697266,47.78379821777344,132.41200256347656,57.677490234375,17.58721351623535,95.73367309570312,115.77999877929688,206.9669189453125
2017-03-08,32.321895599365234,41.66617584228515,137.3065948486328,73.56763458251953,106.175048828125,23.5006046295166,20.33915328979492,47.39268493652344,132.14598083496094,56.63605880737305,17.541019439697266,95.21621704101562,115.05999755859376,206.5826873779297
2017-03-09,32.24748611450195,41.83126831054688,137.8250274658203,73.85800170898438,105.99327850341795,23.59762954711914,20.356632232666016,46.92505645751953,131.52513122558594,57.08338165283203,17.612407684326172,94.456298828125,114.47000122070312,206.8446350097656
2017-03-10,32.354461669921875,42.059207916259766,138.3733673095703,73.62406921386719,106.39508819580078,23.63921356201172,20.426570892333984,46.363895416259766,134.2744598388672,57.04143524169922,17.78458595275879,94.78777313232422,114.72000122070312,207.5694732666016
2017-03-13,32.3684196472168,42.173431396484375,139.18093872070312,73.68860626220703,106.70124816894533,23.63921356201172,20.38286399841309,46.448917388916016,132.41200256347656,56.908634185791016,17.792985916137695,94.1895523071289,114.73999786376952,207.67425537109372
2017-03-14,32.31957244873047,42.17741775512695,138.90179443359375,73.8095932006836,105.7062530517578,23.71544647216797,20.60722923278809,46.1428337097168,130.99298095703125,56.60808563232422,17.675399780273438,94.64229583740234,114.12000274658205,206.8795318603516
2017-03-15,32.661399841308594,42.2562255859375,139.3005828857422,73.98704528808594,107.1700210571289,23.999588012695312,20.56643867492676,46.37239456176758,131.96859741210938,57.31402587890625,17.8853759765625,95.79830169677734,116.25,208.66976928710935
2017-03-16,32.71487808227539,42.33503341674805,139.56976318359375,73.91445922851562,107.7918930053711,23.860979080200195,20.52564239501953,46.59346008300781,131.9242706298828,57.36295700073242,17.82238006591797,95.31324768066406,116.7300033569336,208.25930786132807
2017-03-17,32.55210876464844,42.50162506103515,139.4202117919922,73.14014434814453,107.9449691772461,23.78474235534668,20.365379333496097,47.42670822143555,132.50067138671875,57.31402587890625,17.893766403198242,95.91148376464844,116.98999786376952,207.89358520507807
2017-03-20,32.8939323425293,42.31607818603515,139.51992797851562,72.61585998535156,107.5431671142578,23.826330184936523,20.3916072845459,47.45220184326172,131.87991333007812,57.31402587890625,17.813980102539062,96.32378387451172,117.51000213623048,207.66549682617188
2017-03-21,32.5172233581543,41.42127227783203,138.09420776367188,70.48651123046875,105.91674041748048,23.736236572265625,20.3682918548584,47.22263717651367,130.3278350830078,57.1952018737793,17.67119598388672,97.1241455078125,118.54000091552734,204.99923706054688
2017-03-22,32.88462448120117,41.37788009643555,139.17095947265625,70.59942626953125,106.6247100830078,23.888694763183597,20.470277786254883,47.52022552490234,130.94866943359375,57.14628601074219,17.490623474121094,97.5121841430664,118.83000183105467,205.48165893554688
2017-03-23,32.76836013793945,40.77885437011719,139.11114501953125,70.48651123046875,106.76822662353516,23.763959884643555,20.356632232666016,47.48622512817383,131.34771728515625,57.2161750793457,17.490623474121094,97.37474060058594,118.66999816894533,205.26239013671875
2017-03-24,32.703250885009766,40.62173843383789,139.91871643066406,70.40586853027344,107.13174438476562,23.56297492980957,20.283788681030277,48.30245971679688,131.7912139892578,56.77584838867188,17.503223419189453,97.72235107421876,118.86000061035156,205.11325073242188
2017-03-27,32.759071350097656,40.875118255615234,139.89878845214844,70.36553955078125,107.0934829711914,23.687719345092773,20.298355102539062,48.6595573425293,130.54957580566406,56.78981399536133,17.42343521118164,98.16702270507812,119.52999877929688,204.90280151367188
2017-03-28,33.438045501708984,40.94544982910156,141.33447265625,71.46245574951172,107.60055541992188,23.67385673522949,20.49067687988281,48.76158905029297,131.34771728515625,57.20220184326172,17.45283317565918,97.5121841430664,119.04000091552734,206.3938140869141
2017-03-29,33.5124626159668,41.468658447265625,142.22178649902344,71.1962890625,107.2082977294922,23.791675567626957,20.613056182861328,48.92313766479492,131.6138458251953,57.32799530029297,17.40663719177246,98.09425354003906,119.33000183105467,206.5867156982422
2017-03-30,33.46828079223633,41.47315216064453,141.9824981689453,71.80929565429688,107.7918930053711,23.80553817749023,20.860736846923828,49.450286865234375,132.45632934570312,58.50223159790039,17.536813735961914,97.30198669433594,118.47000122070312,207.2445831298828
2017-03-31,33.405494689941406,41.37638854980469,141.6235809326172,70.8494644165039,107.60055541992188,23.70851325988769,21.00352478027344,49.64583969116211,132.14598083496094,57.32102584838867,17.448627471923828,97.58492279052734,118.72000122070312,206.76222229003903
2017-04-03,33.414791107177734,41.82478713989258,141.8529052734375,70.59136199951172,107.38048553466795,23.72930145263672,20.9306755065918,49.6883544921875,132.50067138671875,57.36295700073242,17.457029342651367,98.5692138671875,119.3499984741211,206.40257263183597
2017-04-04,33.66361618041992,41.62627410888672,141.30455017089844,70.82660675048828,107.23699188232422,23.798608779907227,20.983131408691406,49.58632659912109,133.1215362548828,57.5726432800293,17.507417678833008,98.0345687866211,119.62000274658205,206.5341339111328
2017-04-05,33.48920822143555,41.468658447265625,141.4241943359375,69.91806030273438,107.42872619628906,23.69464683532715,20.87822532653809,49.50129318237305,132.89981079101562,57.68449020385742,17.431833267211914,98.33430480957033,119.62000274658205,205.92019653320312
2017-04-06,33.405494689941406,41.29259490966797,140.74623107910156,70.15331268310547,107.77381896972656,23.63921356201172,20.81412124633789,49.2462272644043,132.72242736816406,58.019981384277344,17.32038688659668,98.18843841552734,119.18000030517578,206.49905395507807
2017-04-07,33.33108139038086,41.13248825073242,140.35740661621094,69.90994262695312,107.5916748046875,23.632280349731445,21.24246597290039,49.33124542236328,132.988525390625,57.84521865844727,17.316120147705078,97.7915496826172,119.45999908447266,206.2885284423828
2017-04-10,33.29155731201172,41.13547897338867,140.6166229248047,69.66659545898438,107.66835021972656,23.5906982421875,21.28908920288086,49.27173614501953,133.07716369628906,58.10384750366211,17.22653579711914,98.2451400756836,119.45999908447266,206.41136169433597
2017-04-11,32.93346405029297,41.06664657592773,139.49996948242188,69.5448989868164,107.46704864501952,23.514463424682617,21.396902084350582,49.21221923828125,133.21018981933594,57.901145935058594,17.19666862487793,99.17681884765624,121.19000244140624,206.165771484375
2017-04-12,32.97298812866211,41.115028381347656,139.1610107421875,69.2771987915039,106.8535614013672,23.507532119750977,21.39981460571289,48.9571418762207,132.01292419433594,57.99201965332031,17.30331802368164,99.71961975097656,122.0199966430664,205.26239013671875
2017-04-13,32.7985954284668,41.07712173461914,138.97157287597656,68.46599578857422,106.6139144897461,23.47981643676757,21.31531524658203,48.89762496948242,131.08168029785156,57.09735870361328,17.183868408203125,100.02750396728516,122.5999984741211,203.9291839599609
2017-04-17,32.97996139526367,41.75595474243164,140.9954833984375,69.65035247802734,108.00385284423828,23.56297492980957,21.414384841918945,49.382266998291016,131.4364776611328,57.02047348022461,17.192399978637695,99.71961975097656,122.23999786376952,205.7359771728516
2017-04-18,32.833473205566406,41.73849868774414,140.536865234375,69.08250427246094,107.8600616455078,23.45209312438965,21.53094291687012,49.61183547973633,132.32333374023438,56.6500244140625,17.171070098876953,101.02395629882812,122.81999969482422,205.12203979492188
2017-04-19,32.712547302246094,41.80782699584961,141.8429412841797,68.51467895507812,107.6396255493164,23.292695999145508,21.58339500427246,50.19850158691406,133.03285217285156,56.25860595703125,17.171070098876953,100.47303771972656,121.7300033569336,204.7448883056641
2017-04-20,33.12181091308594,41.97940826416016,143.3683319091797,69.39888763427734,109.84435272216795,23.382797241210938,21.79611015319824,51.08275604248047,134.23013305664062,56.62205505371094,17.21799659729004,100.08417510986328,121.95999908447266,206.41136169433597
2017-04-21,33.08228302001953,42.05621719360352,143.24868774414062,68.56333923339844,109.53759002685548,23.313486099243164,21.83690643310547,51.53337860107422,131.03736877441406,56.398399353027344,17.034557342529297,100.08417510986328,122.30999755859376,205.7535400390625
2017-04-24,33.400856018066406,43.032318115234375,145.0333251953125,70.98075103759766,110.90836334228516,23.382797241210938,21.79027938842773,51.95851516723633,131.03736877441406,56.69197082519531,17.07295036315918,99.59001159667967,121.4800033569336,208.016357421875
2017-04-25,33.60779571533203,43.50815200805664,146.05026245117188,71.5972671508789,111.32057189941406,23.396652221679688,21.868955612182617,51.83097457885742,130.59388732910156,57.12530899047851,17.038818359375,98.39102935791016,120.25,209.22674560546875
2017-04-26,33.41014862060547,43.47972106933594,146.12005615234375,71.73518371582031,111.3589096069336,23.45901870727539,21.97968292236328,52.34112930297851,129.75137329101562,56.8946647644043,17.25212860107422,98.93380737304688,120.83999633789062,209.0951995849609
2017-04-27,33.43572235107422,43.60541534423828,147.25662231445312,71.06996154785156,112.25038146972656,23.46595001220703,21.982601165771484,52.120059967041016,128.95315551757812,56.79681396484375,17.026025772094727,98.9013900756836,120.38999938964844,209.2705841064453
2017-04-28,33.40317153930664,45.18703079223633,149.79896545410156,70.57513427734375,111.5027084350586,23.507532119750977,21.90684127807617,51.06574249267578,128.5540771484375,57.06940078735352,16.906574249267578,99.12010192871094,120.7699966430664,208.8145446777344
2017-05-01,34.08449172973633,45.516719818115234,152.00233459472656,70.62381744384766,111.5506362915039,23.41050720214844,21.921411514282227,51.16777801513672,128.33233642578125,57.355987548828125,16.68047523498535,98.29617309570312,119.66999816894533,209.34078979492188
2017-05-02,34.300743103027344,45.70974349975586,152.32138061523438,70.1695327758789,113.22816467285156,23.292695999145508,22.00591087341309,51.43986511230469,128.5540771484375,57.34898376464844,16.616474151611328,98.79948425292967,119.6500015258789,209.4197235107422
2017-05-03,34.19610977172852,46.23844909667969,151.3443145751953,70.57513427734375,112.47087860107422,23.19567489624023,22.07584571838379,51.516380310058594,129.61831665039062,57.80328750610352,16.38184356689453,98.86442565917967,117.9800033569336,209.1653594970703
2017-05-04,34.072853088378906,46.4688835144043,150.39718627929688,70.65628051757812,113.03643035888672,23.18180656433105,22.244857788085938,51.72043228149414,129.4852752685547,57.06240463256836,16.21546745300293,98.37731170654295,116.79000091552734,209.4109344482422
2017-05-05,34.637916564941406,46.24293518066406,149.78900146484375,70.57513427734375,112.6338348388672,23.202598571777344,22.29148292541504,51.82247543334961,129.57398986816406,57.32799530029297,16.45009994506836,98.46662139892578,117.01000213623048,210.23536682128903
2017-05-08,35.57966232299805,46.60055541992188,150.60653686523438,70.65628051757812,111.78070831298828,23.18180656433105,22.180747985839844,51.81396484375,128.90882873535156,57.93608474731445,16.454362869262695,97.93081665039062,116.75,210.2002868652344
2017-05-09,35.807552337646484,46.49431991577149,150.0282745361328,70.37235260009766,111.58898162841795,23.13329696655273,22.355579376220703,52.061561584472656,128.28794860839844,57.53070831298828,16.3050479888916,97.9227066040039,116.0500030517578,210.00738525390625
2017-05-10,35.63780212402344,46.325233459472656,149.83885192871094,70.92395782470703,111.81905364990234,23.112308502197266,22.49932098388672,51.788360595703125,127.2681121826172,57.791778564453125,16.403175354003906,97.80906677246094,116.04000091552734,210.38450622558597
2017-05-11,35.946006774902344,46.416011810302734,149.58958435058594,70.70494842529297,111.70401000976562,23.11930274963379,22.332115173339844,51.45539855957031,128.02194213867188,58.28564834594727,16.398908615112305,97.80906677246094,116.5,209.9547576904297
2017-05-12,36.44801712036133,46.49681091308594,149.8787384033203,70.51022338867188,112.2791519165039,23.098316192626957,22.20890998840332,51.16511917114258,125.36129760742188,58.24332427978515,16.420238494873047,98.54781341552734,116.83000183105467,209.60389709472656
2017-05-15,36.3546257019043,46.73921585083008,149.73916625976562,70.85095977783203,113.31441497802734,23.17528533935547,22.379053115844727,51.60906982421875,124.96218872070312,58.41970443725586,16.46289825439453,98.27989959716795,117.13999938964844,210.7616424560547
2017-05-16,36.300926208496094,47.03449249267578,149.33038330078125,71.06996154785156,113.58282470703124,22.811420440673828,22.032901763916016,51.20780563354492,124.34134674072266,58.24332427978515,16.29224967956543,98.64521026611328,117.6500015258789,210.56871032714844
2017-05-17,35.082088470458984,45.86835479736328,144.41519165039062,68.36054229736328,111.96283721923828,22.552520751953125,22.035844802856445,50.99436950683594,121.5476531982422,57.84821319580078,15.980828285217283,100.08213806152344,119.79000091552734,206.8323516845703
2017-05-18,35.616783142089844,46.39805603027344,147.2167510986328,68.10906219482422,111.42601013183594,22.545520782470703,22.7457275390625,51.07120513916016,121.85812377929688,57.67886352539063,16.189870834350586,100.19583129882812,118.80999755859376,207.66549682617188
2017-05-19,35.73819732666016,46.58609390258789,147.61553955078125,68.7742691040039,112.71052551269533,22.71345901489257,23.10654067993164,52.385986328125,124.38570404052734,57.80588912963867,16.313583374023438,100.4312515258789,119.4000015258789,209.0163116455078
2017-05-22,35.95534896850586,46.977630615234375,147.79501342773438,68.7093505859375,114.07169342041016,22.475547790527344,23.0419979095459,52.27499008178711,124.96218872070312,58.05986404418945,16.317852020263672,100.15521240234376,119.9000015258789,210.0775451660156
2017-05-23,35.91098403930664,47.32477951049805,147.62551879882812,69.56926727294922,114.64686584472656,22.489545822143555,23.02440643310547,52.20669937133789,125.40565490722656,58.26448822021485,16.343448638916016,99.4813995361328,119.13999938964844,210.5423583984375
2017-05-24,35.80358123779297,47.63103103637695,149.58958435058594,69.52867889404297,115.7012939453125,22.42656517028809,22.92466163635254,52.838470458984375,123.41014099121094,58.05986404418945,16.275190353393555,100.04153442382812,119.61000061035156,211.0335235595703
2017-05-25,35.927337646484375,48.35824203491211,151.50384521484375,69.23661804199219,116.87076568603516,22.50353622436523,22.97160530090332,53.70076370239258,121.90239715576172,57.67886352539063,16.3093204498291,100.07405090332033,119.4800033569336,212.04217529296875
2017-05-26,35.86661911010742,48.45450592041016,151.67333984375,69.2447738647461,116.59278869628906,22.489545822143555,22.918798446655277,54.04225158691406,121.7250747680664,57.53776931762695,16.262393951416016,100.24455261230467,120.54000091552734,211.9983367919922
2017-05-30,35.88063430786133,48.674461364746094,151.92259216308594,68.06037902832031,116.61196899414062,22.482542037963867,22.92466163635254,54.00811004638672,121.3259506225586,57.22026824951172,16.44583511352539,100.73976135253906,120.13999938964844,211.8141326904297
2017-05-31,35.668155670166016,48.124813079833984,151.00534057617188,66.6407699584961,117.79103088378906,22.846406936645508,23.05666732788086,54.30690002441406,121.41461944580078,56.79693222045898,16.437299728393555,100.9914093017578,120.62000274658205,211.76150512695312
2017-06-01,35.76622009277344,48.22905731201172,151.07513427734375,67.37896728515625,118.28949737548828,22.888397216796875,23.41161155700684,54.42643737792969,122.92234802246094,56.93803787231445,16.582347869873047,101.00196838378906,120.72000122070312,213.4455108642578
2017-06-02,36.29623794555664,48.66049575805664,153.1488800048828,67.03828430175781,120.01494598388672,22.76943588256836,23.35588264465332,55.126502990722656,123.6318588256836,56.09139251708984,16.582347869873047,102.19790649414062,121.61000061035156,214.1559295654297
2017-06-05,35.94133758544922,49.063507080078125,153.16883850097656,67.15995025634766,120.68594360351562,22.63648796081543,23.54361152648925,54.87037658691406,124.0752944946289,56.5288200378418,16.5567569732666,101.56336975097656,121.7300033569336,213.998046875
2017-06-06,36.06275939941406,48.70888137817383,152.35128784179688,67.29786682128906,120.05327606201172,22.440561294555664,23.153472900390625,54.7764778137207,123.85359954833984,57.29787063598633,16.522624969482422,102.11658477783205,123.0999984741211,213.31396484375
2017-06-07,36.277565002441406,48.92684555053711,152.6603546142578,68.06851959228516,120.0053482055664,22.39157485961914,23.21800994873047,54.21300506591797,122.7449951171875,57.08618927001953,16.535425186157227,101.62838745117188,122.4499969482422,213.7086181640625
2017-06-08,36.18885040283203,49.05004501342773,154.24559020996094,68.91215515136719,119.59317016601562,22.216646194458008,23.153472900390625,53.13728713989258,122.34585571289062,56.88161087036133,16.424503326416016,101.3599853515625,121.6500015258789,213.81385803222656
2017-06-09,34.78554916381836,47.37515640258789,149.15093994140625,70.5427017211914,117.94440460205078,22.93037414550781,23.29720497131348,53.0945930480957,123.89794158935548,57.94699478149414,16.548213958740234,101.2053680419922,120.54000091552734,213.4893341064453
2017-06-12,33.95432662963867,47.02950286865234,147.99440002441406,70.55892944335938,115.7588348388672,22.88139915466309,23.244407653808597,52.32622528076172,128.33233642578125,58.511417388916016,16.66767120361328,101.1728515625,120.36000061035156,213.4455108642578
2017-06-13,34.22751235961914,47.55321502685547,150.22767639160156,70.79415893554688,117.25421142578124,22.797426223754883,23.326539993286133,52.01032638549805,126.15949249267578,58.53261184692383,16.501291275024414,101.1891098022461,120.4800033569336,214.48922729492188
2017-06-14,33.89362335205078,47.42153930664063,149.79896545410156,70.64812469482422,117.4267349243164,22.8743953704834,23.438013076782227,51.45539855957031,127.2237548828125,57.90464782714844,16.518356323242188,102.75113677978516,119.81999969482422,214.21731567382807
2017-06-15,33.69047164916992,47.00007629394531,149.35032653808594,70.2263412475586,116.3915023803711,22.958364486694336,23.147602081298828,51.30171585083008,129.41490173339844,58.03871536254883,16.56955337524414,102.5884017944336,119.31999969482422,213.8051300048828
2017-06-16,33.218833923339844,46.87388610839844,150.18780517578125,69.90994262695312,116.90914154052734,23.07032012939453,22.07104110717773,51.34440612792969,129.68325805664062,58.90652847290039,16.620744705200195,102.7917938232422,119.33999633789062,213.85177612304688
2017-06-19,34.16914367675781,47.7512321472168,152.41111755371094,71.443115234375,117.99231719970705,23.245258331298828,22.14731216430664,51.993255615234375,128.78887939453125,58.3914680480957,16.599407196044922,102.64533233642578,118.43000030517578,215.63214111328125
2017-06-20,33.85860061645508,47.41505813598633,151.79296875,70.99696350097656,117.8389663696289,23.483169555664062,22.159046173095703,51.10536575317383,125.79271697998048,58.07399368286133,16.492761611938477,103.56465911865234,118.18000030517578,214.1779022216797
2017-06-21,34.05940628051758,47.854976654052734,153.44798278808594,70.67250061035156,118.00192260742188,23.70708274841309,22.3643856048584,51.19074249267578,124.22760009765624,57.46016311645508,16.275190353393555,103.77618408203124,118.5199966430664,214.12501525878903
2017-06-22,34.00336456298828,47.737266540527344,152.9394989013672,70.59137725830078,118.19364166259766,23.833038330078125,22.15317726135254,50.80654525756836,123.19906616210938,57.20615768432617,16.25385856628418,104.00398254394533,118.91999816894533,214.02810668945312
2017-06-23,34.155128479003906,48.161224365234375,154.60450744628906,70.46159362792969,118.8742218017578,23.910009384155277,21.95370101928711,51.06267547607422,123.2885284423828,57.58009338378906,16.189870834350586,103.95516204833984,119.43000030517578,214.28366088867188
2017-06-26,34.047725677490234,47.496856689453125,153.1289520263672,70.76984405517578,118.40452575683594,23.81903839111328,22.14731216430664,50.91754150390625,123.46741485595705,57.319034576416016,16.275190353393555,104.34568786621094,118.36000061035156,214.4247131347656
2017-06-27,33.55973815917969,46.25291061401367,150.12799072265625,71.42691040039062,117.65680694580078,23.630111694335938,22.296911239624023,50.33698272705078,121.67868041992188,57.22732162475586,16.083213806152344,103.2311019897461,118.80999755859376,212.697265625
2017-06-28,34.050052642822266,46.9093017578125,152.77999877929688,72.86275482177734,119.64110565185548,23.61611557006836,22.44358253479004,50.52481460571289,121.09730529785156,57.523658752441406,16.18560028076172,102.88941192626952,118.9000015258789,214.6009826660156
2017-06-29,33.54804992675781,45.777076721191406,150.58660888671875,73.941650390625,116.477783203125,23.53215217590332,22.273447036743164,49.82472229003906,120.82899475097656,56.93803787231445,16.04908561706543,102.02706146240234,118.31999969482422,212.7149353027344
2017-06-30,33.62744140625,45.32518768310547,150.5267791748047,74.14447021484375,116.42024993896484,23.5041618347168,22.200109481811523,49.78205490112305,120.78431701660156,56.95919799804688,16.096010208129883,101.7911376953125,118.0199966430664,213.11151123046875
2017-07-03,33.50603103637695,44.82492065429688,147.98443603515625,75.6534652709961,115.77799224853516,23.665102005004883,22.10624122619629,49.73081970214844,122.75189971923828,57.92581558227539,16.25812339782715,101.4634246826172,116.08999633789062,213.47286987304688
2017-07-05,33.64378356933594,45.47382354736328,149.88870239257812,76.4120101928711,117.14167785644533,23.53914451599121,22.094505310058597,49.46616744995117,122.30472564697266,57.04388427734375,16.262393951416016,101.48789978027344,116.5199966430664,213.9664001464844
2017-07-06,33.32624053955078,45.22343826293945,148.373291015625,76.16731262207031,116.00847625732422,23.245258331298828,22.138505935668945,49.175880432128906,117.6540298461914,56.5288200378418,16.135997772216797,100.64818572998048,116.47000122070312,212.009765625
2017-07-07,33.664794921875,45.81698226928711,150.98541259765625,76.55069732666016,117.35294342041016,23.33622360229492,22.09744071960449,49.551544189453125,116.93851470947266,56.59938049316406,16.049196243286133,100.04491424560548,115.27999877929688,213.38465881347656
2017-07-10,33.87027359008789,46.32622909545898,153.03921508789062,76.01234436035156,117.86193084716795,23.378210067749023,21.481426239013672,49.35517883300781,116.44660186767578,56.55704879760742,15.984097480773926,100.19163513183594,115.47000122070312,213.61387634277344
2017-07-11,33.980010986328125,46.39057540893555,154.8039093017578,75.71870422363281,119.30243682861328,23.21027374267578,21.55182647705078,49.4320182800293,117.9670639038086,56.867488861083984,15.88427734375,100.36286926269533,115.62000274658205,213.4551696777344
2017-07-12,34.029048919677734,47.07588958740234,158.42300415039062,75.45767974853516,120.3107681274414,23.245258331298828,21.689697265625,49.97841644287109,118.86141967773438,57.12147903442383,15.984097480773926,101.05577850341795,116.02999877929688,215.0592803955078
2017-07-13,34.503028869628906,47.24198532104492,158.7819061279297,75.9389419555664,120.49324798583984,23.287240982055664,22.01530265808105,49.8418083190918,119.8004913330078,57.128536224365234,15.715020179748535,100.41989135742188,115.81999969482422,215.42062377929688
2017-07-14,34.799564361572266,47.68239974975586,159.4897918701172,75.24562072753906,121.97216033935548,23.39219856262207,22.39371681213379,50.16624069213867,119.7557601928711,57.34725570678711,15.75407600402832,100.54220581054688,116.7699966430664,216.42539978027344
2017-07-17,34.92098617553711,47.55421829223633,159.25051879882812,74.54412841796875,122.37548065185548,23.26624870300293,22.40252494812012,49.79912567138672,119.93463134765624,57.050926208496094,15.793137550354004,100.81936645507812,117.29000091552734,216.3989105224609
2017-07-18,35.04239273071289,48.15174865722656,162.37112426757812,74.28311157226562,122.6635971069336,23.34322166442871,22.352651596069336,49.69667434692383,120.24768829345705,56.867488861083984,15.619537353515623,101.69981384277344,118.11000061035156,216.51351928710935
2017-07-19,35.26188659667969,48.42557144165039,163.6472930908203,74.38916778564453,122.96129608154295,23.52515411376953,22.25584602355957,49.611305236816406,120.47129821777344,57.04388427734375,15.680296897888184,101.74060821533205,118.08000183105467,217.6857452392578
2017-07-20,35.10310745239258,48.28891372680664,164.0360870361328,74.38916778564453,123.37425231933594,23.469173431396484,22.29984664916992,49.542999267578125,119.35327911376952,57.050926208496094,15.849559783935549,102.03406524658205,118.23999786376952,217.78268432617188
2017-07-21,35.086761474609375,48.52682495117188,163.9364013671875,74.13630676269531,124.14250183105467,23.42718505859375,22.337980270385746,49.50029754638672,115.8652801513672,56.5288200378418,15.845219612121582,102.46615600585938,119.26000213623048,217.5887451171875
2017-07-24,35.51171875,48.896915435791016,165.50167846679688,74.45441436767578,124.3826141357422,23.315231323242188,22.55504989624023,49.53445816040039,113.7187728881836,56.35244369506836,15.72370147705078,102.06666564941406,119.30999755859376,217.53591918945312
2017-07-25,35.66349029541016,47.418548583984375,164.78384399414062,75.69422912597656,124.82435607910156,23.16128921508789,23.03319931030273,49.9869499206543,113.7635269165039,56.63463592529297,15.7193603515625,100.73784637451172,118.91999816894533,218.0647125244141
2017-07-26,35.83159637451172,47.273902893066406,165.1128692626953,74.98461151123047,125.79425048828124,23.01434326171875,23.144678115844727,49.46616744995117,114.43429565429688,56.70520782470703,16.5048885345459,100.90089416503906,119.87999725341795,218.07351684570312
2017-07-27,35.15447235107422,46.59008407592773,169.92835998535156,74.67465209960938,123.8160171508789,23.091318130493164,23.402812957763672,50.79801177978515,115.32865142822266,57.02976608276367,17.10380744934082,100.40359497070312,119.79000091552734,217.87081909179688
2017-07-28,34.9069709777832,46.96117401123047,171.93234252929688,74.45441436767578,122.83645629882812,23.196269989013672,23.41161155700684,46.10239791870117,114.16598510742188,56.16194152832031,16.925872802734375,100.9987335205078,120.69000244140624,217.61520385742188
2017-07-31,34.72719192504883,46.41102600097656,168.74192810058594,74.8785629272461,122.7308349609375,23.203271865844727,23.46442031860352,46.08531951904297,114.5237274169922,56.47238159179688,16.925872802734375,101.12102508544922,120.75,217.4918212890625
2017-08-01,35.0353889465332,46.42748260498047,169.35011291503906,75.88185119628906,124.35381317138672,23.14729118347168,23.614023208618164,46.72562789916992,113.7635269165039,56.564090728759766,16.873790740966797,101.8310089111328,120.6500015258789,217.9765625
2017-08-02,36.69085311889648,46.40553665161133,168.79177856445312,75.94708251953125,125.42937469482422,23.26034545898437,23.622817993164062,47.3232421875,114.12126159667967,56.867488861083984,16.609054565429688,101.88815307617188,120.4000015258789,218.08233642578125
2017-08-03,36.32426071166992,46.0693588256836,168.08392333984375,75.44954681396484,124.7379379272461,23.62069702148437,23.722557067871097,47.53668594360352,115.19449615478516,56.78987503051758,16.613391876220703,102.94210815429688,120.58999633789062,217.65924072265625
2017-08-04,36.51572799682617,46.28433227539063,169.11080932617188,76.3957290649414,124.67072296142578,23.769079208374023,23.608152389526367,47.331787109375,115.28394317626952,56.59233093261719,16.678489685058594,102.06793975830078,119.6500015258789,218.05589294433597
2017-08-07,37.08078002929688,46.35416030883789,171.46372985839844,76.68934631347656,125.20849609375,23.535913467407227,23.84282112121582,47.49401092529297,114.61315155029295,56.55704879760742,16.717554092407227,102.18228912353516,119.51000213623048,218.4613494873047
2017-08-08,37.37732696533203,46.22597503662109,170.71600341796875,76.4120101928711,124.68988800048828,23.51470947265625,23.933761596679688,46.75646209716797,114.30014038085938,56.41595077514648,16.648109436035156,101.81466674804688,119.86000061035156,217.92367553710935
2017-08-09,37.60614013671875,46.03195190429688,170.6661376953125,76.28968811035156,124.57463836669922,23.634828567504883,24.090211868286133,46.08753967285156,114.97090911865234,56.59233093261719,16.648109436035156,102.37023162841795,121.30999755859376,217.9148712158203
2017-08-10,36.40830993652344,45.25087356567383,166.89747619628906,75.1966781616211,122.60598754882812,23.61363410949707,23.80978202819824,45.512943267822266,113.137451171875,56.25749588012695,16.574329376220703,103.24441528320312,122.20999908447266,214.83889770507807
2017-08-11,36.91463851928711,45.60749816894531,167.57545471191406,74.56859588623047,123.45108795166016,23.493513107299805,23.73303604125977,45.60728073120117,112.69026947021484,55.716094970703125,16.53527069091797,103.29339599609376,122.79000091552734,215.15621948242188
2017-08-14,37.470176696777344,46.02048110961914,170.23744201660156,75.44136810302734,125.89031219482422,23.535913467407227,23.821590423583984,45.64158248901367,113.40577697753906,55.73034286499024,16.7088680267334,102.7623519897461,121.91999816894533,217.2891082763672
2017-08-15,37.88039016723633,45.9980354309082,170.4866943359375,75.63713073730469,126.36087799072266,23.58536720275879,23.842248916625977,45.58155059814453,112.42194366455078,55.59496688842773,16.561309814453125,102.32936096191406,120.9800033569336,217.2626495361328
2017-08-16,37.728023529052734,46.23445510864258,169.4897003173828,75.11510467529297,127.11954498291016,23.571239471435547,23.90424346923828,45.8817024230957,112.2430648803711,55.18891525268555,16.591693878173828,102.7051773071289,121.87000274658205,217.6416473388672
2017-08-17,37.00370407104492,45.43741607666016,166.40896606445312,73.94053649902344,125.6886749267578,23.28154563903809,23.52639961242676,45.48721694946289,110.67794036865234,54.32691955566406,16.318269729614258,103.47315216064452,122.48999786376952,214.2484436035156
2017-08-18,36.91932678222656,45.42195129394531,166.907470703125,74.01394653320312,125.93834686279295,23.083703994750977,23.411283493041992,45.19563293457031,109.78357696533205,54.597618103027344,16.21845817565918,103.4486312866211,122.3000030517578,213.9134979248047
2017-08-21,36.851348876953125,45.22194290161133,167.27635192871094,73.92422485351562,126.70660400390624,23.147294998168945,23.52935218811035,45.58155059814453,109.5152816772461,54.41239929199219,16.309589385986328,103.7019271850586,122.76000213623048,214.0809631347656
2017-08-22,37.45377349853515,46.121238708496094,169.13076782226562,74.68280792236328,128.49282836914062,23.422853469848636,23.62086296081543,46.696434020996094,110.0071792602539,54.66886901855469,16.483192443847656,103.30158996582033,122.20999908447266,216.3196258544922
2017-08-23,37.50066375732422,46.2364501953125,168.20355224609375,74.77252960205078,127.79180908203124,23.486448287963867,23.603147506713867,46.379127502441406,109.06808471679688,54.57624816894531,16.457151412963867,104.00421142578124,122.66999816894533,215.5440216064453
2017-08-24,37.334228515625,45.951148986816406,167.23648071289062,74.65016174316406,127.6861572265625,23.479379653930664,23.12494659423828,46.2590446472168,108.6656494140625,54.37679672241211,16.35299301147461,103.62022399902344,122.29000091552734,215.0416412353516
2017-08-25,37.4725341796875,45.68231201171875,165.8207244873047,74.95197296142578,127.48445129394533,23.592435836791992,23.21055221557617,46.61924743652344,109.5152816772461,54.654632568359375,16.487531661987305,104.0205078125,122.73999786376952,215.5440216064453
2017-08-28,37.84992599487305,45.57856750488281,166.73797607421875,74.71542358398438,128.5408935546875,23.648962020874023,23.03344345092773,46.65354919433594,109.42583465576172,54.47652053833008,16.46583366394043,103.9551773071289,124.69000244140624,215.55284118652344
2017-08-29,38.18746566772461,45.9516487121582,167.5455322265625,74.30760192871094,128.53125,23.67015647888184,23.25187873840332,46.396278381347656,109.29168701171876,54.462284088134766,16.426769256591797,104.2901611328125,124.41999816894533,215.7996063232422
2017-08-30,38.29061508178711,46.36463928222656,169.40992736816406,74.47887420654297,128.49282836914062,23.634828567504883,23.183982849121097,46.75646209716797,108.57618713378906,54.21293258666992,16.348651885986328,104.2574691772461,124.36000061035156,216.8219757080078
2017-08-31,38.44297409057617,46.8514404296875,171.4537811279297,74.13630676269531,128.0126953125,23.966917037963867,23.045249938964844,47.04804992675781,109.78357696533205,54.37679672241211,16.25751495361328,104.5679168701172,125.81999969482422,218.1264190673828
2017-09-01,38.45469284057617,46.7521858215332,171.50363159179688,74.79698181152344,127.9550323486328,23.995180130004883,23.13380622863769,47.10807800292969,112.42194366455078,54.54776382446289,16.266197204589844,103.76810455322266,126.05999755859376,218.43484497070312
2017-09-05,37.99290466308594,46.30877685546875,170.20753479003906,73.01066589355469,127.39800262451172,23.882123947143555,23.55592155456543,47.27959442138672,110.67794036865234,54.98231506347656,16.096933364868164,105.41362762451172,127.45999908447266,216.86607360839844
2017-09-06,37.95305633544922,46.276851654052734,171.5734100341797,73.50006866455078,127.61895751953124,24.01638412475586,23.638574600219727,46.57636642456055,111.43815612792967,56.12215042114258,15.871254920959473,104.76688385009766,126.80999755859376,217.60638427734372
2017-09-07,37.80068588256836,46.68285751342773,172.69004821777344,72.2113037109375,131.1145477294922,24.01638412475586,23.65038108825684,45.85597610473633,107.41350555419922,56.30023956298828,15.450277328491213,105.83937072753906,128.1300048828125,217.57992553710935
2017-09-08,37.1842041015625,46.21151351928711,170.43682861328125,72.12159729003906,131.77720642089844,24.09410095214844,23.284347534179688,45.873138427734375,106.51912689208984,56.150634765625,15.445940017700195,105.61011505126952,127.97000122070312,217.3243408203125
2017-09-11,37.85694122314453,46.34019470214844,172.9891357421875,73.23905944824219,136.35800170898438,24.249542236328125,23.3433895111084,46.327667236328125,106.07196044921876,56.45696258544922,15.511038780212402,104.34933471679688,126.19000244140624,219.64231872558597
2017-09-12,37.706939697265625,46.48933410644531,172.44081115722656,74.13630676269531,136.7709197998047,24.9914493560791,23.49983787536621,45.916015625,106.92159271240234,56.635047912597656,15.736719131469728,103.80085754394533,126.55999755859376,220.3826904296875
2017-09-13,37.423282623291016,46.63996505737305,172.53053283691406,74.3483657836914,134.54295349121094,24.77240753173828,23.57363510131836,46.5592155456543,107.81594848632812,56.827396392822266,15.862581253051758,103.3914794921875,125.61000061035156,220.4884490966797
2017-09-14,37.102149963378906,46.142181396484375,170.44680786132812,74.20154571533203,135.8585968017578,25.245811462402344,23.52049827575684,46.76502990722656,108.48676300048828,57.05537414550781,15.762755393981934,103.81721496582033,126.16000366210938,220.41786193847656
2017-09-15,37.47721481323242,45.90177154541016,171.124755859375,74.73174285888672,135.96424865722656,24.9843807220459,23.72712516784668,46.885101318359375,108.08025360107422,57.0411262512207,16.101272583007812,103.85811614990234,125.52999877929688,220.71463012695312
2017-09-18,37.19357299804688,45.63792037963867,169.49964904785156,75.79212188720703,135.7913360595703,25.118629455566406,23.614959716796875,46.90225982666016,110.4740219116211,57.05537414550781,16.240154266357422,103.26048278808594,124.36000061035156,221.18408203125
2017-09-19,37.2076416015625,45.97758483886719,172.0021209716797,76.62409210205078,136.83816528320312,25.047975540161133,23.629714965820312,46.84222030639648,109.29972076416016,57.14798355102539,16.5830078125,103.00669860839844,124.62000274658205,221.40550231933597
2017-09-20,36.58411407470703,46.46488952636719,171.65316772460938,77.16244506835938,136.59803771972656,25.429519653320312,23.76255226135254,47.29676055908203,109.8416976928711,57.383079528808594,16.678489685058594,103.08038330078124,123.62000274658205,221.48524475097656
2017-09-21,35.95589828491211,46.50828552246094,170.5963592529297,77.51319122314453,136.09864807128906,25.415393829345703,23.61791610717773,47.17667770385742,111.78376770019533,56.91288375854492,16.58734703063965,103.02307891845705,122.68000030517578,220.89178466796875
2017-09-22,35.60429000854492,46.31275939941406,170.02806091308594,77.35005950927734,136.261962890625,25.408323287963867,23.47622299194336,47.245304107666016,112.3258056640625,56.93427658081055,16.7479305267334,103.31778717041016,123.23999786376952,220.9360809326172
2017-09-25,35.2901725769043,45.935691833496094,162.38108825683594,76.77091979980469,133.0736846923828,25.09036445617676,23.36405372619629,47.1252326965332,113.40972900390624,57.68940734863281,16.977947235107422,103.9645538330078,124.52999877929688,220.48434448242188
2017-09-26,35.89729690551758,46.12971496582031,163.71707153320312,76.42831420898438,132.88156127929688,24.941987991333008,23.43489646911621,47.27959442138672,112.59674835205078,57.62527847290039,16.804346084594727,103.77625274658205,123.13999938964844,220.6171722412109
2017-09-27,36.152793884277344,47.10881042480469,167.17665100097656,77.63555145263672,134.12998962402344,25.047975540161133,23.405378341674805,47.15953826904297,110.06754302978516,58.00998306274414,16.826051712036133,102.21255493164062,121.9800033569336,221.47634887695312
2017-09-28,35.930118560791016,47.35869598388672,168.22349548339844,77.79865264892578,134.63894653320312,25.15395736694336,23.305015563964844,46.73931884765625,109.4803695678711,58.551387786865234,16.943227767944336,101.90965270996094,122.20999908447266,221.74205017089844
2017-09-29,36.12702178955078,47.83802032470703,170.35707092285156,77.90470123291016,135.59933471679688,25.224613189697266,23.06591033935547,46.061798095703125,109.2093734741211,58.40180206298828,16.999645233154297,102.13890838623048,121.58000183105467,222.52149963378903
2017-10-02,36.05434799194336,47.54673767089844,168.96128845214844,78.98954010009766,136.19473266601562,25.486047744750977,23.157413482666016,46.14756774902344,110.97081756591795,58.152469635009766,16.973604202270508,101.95187377929688,120.7699966430664,223.4869842529297
2017-10-03,36.21140670776367,47.77217864990234,169.44981384277344,79.4055404663086,137.34713745117188,25.5355167388916,23.38471412658691,46.30194091796875,112.0096206665039,58.24507141113281,17.134187698364258,102.05029296875,120.83000183105467,223.9652404785156
2017-10-04,35.97700500488281,47.46742630004883,167.9144287109375,78.5980224609375,136.45401000976562,25.408323287963867,23.346336364746097,46.25048065185547,110.56433868408205,58.26642990112305,17.142866134643555,102.05847930908205,121.16999816894533,224.23098754882807
2017-10-05,36.424713134765625,48.379188537597656,170.72596740722656,79.65636444091797,138.26220703125,25.436586380004883,23.44079971313477,46.82506942749024,110.8353271484375,58.43027877807617,17.147205352783203,101.6729736328125,120.5199966430664,225.55960083007807
2017-10-06,36.40361785888672,48.8245964050293,171.71298217773438,79.51691436767578,138.041015625,25.47192001342773,23.31977081298828,47.31390380859375,110.15784454345705,58.209449768066406,17.02752685546875,101.38581848144533,121.08999633789062,225.3026580810547
2017-10-09,36.53019714355469,48.73032379150391,171.98216247558594,79.0984878540039,139.03167724609375,25.5355167388916,23.771404266357425,47.18527221679688,105.82200622558594,58.43741226196289,16.89956283569336,101.70575714111328,122.08000183105467,224.93069458007807
2017-10-10,36.54426956176758,48.510868072509766,171.0749053955078,79.6891860961914,140.0896759033203,25.71921157836914,24.83407592773437,47.52830505371094,105.50584411621094,58.60127639770508,16.987812042236328,101.86984252929688,122.4000015258789,225.52415466308597
2017-10-11,36.69663238525391,49.34132766723633,172.22146606445312,79.45126342773438,141.24388122558594,25.754541397094727,25.306381225585938,47.71697998046875,104.196044921875,58.84346389770508,16.851028442382812,102.06671905517578,122.79000091552734,225.87843322753903
2017-10-12,36.56771087646485,49.27050018310547,172.0320281982422,78.75389099121094,141.1381072998047,25.683887481689453,25.41560173034668,47.99998474121094,104.10572052001952,58.72237396240234,15.822936058044434,102.50148010253906,122.88999938964844,225.54185485839844
2017-10-13,36.79977035522461,49.36277389526367,173.2184600830078,78.64726257324219,141.71519470214844,25.67681884765625,25.569095611572266,47.78559112548828,103.78956604003906,58.7081298828125,15.752334594726562,103.23980712890624,123.81999969482422,225.81642150878903
2017-10-16,37.47721481323242,49.47848892211914,173.99610900878906,80.27172088623047,140.63792419433594,25.422456741333008,25.30933380126953,47.09092712402344,105.50584411621094,58.993072509765625,15.959716796875,103.16595458984376,122.97000122070312,226.11756896972656
2017-10-17,37.61551284790039,49.48746871948242,175.5813446044922,80.0912094116211,140.35897827148438,25.577903747558597,25.38017845153809,46.74788665771485,104.738037109375,59.09993743896485,15.98618984222412,103.2972183227539,122.12999725341795,226.2770233154297
2017-10-18,37.4490852355957,49.518890380859375,175.50157165527344,80.394775390625,140.609130859375,25.31646728515625,25.45102310180664,47.34820938110352,104.421875,58.95745468139648,15.756746292114258,102.61634063720705,121.66999816894533,226.4984893798828
2017-10-19,36.56302261352539,49.10191345214844,174.03599548339844,80.49324035644531,139.4452667236328,25.606163024902344,25.50415802001953,47.51116180419922,106.4994659423828,58.94319534301758,15.747922897338867,102.79682159423828,122.38999938964844,226.5604248046875
2017-10-20,36.626312255859375,49.2889518737793,174.45474243164062,81.64183807373047,139.83001708984375,25.733348846435547,25.811147689819336,46.79934310913086,107.62862396240234,59.20680236816406,15.68173599243164,101.70575714111328,121.61000061035156,227.72955322265625
2017-10-23,36.60755920410156,48.30387496948242,170.75587463378906,81.50235748291016,140.0030975341797,25.71921157836914,26.1683292388916,46.54207229614258,100.80867004394533,59.29941940307617,15.553772926330566,101.88626861572266,121.8000030517578,226.8438415527344
2017-10-24,36.8255500793457,48.40811538696289,171.28428649902344,82.79864501953125,140.23394775390625,25.62736320495605,25.97054672241211,46.55064010620117,98.86656951904295,59.46325302124024,15.381693840026855,101.25454711914062,121.33000183105467,227.24246215820312
2017-10-25,36.66381072998047,48.54727554321289,170.087890625,82.88070678710938,140.6571502685547,25.549638748168945,26.118146896362305,46.447731018066406,97.1051254272461,59.24952697753906,14.777189254760742,100.77057647705078,121.3499984741211,226.11756896972656
2017-10-26,36.89821243286133,48.50886917114258,170.1177978515625,83.47140502929688,140.99378967285156,25.25287818908691,26.15947151184082,47.09092712402344,96.29215240478516,59.46325302124024,14.861024856567385,100.43428802490234,120.33000183105467,226.4098358154297
2017-10-27,38.22028732299805,50.83864974975586,177.3460235595703,83.49604034423828,142.8501434326172,25.15395736694336,26.026634216308597,47.06520462036133,93.89836883544922,59.63423538208008,14.988984107971191,101.09872436523438,120.9000015258789,228.2610321044922
2017-10-30,39.08055877685547,50.73091506958008,179.33004760742188,83.20068359375,143.26368713378906,24.835996627807617,25.6665096282959,47.31390380859375,92.18211364746094,59.51312255859375,14.799251556396484,102.06671905517578,121.12999725341795,227.41075134277344
2017-10-31,39.62438583374024,50.70747375488281,179.5194854736328,82.54434967041016,143.09059143066406,24.77240753173828,25.772777557373047,47.03089141845703,91.05298614501952,59.377777099609375,14.84778881072998,102.09955596923828,120.66999816894533,227.76499938964844
2017-11-01,39.12042236328125,51.14938735961914,182.11167907714844,82.79864501953125,143.2060089111328,24.913724899291992,25.9587459564209,47.27959442138672,90.4206771850586,59.74820327758789,14.80366325378418,102.55413055419922,121.11000061035156,228.066162109375
2017-11-02,39.40639877319336,51.15337371826172,178.38290405273438,83.34835815429688,142.5904541015625,25.05503845214844,26.21260643005371,47.0566291809082,90.05934143066406,59.50599670410156,14.635993003845217,103.0063247680664,121.19000244140624,228.15475463867188
2017-11-03,40.43545150756836,51.49753189086914,178.38290405273438,83.20068359375,143.5907440185547,25.118629455566406,26.47237205505371,48.05144500732422,90.9626693725586,59.25666046142578,14.693354606628418,103.2857894897461,120.62000274658205,228.91650390625
2017-11-06,40.84566116333008,51.16933822631836,179.629150390625,82.68383026123047,144.36019897460938,24.95612144470215,26.183088302612305,48.51454925537109,90.91748046875,59.662723541259766,14.499205589294434,103.6721420288086,121.6500015258789,229.27078247070312
2017-11-07,40.97692489624024,51.5399284362793,179.70892333984375,81.01832580566406,144.24481201171875,24.9843807220459,26.256879806518555,49.071998596191406,91.27880096435548,59.54161834716797,14.591869354248049,104.1078643798828,121.20999908447266,229.111328125
2017-11-08,41.312137603759766,51.86512756347656,179.02098083496094,80.10762786865234,144.24481201171875,24.97024917602539,26.64357566833496,49.66373062133789,90.87232971191406,59.46325302124024,14.755130767822266,103.8776626586914,121.62999725341795,229.5010223388672
2017-11-09,41.22774887084961,51.43667984008789,178.76177978515625,80.09941101074219,143.5907440185547,25.09859085083008,26.65538787841797,49.19205856323242,90.28518676757812,59.819454193115234,15.002224922180176,103.58173370361328,122.12999725341795,228.66845703125
2017-11-10,41.091304779052734,51.27756881713867,177.92430114746094,80.00096893310547,143.83119201660156,25.084333419799805,26.838401794433597,48.9176139831543,92.54344940185548,59.63251495361328,15.09929656982422,102.01982879638672,121.12999725341795,228.5975799560547
2017-11-13,40.92663192749024,51.1618537902832,178.23336791992188,80.28812408447266,143.97549438476562,25.169898986816406,26.85906410217285,48.57457733154297,85.90416717529297,59.59655380249024,15.077234268188477,102.2335205078125,121.30999755859376,228.8101501464844
2017-11-14,40.30791091918945,51.17432403564453,177.5354766845703,79.80404663085938,144.22555541992188,25.226938247680664,26.88858222961425,48.82329559326172,80.84567260742188,59.12922668457031,14.878676414489746,102.92405700683594,121.55999755859376,228.2787628173828
2017-11-15,39.7762451171875,50.920448303222656,177.4158172607422,80.55884552001953,142.66741943359375,25.21267890930176,26.516647338867188,48.88364028930664,82.47162628173828,58.38867568969727,14.918389320373535,104.04212951660156,121.41000366210938,227.13616943359372
2017-11-16,40.25146865844727,51.49852752685547,179.05088806152344,80.78858947753906,144.59100341796875,25.355283737182617,29.40652847290039,49.34920120239258,82.42644500732422,57.921329498291016,15.231667518615724,103.13780975341795,121.4000015258789,229.0670166015625
2017-11-17,40.0279655456543,50.82966995239258,178.46266174316406,80.51786804199219,143.3310546875,25.21981430053711,28.771873474121097,49.08193588256836,82.24577331542969,57.6912727355957,15.227255821228027,103.90232849121094,122.86000061035156,228.39389038085935
2017-11-20,39.98797225952149,50.79425811767578,178.20346069335938,81.23162841796875,143.85043334960938,25.205547332763672,28.774826049804688,48.97846984863281,81.20699310302734,57.91415023803711,15.28462028503418,103.86121368408205,121.30999755859376,228.7836151123047
2017-11-21,40.73136520385742,51.59778594970703,181.3140869140625,81.16600036621094,146.6878204345703,25.34103012084961,28.49145126342773,49.36643600463867,80.5295181274414,58.14420318603515,15.147834777832031,104.1900634765625,121.51000213623048,230.2804412841797
2017-11-22,41.15952301025391,51.67110443115234,180.3270568847656,80.92805480957031,145.4759521484375,25.26258850097656,28.458972930908203,49.26298904418945,81.97476959228516,58.3095932006836,15.38610553741455,104.52711486816406,122.62999725341795,230.07684326171875
2017-11-24,41.16188430786133,51.90303421020508,182.23130798339844,80.66552734375,146.90899658203125,25.305376052856445,28.52096939086914,48.9698486328125,82.15546417236328,58.53965759277344,15.35962963104248,104.23937225341795,122.31999969482422,230.60818481445312
2017-11-27,40.9548454284668,52.58136749267578,182.48057556152344,80.34555053710938,147.13023376464844,25.305376052856445,28.52096939086914,48.202545166015625,81.83929443359375,58.31678771972656,15.30226707458496,104.09141540527344,122.83000183105467,230.4930419921875
2017-11-28,40.71489715576172,52.2421989440918,181.87240600585932,83.15965270996094,148.3037109375,25.56206512451172,28.56524658203125,48.8491439819336,83.14909362792969,58.71940612792969,15.62878704071045,104.23117065429688,122.80999755859376,232.8314208984375
2017-11-29,39.8703498840332,50.95785903930664,174.6042938232422,85.10411071777344,142.68663024902344,25.81874656677246,28.79844093322754,49.58197021484375,83.46524047851562,59.15079116821289,16.09650230407715,103.20354461669922,122.04000091552734,232.68966674804688
2017-11-30,40.42789459228515,50.94538879394531,176.64813232421875,85.75223541259766,144.7257080078125,25.85440444946289,28.70103073120117,49.8492431640625,82.60709381103516,59.88415145874024,16.052377700805664,102.85829162597656,121.0999984741211,234.72683715820312
2017-12-01,40.23970413208008,50.384761810302734,174.5743865966797,85.9737548828125,143.97549438476562,25.91858291625977,28.7364559173584,49.41817092895508,80.75534057617188,60.00639343261719,16.105331420898438,104.2462921142578,121.58999633789062,234.23971557617188
2017-12-04,39.94563293457031,49.811668395996094,170.9552764892578,87.74590301513672,137.95443725585938,25.711803436279297,28.636091232299805,50.65966033935547,81.07147979736328,60.0854721069336,16.445085525512695,104.29574584960938,121.18000030517578,233.9563140869141
2017-12-05,39.907989501953125,50.13438034057617,172.3112030029297,86.73675537109375,139.589599609375,25.405197143554688,28.87814140319824,51.15969467163086,80.21334838867188,59.59655380249024,16.127391815185547,104.81472778320312,120.31999969482422,233.1148223876953
2017-12-06,39.7597885131836,50.79425811767578,175.53147888183594,86.08863067626953,141.7921600341797,25.355283737182617,28.71578788757324,51.10797119140625,79.76170349121094,59.157997131347656,15.93324375152588,105.17719268798828,120.06999969482422,233.1591339111328
2017-12-07,39.832706451416016,51.420223236083984,179.5992431640625,85.83428955078125,143.74465942382812,25.312509536743164,28.7187614440918,50.98727416992188,79.98754119873047,59.35211944580078,15.959716796875,104.35342407226562,118.48999786376952,233.8942413330078
2017-12-08,39.84447860717773,51.7254753112793,178.46266174316406,86.9090576171875,144.16783142089844,25.483631134033203,28.65050506591797,50.53033447265625,79.98754119873047,59.43119430541992,16.206811904907227,104.36164855957033,118.4800033569336,235.16973876953125
2017-12-11,40.62079620361328,51.92747497558594,178.50254821777344,86.65472412109375,145.12005615234375,25.81874656677246,28.763267517089844,50.92692184448242,79.7165298461914,59.69721221923828,16.28182601928711,104.14747619628906,118.01000213623048,235.8783416748047
2017-12-12,40.39260482788086,51.89654922485352,176.42880249023438,87.66386413574219,146.67819213867188,26.08256721496582,28.695018768310547,51.09934616088867,80.89080810546875,59.50308990478515,16.811317443847656,104.10627746582033,118.1500015258789,236.29461669921875
2017-12-13,40.52669525146485,51.90303421020508,177.7647705078125,86.56446838378906,145.89913940429688,26.125354766845703,29.00956153869629,51.289024353027344,80.21334838867188,59.761940002441406,16.78484344482422,104.88888549804688,119.16999816894533,236.2680511474609
2017-12-14,40.51494598388672,52.32898712158203,177.85450744628906,85.86710357666016,146.1299591064453,25.99701499938965,28.82261657714844,51.47006607055664,79.67134857177734,59.603763580322266,16.652469635009766,105.3336944580078,118.93000030517578,235.30259704589844
2017-12-15,40.92663192749024,53.07914733886719,179.6391143798828,87.08135223388672,147.5438232421875,26.52464485168457,28.81667900085449,50.25445556640625,80.4843521118164,59.69721221923828,16.873088836669922,105.7291030883789,119.18000030517578,237.2620391845703
2017-12-18,41.50298309326172,53.725059509277344,180.2772216796875,87.75411224365234,147.27456665039062,26.47473907470703,29.05111122131348,50.03028106689453,80.21334838867188,59.63251495361328,16.97016143798828,104.76531219482422,119.7300033569336,238.7665557861328
2017-12-19,41.06071090698242,53.4028549194336,178.9711456298828,87.38492584228516,145.88951110839844,26.339263916015625,29.318185806274418,50.0130500793457,79.44551849365234,59.27301025390625,16.78925323486328,103.40607452392578,119.81999969482422,237.84962463378903
2017-12-20,41.01601791381836,53.1170539855957,177.3560028076172,87.08135223388672,145.66831970214844,25.99701499938965,29.30334091186523,49.77164840698242,78.81322479248047,59.58218383789063,17.009872436523438,102.26107788085938,120.13999938964844,237.7249298095703
2017-12-21,41.17127227783203,53.05121612548828,176.9173126220703,88.46788787841797,144.78341674804688,25.84014129638672,29.09859085083008,49.64233016967773,78.90357208251953,60.28679275512695,17.155485153198242,102.85708618164062,120.30999755859376,238.214599609375
2017-12-22,41.17127227783203,52.87614822387695,176.66806030273438,88.15611267089844,145.0911865234375,25.76884651184082,29.14310073852539,49.40092468261719,79.03905487060547,60.37307357788086,17.18195915222168,102.99742889404295,120.94000244140624,238.1522979736328
2017-12-26,40.12678146362305,52.70756149291992,175.46170043945312,87.80335998535156,145.5048065185547,25.81874656677246,29.42500305175781,49.26298904418945,79.26644134521484,60.3802604675293,17.23491096496582,103.3028335571289,121.7699966430664,237.8673553466797
2017-12-27,40.13384246826172,52.339962005615234,177.08680725097656,87.96742248535156,145.62020874023438,25.904321670532227,29.45467567443848,49.37504959106445,79.0390625,60.32274627685547,17.159896850585938,104.64842224121094,122.2300033569336,237.983154296875
2017-12-28,40.24674224853515,52.27861404418945,177.3859100341797,88.43506622314453,145.97607421875,25.93284034729004,29.496217727661133,49.840614318847656,78.94808959960938,60.40902328491211,17.287858963012695,104.55760955810548,122.8499984741211,238.4728546142578
2017-12-29,39.81153869628906,52.19182586669922,175.9302978515625,87.73770141601562,145.58177185058594,25.82588195800781,29.30334091186523,49.51300430297851,79.35739135742188,60.13580703735352,17.155485153198242,104.72273254394533,123.6500015258789,237.5736541748047
2018-01-02,40.52435302734375,53.11954879760742,180.8753967285156,88.56633758544922,146.11077880859375,25.98275184631348,29.255861282348636,49.68543243408203,81.7676773071289,61.13520431518555,17.005460739135742,103.59180450439452,125.1500015258789,239.27392578125
2018-01-03,40.51728820800781,53.99140930175781,184.1156463623047,88.65660858154297,147.9478302001953,26.175268173217773,29.51106071472168,50.616546630859375,82.540771484375,62.33589553833008,16.612754821777344,104.0871124267578,124.81999969482422,240.7874298095703
2018-01-04,40.70549392700195,54.18692398071289,183.77667236328125,89.92665100097656,149.86183166503906,26.23231315612793,29.537769317626957,50.80622100830078,84.26890563964844,62.42216491699219,16.767194747924805,104.07058715820312,125.45999908447266,241.8022918701172
2018-01-05,41.168922424316406,54.97648620605469,186.2891082763672,89.349365234375,152.968505859375,26.28221702575684,29.71285057067871,51.39247894287109,84.31439971923828,62.37185287475586,16.828968048095703,103.7733917236328,125.33000183105467,243.4136657714844
2018-01-08,41.01601791381836,55.21141052246094,187.71481323242188,89.48129272460938,153.43089294433594,25.989877700805664,30.152027130126957,51.13383483886719,83.13198852539062,62.65225601196289,16.87750244140625,103.70735168457033,125.30999755859376,243.85890197753903
2018-01-09,41.01131439208984,55.177490234375,187.3060302734375,89.93489837646484,153.65252685546875,25.96136283874512,29.79000473022461,51.021759033203125,84.40535736083984,62.3862419128418,16.833494186401367,102.32052612304688,124.7300033569336,244.41082763671875
2018-01-10,41.00190353393555,54.99544143676758,187.276123046875,90.924560546875,153.99932861328125,26.00413703918457,29.576343536376957,51.573524475097656,86.0879898071289,61.89012908935547,16.44285774230957,102.19668579101562,125.02999877929688,244.03683471679688
2018-01-11,41.23480987548828,55.14058303833008,187.20635986328125,91.41111755371094,155.0204315185547,26.068309783935547,29.68020248413086,51.72871780395508,86.4972915649414,62.50126266479492,16.379995346069336,102.61768341064452,125.44000244140624,245.81741333007807
2018-01-12,41.66061782836914,55.97553253173828,178.83155822753906,92.92037200927734,156.3787384033203,26.05405044555664,29.932432174682617,52.07357406616211,85.31487274169922,62.92546081542969,16.568580627441406,102.79103088378906,126.95999908447266,247.41986083984372
2018-01-16,41.448875427246094,55.95059967041016,177.85450744628906,92.59046936035156,156.3402099609375,26.09683418273925,29.8790283203125,52.21152114868164,82.81365966796875,62.5300178527832,16.48775863647461,103.22029876708984,127.16999816894533,246.57411193847656
2018-01-17,42.13346862792969,56.46034240722656,177.06687927246094,93.18426513671876,158.29579162597656,26.51038932800293,30.47547149658203,52.29772567749024,78.9026107788086,63.27058410644531,16.546131134033203,103.07996368408205,126.13999938964844,248.9243621826172
2018-01-18,42.17109680175781,56.35110855102539,179.26028442382812,93.40694427490234,159.41326904296875,26.374914169311523,30.95026397705078,52.66844940185547,76.26496124267578,62.86075210571289,16.680831909179688,102.12238311767578,125.86000061035156,248.50592041015625
2018-01-19,41.98291397094727,56.73616790771485,180.7457733154297,93.20075225830078,160.7137908935547,26.339263916015625,31.03632545471191,52.81501388549805,73.94562530517578,62.65943145751953,16.707775115966797,101.58580017089844,126.41999816894533,249.6365966796875
2018-01-22,41.63943862915039,57.64892578125,184.81353759765625,94.28938293457033,162.11061096191406,26.33213806152344,31.29152107238769,52.9443473815918,73.53632354736328,63.4503173828125,17.00412368774414,101.68489074707033,126.6500015258789,251.66635131835935
2018-01-23,41.64883804321289,58.35519027709961,188.78160095214844,94.1904296875,161.06057739257812,26.25370216369629,31.425048828125,53.18574142456055,76.81067657470703,63.48626708984375,16.698795318603516,102.12238311767578,127.27999877929688,252.200439453125
2018-01-24,40.98544692993164,58.06939315795898,185.9900054931641,95.39450073242188,160.88714599609375,26.33213806152344,31.39240837097168,52.444297790527344,74.76422119140625,63.65163803100586,16.622459411621094,101.56929779052734,128.8300018310547,252.1026153564453
2018-01-25,40.25381088256836,58.37514114379883,186.9172210693359,95.41922760009766,162.4092559814453,26.546037673950195,31.63277244567871,52.2028923034668,73.5818099975586,63.53659439086914,16.815536499023438,102.4030532836914,127.97000122070312,252.20936584472656
2018-01-26,40.3479118347168,58.6479721069336,189.4296417236328,95.9305648803711,164.09510803222656,27.81523323059082,32.163936614990234,49.99579620361328,73.35443115234375,63.989559173583984,16.98167610168457,102.02332305908205,128.07000732421875,255.12960815429688
2018-01-29,39.51277542114258,58.63500213623047,185.42172241210932,95.83159637451172,162.3707275390625,27.82236099243164,32.50815963745117,49.15953063964844,74.03656005859375,63.27776718139648,16.730226516723633,101.31340026855467,127.3499984741211,253.4380340576172
2018-01-30,39.27985763549805,58.04196166992188,186.55828857421875,94.93264770507812,161.06057739257812,26.952470779418945,31.968095779418945,49.30607986450195,72.53585052490234,62.39340591430664,16.811050415039062,100.71905517578124,126.8000030517578,250.83843994140625
2018-01-31,39.38808441162109,58.35369491577149,186.32899475097656,95.39450073242188,162.80422973632812,26.410568237304688,31.63277244567871,48.97846984863281,73.53632354736328,62.76729965209961,16.815536499023438,101.31340026855467,127.6500015258789,250.96310424804688
2018-02-01,39.47041702270508,58.241966247558594,192.5103759765625,96.38416290283205,166.5901336669922,26.50412368774414,31.31228828430176,48.28013229370117,72.85418701171875,64.0398941040039,17.583351135253906,99.8450927734375,128.07000732421875,250.67819213867188
2018-02-02,37.75778579711914,55.45880126953125,189.7088165283203,94.24813079833984,164.29736328125,26.34579849243164,31.003677368164062,48.08183288574219,71.1260757446289,60.77569961547851,17.093929290771484,98.91862487792967,126.38999938964844,245.2209014892578
2018-02-05,36.814449310302734,52.660675048828125,180.71588134765625,89.72872924804688,158.55589294433594,24.94970703125,29.70096969604492,47.15073013305664,67.80622863769531,57.317378997802734,16.447341918945312,99.85336303710938,126.70999908447266,234.9651641845703
2018-02-06,38.35298156738281,53.89763641357422,184.7537078857422,92.45852661132812,163.0739288330078,25.388687133789062,29.94133758544922,47.94390869140625,69.44341278076172,56.33238220214844,16.53714942932129,99.23294830322266,125.37999725341795,239.5945281982422
2018-02-07,37.53195190429688,52.300559997558594,179.6391143798828,93.0853042602539,162.54412841796875,25.17280006408691,30.51998710632324,47.20709609985352,69.35244750976562,55.31861877441406,16.582050323486328,98.2899169921875,124.79000091552734,238.294677734375
2018-02-08,36.49919891357422,49.95332336425781,171.06494140625,88.96998596191406,154.7314453125,24.201292037963867,29.68020248413086,46.60898971557617,65.71427154541016,54.69311141967773,15.971393585205078,98.1823959350586,124.9800033569336,229.3565673828125
2018-02-09,36.94564056396485,51.76188278198242,175.5813446044922,90.75137329101562,159.14353942871094,24.58269500732422,29.487319946289062,47.31111526489258,67.94267272949219,55.0417366027832,16.186920166015625,97.56198120117188,124.7699966430664,232.8018798828125
2018-02-12,38.43375778198242,52.46814727783203,175.8804473876953,92.15338897705078,162.02392578125,24.942516326904297,29.54073905944824,48.004581451416016,67.3969497680664,55.506595611572266,16.330604553222656,97.99211883544922,125.37000274658205,236.22044372558597
2018-02-13,38.818790435791016,52.47612762451172,172.63021850585938,92.7224349975586,163.8831329345703,25.14401626586914,29.965072631835938,48.25595474243164,66.71478271484375,55.4194450378418,16.433879852294922,98.43058013916016,126.08000183105467,236.80795288085935
2018-02-14,39.53449630737305,53.35397338867188,178.98110961914062,94.86669158935548,166.19512939453125,25.32391929626465,30.1787223815918,48.5333366394043,67.7607650756836,55.53566360473633,16.34856414794922,97.338623046875,128.22999572753906,240.0039825439453
2018-02-15,40.86200714111328,54.34254837036133,179.4197998046875,95.26254272460938,168.28562927246094,25.69813537597656,30.63275146484375,49.04476547241211,67.53335571289062,55.35406494140625,16.613479614257812,97.66950225830078,128.3800048828125,243.06646728515625
2018-02-16,40.72970962524414,54.605899810791016,176.8275909423828,94.57804107666016,169.21038818359375,26.093923568725582,31.09269905090332,48.95806884765625,68.44290924072266,55.5937614440918,16.67634391784668,98.1989288330078,127.95999908447266,243.13771057128903
2018-02-20,40.59272766113281,54.98796081542969,175.4816436767578,94.60279083251952,168.9214324951172,25.91402053833008,27.92645835876465,48.5160026550293,67.03313446044922,55.01994705200195,16.510204315185547,97.76881408691406,126.23999786376952,241.6153564453125
2018-02-21,40.40847396850586,55.43087387084961,177.37594604492188,94.9986343383789,166.0025177001953,25.734111785888672,27.15789031982422,48.628684997558594,65.89620208740234,54.395286560058594,16.30365562438965,96.56932830810548,125.66000366210938,240.41351318359372
2018-02-22,40.74625778198242,55.19594955444336,178.45269775390625,94.82545471191406,166.60939025878906,25.719715118408203,27.528818130493164,48.021915435791016,66.4874038696289,55.099853515625,16.375503540039062,96.85884857177734,126.3000030517578,240.72515869140625
2018-02-23,41.45488739013672,56.20148086547851,182.7397918701172,96.74700927734376,169.31637573242188,26.093923568725582,27.564430236816406,48.66335678100586,66.4415512084961,56.31282424926758,16.48775863647461,97.71917724609376,126.13999938964844,244.5621490478516
2018-02-26,42.27454376220703,57.047401428222656,184.37486267089844,97.95110321044922,171.34902954101562,26.69122886657715,27.63268280029297,49.55617904663086,67.17520904541016,57.26433181762695,16.82002830505371,97.75226593017578,126.4499969482422,247.40206909179688
2018-02-27,42.13753509521485,55.77751922607422,180.9152984619141,96.78826904296876,169.48013305664062,26.482532501220703,27.15789031982422,49.036094665527344,66.48739624023438,56.29103088378906,16.55510711669922,97.61161041259766,125.12999725341795,244.3128662109375
2018-02-28,42.07374954223633,55.10118103027344,177.78472900390625,95.25431060791016,169.31637573242188,26.12991142272949,26.709810256958008,49.49550247192383,64.6991195678711,55.0126838684082,16.29917335510254,98.2320327758789,125.0,241.83795166015625
2018-03-01,41.33677291870117,53.34499740600586,175.411865234375,93.5471420288086,167.129638671875,25.64055824279785,26.4338436126709,48.689361572265625,64.28644561767578,54.6204719543457,16.164466857910156,98.90260314941406,124.72000122070312,238.32144165039065
2018-03-02,41.622596740722656,53.8138427734375,176.08981323242188,93.45642852783205,168.60357666015625,25.87084197998047,26.34184837341309,49.34815216064453,64.74497985839844,54.87468719482422,16.321624755859375,98.09857940673828,125.38999938964844,239.55001831054688
2018-03-05,41.76668167114258,54.412872314453125,179.85845947265625,94.89143371582033,171.9848175048828,25.993183135986328,26.700904846191406,49.40017318725586,66.12056732177734,55.397647857666016,16.478775024414062,97.83332061767578,125.18000030517578,242.31863403320312
2018-03-06,41.73124694824219,54.61886215209961,179.24032592773438,94.97388458251952,171.021484375,25.82047462463379,26.427902221679688,49.43482971191406,67.12935638427734,55.3322868347168,16.55510711669922,97.9245376586914,126.52999877929688,242.93299865722656
2018-03-07,41.3438720703125,55.34607696533203,183.1585235595703,94.61927032470705,172.63995361328125,25.856449127197266,26.03621292114257,49.43482971191406,66.53326416015625,53.937721252441406,16.573070526123047,97.8167724609375,125.72000122070312,242.8439178466797
2018-03-08,41.7950325012207,56.16207504272461,181.7926483154297,94.62751770019533,172.67845153808594,26.266645431518555,26.245162963867188,49.81623077392578,66.5791015625,53.83603286743164,16.662874221801758,98.38040924072266,125.41999816894533,244.01910400390625
2018-03-09,42.51310729980469,57.85990524291992,184.6739654541016,97.3490753173828,176.5221710205078,26.460939407348636,26.48397254943848,50.67438888549805,68.50495147705078,54.155609130859375,16.635934829711914,97.7338638305664,125.54000091552734,248.2656097412109
2018-03-12,42.92411422729492,58.08235931396485,184.20538330078125,97.03565979003906,175.84783935546875,26.34579849243164,26.289936065673828,51.48919296264648,69.23858642578125,54.649513244628906,16.77512550354004,98.29751586914062,125.54000091552734,247.9540252685547
2018-03-13,42.51074981689453,56.76908493041992,181.3340301513672,95.87284088134766,174.3739013671875,26.44655036926269,26.35859680175781,51.18580627441406,66.16643524169922,54.133827209472656,16.78859519958496,98.79483795166016,125.77999877929688,246.35153198242188
2018-03-14,42.14934539794922,57.33369445800781,183.6370849609375,94.80070495605467,173.5165557861328,26.158695220947266,26.1705379486084,50.9951057434082,65.43275451660156,53.45832443237305,16.626951217651367,99.66519165039062,125.6999969482422,245.0873260498047
2018-03-15,42.19895553588867,57.33818817138672,183.30807495117188,95.03986358642578,174.31614685058594,26.3242130279541,26.122772216796875,51.46319580078125,65.84545135498047,54.05392074584961,16.631441116333008,99.66519165039062,124.9000015258789,244.8203582763672
2018-03-16,42.05014419555664,56.64738082885742,184.53439331054688,95.2048110961914,175.85748291015625,26.468141555786133,26.61829948425293,51.1424674987793,65.61618041992188,54.5623664855957,16.613479614257812,99.30874633789062,124.5999984741211,245.08580017089844
2018-03-19,41.407657623291016,54.85628128051758,172.0419921875,94.45430755615234,173.9596405029297,26.14430427551269,26.1048641204834,50.53569793701172,64.51570892333984,53.85781097412109,16.424894332885742,98.99376678466795,124.87000274658205,241.7696990966797
2018-03-20,41.39347457885742,54.75104522705078,167.64523315429688,94.5450439453125,175.8188934326172,26.14430427551269,26.254121780395508,50.847747802734375,62.54399490356445,53.74159622192383,16.317134857177734,98.59587860107422,124.30999755859376,242.18084716796875
2018-03-21,40.455711364746094,54.410377502441406,168.8815155029297,94.62751770019533,174.12344360351562,26.10112762451172,26.322772979736328,50.683048248291016,63.64448928833008,54.50424957275391,16.164466857910156,98.7036590576172,126.4800033569336,241.716064453125
2018-03-22,39.88408660888672,52.325496673583984,164.39503479003906,90.67713928222656,169.08518981933594,25.618974685668945,26.0123233795166,50.0762825012207,61.21425628662109,53.38568878173828,15.881587982177734,99.68172454833984,125.9800033569336,235.67385864257807
2018-03-23,38.96051025390625,50.95336532592773,158.91152954101562,88.25247955322266,165.53045654296875,24.820178985595703,25.49888610839844,48.81072235107422,59.93037033081055,52.942626953125,15.58074951171875,99.60713958740234,127.61000061035156,230.65054321289065
2018-03-26,40.81003189086914,52.531494140625,159.57952880859375,90.97404479980467,170.67469787597656,25.215972900390625,26.11978530883789,50.1022834777832,59.10499954223633,53.74885559082031,15.576260566711426,99.2258758544922,128.27999877929688,236.96090698242188
2018-03-27,39.76362228393555,50.13188934326172,151.7630615234375,89.20915985107422,166.19512939453125,25.19438362121582,25.686939239501957,49.807559967041016,61.62693405151367,53.53096008300781,15.670550346374512,100.28684997558594,127.48999786376952,232.92979431152344
2018-03-28,39.32426834106445,50.10495376586914,152.5706329345703,89.06896209716797,164.10472106933594,25.40308380126953,26.20038604736328,50.18896484375,62.7274055480957,52.88452911376953,15.966898918151855,100.55206298828124,125.7300033569336,232.2416229248047
2018-03-29,39.631343841552734,51.46311569213867,159.31031799316406,90.69364166259766,168.73838806152344,25.539813995361328,26.5585994720459,50.1802978515625,61.81036758422851,54.19192123413086,16.00731086730957,101.04109954833984,125.79000091552734,235.20909118652344
2018-04-02,39.371524810791016,50.2002182006836,154.9235382080078,88.94523620605469,165.30894470214844,25.22317314147949,25.53769302368164,48.75004959106445,60.15963363647461,53.18231964111328,15.760353088378906,101.2405014038086,127.26000213623048,230.13211059570312
2018-04-03,39.77543258666992,50.54637145996094,155.64138793945312,90.16582489013672,166.1470184326172,25.676544189453125,25.91082572937012,50.2756462097168,60.20548248291016,54.48971939086914,15.881587982177734,100.45964813232422,126.3000030517578,233.08177185058597
2018-04-04,40.53603363037109,51.13143157958984,154.63441467285156,91.53484344482422,167.32228088378906,26.00037384033203,26.036203384399418,50.9951057434082,60.893287658691406,54.38077926635742,16.110586166381836,100.25199127197266,126.4499969482422,235.5755157470703
2018-04-05,40.81713485717773,51.26460266113281,158.86167907714844,92.73672485351562,169.35494995117188,25.7125186920166,26.212322235107425,51.26382446289063,61.581092834472656,55.2160530090332,16.227333068847656,99.50439453125,125.8000030517578,237.4346923828125
2018-04-06,39.773075103759766,50.2286491394043,156.7281036376953,90.42411041259766,163.7113494873047,25.309526443481445,25.877992630004883,50.57036972045898,59.88451385498047,54.38077926635742,15.998333930969238,100.59254455566406,126.38999938964844,232.1432647705078
2018-04-09,40.16754531860352,50.64811325073242,157.45591735839844,91.50997161865234,164.32876586914062,25.518218994140625,25.755603790283203,50.88242721557617,58.82987594604492,54.38077926635742,16.090747833251953,100.7586669921875,126.81999969482422,233.28733825683597
2018-04-10,40.92340850830078,51.45563507080078,164.5445556640625,93.25895690917967,168.55421447753906,25.87084197998047,25.80635070800781,51.49786376953125,59.83865737915039,55.97869491577149,16.38355827331543,100.57598876953124,127.12000274658205,236.9967193603516
2018-04-11,40.73208236694336,50.873565673828125,165.8207244873047,91.69231414794922,166.27749633789062,25.75569534301757,25.64515495300293,51.50653076171875,59.47182846069336,56.240196228027344,16.127349853515625,100.9331283569336,128.11000061035156,235.75428771972656
2018-04-12,41.13364028930664,51.49902725219727,163.37808227539062,93.9718017578125,168.63136291503906,26.137109756469727,25.501873016357425,51.51520156860352,60.434757232666016,56.087650299072266,16.0861759185791,100.19384765625,126.62000274658205,237.69384765625
2018-04-13,41.27301025390625,51.3374252319336,164.02613830566406,91.4271011352539,168.12008666992188,26.137109756469727,25.67798614501953,51.35050582885742,61.856201171875,56.53798675537109,16.077024459838867,100.42643737792967,127.4499969482422,236.9967193603516
2018-04-16,41.53047561645508,51.77185821533203,164.33522033691406,91.35248565673828,167.73422241210938,26.28822898864746,25.92276954650879,51.51520156860352,61.12255096435547,57.04641342163086,16.30577850341797,100.45964813232422,127.62999725341795,238.9451904296875
2018-04-17,42.10210800170898,53.5764274597168,168.15370178222656,91.35248565673828,172.04644775390625,26.14430427551269,26.239192962646484,51.8619384765625,63.2318115234375,56.89389801025391,16.177675247192383,100.73375701904295,127.75,241.5015563964844
2018-04-18,42.00761795043945,53.47268295288086,165.86061096191406,90.61477661132812,173.12689208984375,26.25944709777832,26.140687942504883,51.57589340209961,62.63572692871094,57.54033660888672,16.109052658081055,99.92803955078124,127.8499984741211,241.6803131103516
2018-04-19,40.81713485717773,54.251766204833984,167.59539794921875,92.60413360595705,172.69285583496094,26.28822898864746,26.236207962036133,51.33317184448242,64.14887237548828,57.68559265136719,15.930622100830078,99.11397552490234,127.5999984741211,240.339599609375
2018-04-20,39.14474487304688,53.51657485961914,165.78085327148438,92.39688110351562,170.83096313476562,26.36019515991211,25.964563369750977,50.2756462097168,66.67080688476562,57.38052749633789,15.861992835998535,98.39962768554688,126.62999725341795,238.3016662597656
2018-04-23,39.03137969970703,53.24174880981445,165.3421630859375,91.94928741455078,169.23915100097656,26.482532501220703,25.70186996459961,50.41434097290039,66.5791015625,57.7945556640625,15.962650299072266,98.42454528808594,125.62000274658205,238.26589965820312
2018-04-24,38.488094329833984,50.874061584472656,159.21063232421875,91.51827239990234,167.1264190673828,26.669633865356445,25.830228805541992,50.11094665527344,67.31273651123047,56.908424377441406,16.012971878051758,97.97598266601562,126.2300033569336,235.05709838867188
2018-04-25,38.65578842163086,50.93391418457031,159.21063232421875,91.17012786865234,166.38360595703125,26.39617347717285,26.021276473999023,50.024261474609375,64.42399597167969,57.743690490722656,16.104476928710938,97.3197784423828,125.41000366210938,235.63812255859372
2018-04-26,38.79043960571289,51.874603271484375,173.63720703125,91.26129150390624,171.87283325195312,26.518510818481445,26.25113296508789,51.47187042236328,65.93716430664062,58.73151779174805,15.14369773864746,98.00093841552734,124.97000122070312,238.0335693359375
2018-04-27,38.34164810180664,51.37632751464844,173.06890869140625,90.68108367919922,169.73110961914062,26.6264591217041,26.057098388671875,50.58769989013672,65.93716430664062,56.501686096191406,15.116249084472656,98.75685119628906,125.5,238.2570037841797
2018-04-30,39.03608703613281,50.741886138916016,171.4836883544922,90.16717529296876,171.9789276123047,26.34579849243164,26.406362533569336,49.90290832519531,64.51570892333984,56.47260665893555,14.960691452026367,98.93122863769533,124.58999633789062,236.42466735839844
2018-05-01,39.94314956665039,51.73844146728515,173.33810424804688,90.16717529296876,173.88906860351562,25.475040435791016,26.092924118041992,50.38833236694336,64.42399597167969,55.891544342041016,14.887491226196287,98.5749282836914,123.70999908447266,236.8447723388672
2018-05-02,41.70762634277344,51.09352493286133,175.54148864746094,89.45429992675781,179.2625274658203,25.10803604125977,25.773515701293945,49.14878082275391,65.02009582519531,55.7826042175293,14.667881965637209,98.4666976928711,123.6500015258789,235.2537841796875
2018-05-03,41.78322219848633,51.06060409545898,173.4976348876953,88.89067077636719,179.89918518066406,25.014482498168945,25.74067687988281,48.65468978881836,63.87376022338867,55.5937614440918,14.612982749938965,98.9079360961914,124.27999877929688,234.7353363037109
2018-05-04,43.42252349853515,52.2821044921875,176.07984924316406,89.8770523071289,181.52957153320312,25.07204818725586,26.128740310668945,49.99826431274414,64.65326690673828,55.855228424072266,14.704482078552246,99.05777740478516,124.54000091552734,237.77430725097656
2018-05-07,43.73667526245117,52.610294342041016,177.43577575683594,90.6562042236328,182.4267578125,25.136816024780277,25.51380729675293,49.79890060424805,64.51570892333984,56.465362548828125,14.658736228942873,98.89962005615234,124.56999969482422,238.5787506103516
2018-05-08,43.94689178466797,52.566402435302734,178.38290405273438,91.9990234375,183.8062896728516,25.17280006408691,25.594406127929688,49.98960113525391,65.43275451660156,56.71956634521485,14.503181457519531,98.80806732177734,124.58999633789062,238.5787506103516
2018-05-09,44.25632858276367,54.00537490844727,182.11167907714844,94.00496673583984,183.9027862548828,25.309526443481445,24.794389724731445,49.70204544067383,67.03765106201172,58.0560302734375,14.365923881530762,98.21701049804688,124.33000183105467,240.884765625
2018-05-10,44.88938522338867,54.74406051635742,184.9730682373047,94.73438262939452,186.23731994628903,25.46212387084961,24.839454650878903,50.23357772827149,67.35861206054688,59.35617065429688,14.585532188415527,99.00782775878906,125.18000030517578,243.1372528076172
2018-05-11,44.71865463256836,54.77847290039063,186.42868041992188,94.37794494628906,186.52679443359372,25.796390533447266,25.046720504760746,49.90245819091797,66.94591522216797,59.63497924804688,14.773111343383787,99.25758361816406,125.0,243.87918090820312
2018-05-14,44.61433029174805,54.87523651123047,186.0797271728516,94.41110229492188,185.3401641845703,26.057985305786133,25.350120544433597,49.780460357666016,67.4503173828125,60.03852462768555,14.727360725402832,98.7331314086914,124.48999786376952,243.9953155517578
2018-05-15,44.20883941650391,53.82930374145508,183.76670837402344,93.68995666503906,185.22442626953125,25.934459686279297,25.38917350769043,49.35350799560547,67.4503173828125,60.00916290283203,14.68161392211914,97.6092529296875,122.4800033569336,242.31495666503903
2018-05-16,44.621429443359375,53.95599365234375,182.65005493164065,93.9469223022461,185.5910186767578,25.92719459533691,25.8728084564209,49.79790115356445,68.9176254272461,60.17790222167969,14.77768611907959,97.23462677001952,122.29000091552734,243.3338165283203
2018-05-17,44.339263916015625,53.7973861694336,183.2083740234375,93.63195037841795,184.45263671875,25.94899177551269,25.38015937805176,49.84146118164063,68.9176254272461,60.0751953125,14.608407974243164,96.7434539794922,122.36000061035156,243.12828063964844
2018-05-18,44.17802810668945,53.187381744384766,182.13162231445312,92.11505889892578,183.6808624267578,25.89811897277832,25.124828338623047,49.806617736816406,68.64249420166016,59.64963912963867,14.663310050964355,97.57595825195312,122.41000366210938,242.5205078125
2018-05-21,44.49102020263672,53.84676361083984,183.9362030029297,92.96053314208984,184.45263671875,26.014387130737305,25.386165618896484,49.96345138549805,69.97223663330078,60.36869430541992,14.910367012023926,97.62589263916016,122.4800033569336,244.3439178466797
2018-05-22,44.37957763671875,53.35546875,183.24826049804688,93.67337799072266,184.8578186035156,25.95625305175781,25.04372215270996,49.63233947753906,70.10980224609375,59.89910125732422,14.837163925170898,97.47604370117188,122.41000366210938,243.6646270751953
2018-05-23,44.66411590576172,53.85224914550781,186.3389434814453,93.24235534667967,186.17947387695312,26.137920379638672,24.93558120727539,50.09416198730469,65.02009582519531,60.27329635620117,14.791412353515623,98.18368530273438,122.54000091552734,244.33502197265625
2018-05-24,44.61433029174805,53.82980346679688,185.37185668945312,92.19795989990234,185.13758850097656,26.079784393310547,24.887514114379883,50.25972366333008,66.94591522216797,58.89392852783203,14.99729061126709,98.9661865234375,123.58999633789062,243.83441162109372
2018-05-25,44.71628189086914,53.65124130249024,184.3649139404297,91.72547912597656,184.4237060546875,25.92719459533691,24.77036476135254,50.46883773803711,67.08349609375,57.74936676025391,14.873766899108888,99.58226776123048,123.20999908447266,243.25338745117188
2018-05-29,44.55504608154297,52.8861198425293,185.1824493408203,87.8048095703125,182.84158325195312,25.94171905517578,24.752342224121097,49.86761093139648,65.02009582519531,57.53658676147461,14.791412353515623,101.76337432861328,123.19000244140624,240.45578002929688
2018-05-30,44.4601936340332,53.25920104980469,187.1066436767578,89.81073760986328,184.99288940429688,26.196054458618164,25.269012451171875,50.08545303344727,64.9742431640625,59.79639053344727,14.901214599609377,101.08074188232422,123.37000274658205,243.6646270751953
2018-05-31,44.31081008911133,54.11660003662109,191.2042999267578,88.70001983642578,183.41075134277344,26.108850479125977,24.79438781738281,49.37965393066406,64.56156158447266,59.60561752319336,14.78683853149414,100.9142608642578,123.0999984741211,242.17190551757807
2018-06-01,45.10990905761719,55.83787155151367,193.4076690673828,89.85218048095703,188.47547912597656,26.341381072998047,24.929567337036133,49.58876419067383,64.65326690673828,60.03852462768555,14.85546588897705,100.3810577392578,122.48999786376952,244.54949951171875
2018-06-04,45.4869270324707,56.82494735717773,192.6997985839844,89.89361572265625,190.752197265625,26.486711502075195,25.65952491760254,49.72819519042969,62.86498260498047,59.40753936767578,14.828017234802246,99.65509796142578,122.37000274658205,245.71148681640625
2018-06-05,45.83786010742188,56.843406677246094,192.36082458496097,89.38798522949219,192.32467651367188,26.47945213317871,25.41921043395996,48.51700973510742,63.27766418457031,59.19475936889648,14.9515380859375,99.88873291015624,122.8499984741211,245.89016723632807
2018-06-06,45.99673461914063,56.70474243164063,190.765625,91.47684478759766,196.0388336181641,26.43585205078125,25.40118408203125,49.8153190612793,62.54399490356445,60.207252502441406,15.271799087524414,99.0793685913086,122.91999816894533,247.9459228515625
2018-06-07,45.87343597412109,56.05533599853515,187.61509704589844,91.84154510498048,192.49832153320312,26.51578521728516,25.51834487915039,49.789188385009766,63.18595886230469,60.80888748168945,15.468536376953123,100.0389175415039,122.86000061035156,247.9191131591797
2018-06-08,45.456092834472656,55.90620422363281,188.5323486328125,92.0984878540039,192.98068237304688,26.646589279174805,25.341108322143555,49.31864547729492,63.87376022338867,61.33715438842773,15.477685928344728,99.73855590820312,123.01000213623048,248.65216064453125
2018-06-11,45.34466552734375,56.361087799072266,190.9650115966797,91.86640167236328,191.48533630371097,26.377716064453125,25.323087692260746,49.21408462524414,64.10301971435547,60.97032165527344,15.637813568115234,99.55496215820312,123.2300033569336,248.9828643798828
2018-06-12,45.5936279296875,56.82644271850586,191.8224334716797,91.3359146118164,193.06753540039065,26.377716064453125,25.263002395629883,49.21408462524414,64.10301971435547,60.47138595581055,15.715591430664062,99.58000183105467,122.81999969482422,249.3046722412109
2018-06-13,45.21897888183594,56.600494384765625,191.8324279785156,91.153564453125,192.3728790283203,26.319583892822266,25.26000213623047,48.97882461547851,63.69033432006836,59.80372619628906,14.741084098815918,99.52993774414062,123.19000244140624,248.50912475585935
2018-06-14,45.24270248413086,57.464874267578125,196.2191925048828,89.54548645019531,192.27642822265625,26.27597999572754,25.16988754272461,49.68462371826172,62.54399490356445,60.0825309753418,14.878342628479004,100.3560028076172,123.37999725341795,249.1348571777344
2018-06-15,44.77793502807617,57.47185897827149,195.26210021972656,89.4377212524414,192.48866271972656,26.421321868896484,25.14285087585449,49.76304244995117,61.52627944946289,59.18008804321289,15.166571617126465,100.4477996826172,121.33999633789062,248.81690979003903
2018-06-18,44.75422286987305,58.52926254272461,197.71469116210932,89.66980743408203,194.03219604492188,26.27597999572754,24.93257713317871,49.85889434814453,61.06368255615234,59.29747772216797,14.727360725402832,100.3560028076172,121.11000061035156,248.3052520751953
2018-06-19,44.031005859375,58.25992584228515,196.8971710205078,89.14764404296875,192.64300537109372,26.319583892822266,25.11581420898437,50.0418815612793,59.90716171264648,59.20943069458008,14.818860054016112,100.94007873535156,120.8000030517578,247.35348510742188
2018-06-20,44.22307586669922,58.34870529174805,201.3936309814453,89.13932800292969,194.42771911621097,26.49398803710937,25.11581420898437,45.50211715698242,59.58333206176758,59.02600860595703,14.640432357788086,100.05563354492188,120.26000213623048,247.77545166015625
2018-06-21,43.976470947265625,57.7411994934082,200.89512634277344,89.11449432373047,193.69451904296875,26.377716064453125,25.296051025390625,44.10795211791992,59.02822113037109,58.46839141845703,14.457427978515623,100.58130645751952,120.0500030517578,246.2222137451172
2018-06-22,43.848419189453125,57.63246154785156,201.1343994140625,87.65557861328125,194.369873046875,26.530311584472656,25.47929000854492,44.64820098876953,60.36977767944336,59.70835494995117,14.49860668182373,100.57295989990234,120.33999633789062,246.67111206054688
2018-06-25,43.19633483886719,56.10272216796875,195.76058959960932,86.85989379882812,188.0991973876953,26.43585205078125,25.97493362426757,44.14280700683594,58.98196792602539,58.50507736206055,14.507753372192385,100.79821014404295,119.88999938964844,243.31326293945312
2018-06-26,43.73223114013672,55.7859992980957,198.40261840820312,86.91790008544922,189.52700805664065,26.43585205078125,25.82774353027344,43.89883041381836,63.56173706054688,59.165409088134766,14.46657943725586,100.94007873535156,119.26000213623048,243.8519592285156
2018-06-27,43.668216705322266,55.06377410888672,195.2521209716797,85.57508850097656,186.36276245117188,26.31231117248535,26.101104736328125,43.42830276489258,64.57947540283203,59.9504508972168,14.480303764343262,101.89132690429688,118.58000183105467,241.83181762695312
2018-06-28,43.9859619140625,55.57451629638672,195.6409454345703,86.97591400146484,190.1443634033203,26.421321868896484,25.79169654846191,42.2955436706543,63.97807693481445,60.1412467956543,14.727360725402832,101.91635131835938,118.22000122070312,243.21446228027344
2018-06-29,43.89347839355469,55.64584732055664,193.7366943359375,86.3708267211914,189.5849151611328,26.363183975219727,25.728614807128903,42.56565475463867,62.96036911010742,60.6988525390625,14.690754890441896,101.56594848632812,118.6500015258789,243.56460571289065
2018-07-02,44.38431930541992,56.234901428222656,196.76756286621097,87.10023498535156,190.69432067871097,26.399518966674805,25.232967376708984,42.74863815307617,61.85010147094727,59.98716354370117,14.736507415771484,101.48644256591795,117.45999908447266,244.0853271484375
2018-07-03,43.611305236816406,55.00940704345703,192.1514587402344,85.88179016113281,189.3630218505859,26.41404914855957,25.365142822265625,42.49595642089844,61.85010147094727,60.339332580566406,14.965270042419434,102.0300750732422,118.6500015258789,243.2234039306641
2018-07-05,43.96223449707031,56.07578659057617,197.8542938232422,86.44017791748047,191.85191345214844,26.79191017150879,25.404191970825195,42.35653305053711,62.12767028808594,60.39068984985352,14.91494369506836,102.32276916503906,119.0500030517578,245.20767211914065
2018-07-06,44.57163619995117,56.868839263916016,202.61993408203125,86.72350311279297,192.7213134765625,26.966312408447266,25.386165618896484,42.678932189941406,64.07059478759766,60.40535736083984,14.9515380859375,102.65731811523438,118.86000061035156,247.2816162109375
2018-07-09,45.19051742553711,57.56113815307617,204.1254119873047,89.40705871582031,194.0832672119141,27.00263977050781,25.81272315979004,43.480587005615234,64.5331802368164,60.82356643676758,15.01318359375,101.99661254882812,119.1500015258789,249.5082550048828
2018-07-10,45.13599395751953,57.50078582763672,202.9290008544922,88.85700225830078,194.65316772460932,27.198843002319336,26.197227478027344,43.933685302734375,65.55095672607422,61.38117218017578,15.17662239074707,101.9882583618164,118.93000030517578,250.40611267089844
2018-07-11,44.55030822753906,57.55365753173828,201.9320068359375,88.66535186767578,196.8940887451172,27.038976669311523,25.99296188354492,43.6897087097168,64.71822357177734,60.59612274169922,14.882429122924805,102.3813018798828,117.63999938964844,248.5744781494141
2018-07-12,45.29723358154297,59.02903366088867,206.29885864257807,89.04869842529297,200.6998443603516,27.26424217224121,25.98995590209961,43.785552978515625,64.71822357177734,60.66948318481445,15.050542831420898,102.37295532226562,118.12999725341795,250.8280334472656
2018-07-13,45.36837768554688,59.29537963867188,206.6976776123047,88.64030456542969,198.89358520507807,27.271509170532227,26.34441947937012,44.979305267333984,64.25563049316406,61.12438201904297,14.78903865814209,102.63227081298828,117.61000061035156,251.02554321289065
2018-07-16,45.26877975463867,59.04798889160156,206.60791015625,92.15728759765624,197.1259002685547,27.16250991821289,26.326396942138672,44.38679885864258,64.30191040039062,60.52275848388672,14.896441459655762,102.2056884765625,117.5500030517578,250.80120849609372
2018-07-17,45.39682388305664,59.79315948486328,209.35964965820312,92.09061431884766,199.33787536621097,27.35870361328125,26.491613388061523,44.68305206298828,63.33041763305664,60.39068984985352,14.831063270568848,102.01334381103516,116.27999877929688,251.8157196044922
2018-07-18,45.14785385131836,59.64751434326172,208.7315368652344,92.94900512695312,201.26004028320312,27.36597442626953,26.45556259155273,44.56977081298828,63.60799026489258,60.32464218139648,14.807713508605955,101.6035385131836,116.30999755859376,252.3454132080078
2018-07-19,45.49878692626953,59.20260620117188,207.46536254882807,91.58224487304688,199.03842163085932,27.147972106933597,26.350425720214844,44.73532485961914,63.51546859741211,60.17057800292969,14.602243423461914,102.2475128173828,115.80999755859376,251.3938140869141
2018-07-20,45.39445495605469,59.10036087036133,209.3097991943359,92.74064636230467,199.6663055419922,27.126171112060547,26.452564239501957,44.36064529418945,60.69359588623047,59.7230110168457,14.522862434387209,100.9930191040039,116.55999755859376,251.1064453125
2018-07-23,45.43476486206055,60.12733840942383,210.27688598632807,94.4657974243164,200.7577667236328,27.038976669311523,26.32339096069336,44.60462188720703,60.09219741821289,59.7230110168457,14.476167678833008,99.74690246582033,116.0,251.5733184814453
2018-07-24,45.76435852050781,62.251121520996094,214.02560424804688,95.13251495361328,202.43850708007807,27.39503669738769,26.42251777648925,44.58720016479492,60.69359588623047,60.90426254272461,14.793705940246582,100.08982849121094,116.04000091552734,252.83920288085935
2018-07-25,46.195926666259766,63.03021240234375,216.84710693359372,95.99092864990234,206.8624420166016,27.605772018432617,26.40449523925781,44.979305267333984,60.64733123779297,61.32982635498047,14.125931739807127,99.93094635009766,116.68000030517578,254.9940643310547
2018-07-26,46.05127716064453,63.26114273071289,175.7308807373047,95.71589660644533,200.3038482666016,27.72930335998535,26.50362968444824,44.831172943115234,60.83237457275391,61.80670928955078,14.172630310058594,99.7385711669922,115.7699966430664,254.3925628662109
2018-07-27,45.28538513183594,61.77329254150391,174.36500549316406,96.69929504394533,196.0247344970703,27.910966873168945,26.473588943481445,45.44112014770508,60.41603088378906,60.10454559326172,14.513524055480955,99.90579986572266,115.83000183105467,252.6686553955078
2018-07-30,45.03165435791016,60.83759307861328,170.54649353027344,97.2826919555664,191.12750244140625,28.04176902770996,26.69887924194336,45.22328567504883,60.87863540649414,59.972469329833984,14.94313907623291,99.56292724609376,115.6500015258789,251.34893798828125
2018-07-31,45.12175750732422,60.713897705078125,172.0619354248047,95.79922485351562,191.2530517578125,29.01549530029297,26.804018020629883,45.6502571105957,63.052879333496094,59.80372619628906,14.92912769317627,100.10658264160156,115.98999786376952,252.5878143310547
2018-08-01,47.7798957824707,60.8510627746582,171.13473510742188,96.39094543457033,194.3440704345703,29.26255416870117,26.506629943847656,45.24942779541016,61.24871063232422,58.98200607299805,14.896441459655762,99.29100799560548,115.13999938964844,252.1658935546875
2018-08-02,49.176536560058594,61.15730667114258,175.84056091308594,96.79931640625,195.12646484375,29.05735969543457,26.6628360748291,45.03158950805664,60.924896240234375,58.62981033325195,14.873088836669922,99.43348693847656,114.5199966430664,253.5396270751953
2018-08-03,49.318809509277344,61.03561019897461,177.246337890625,97.58268737792967,194.3440704345703,29.70959091186523,26.9151668548584,45.51082992553711,60.78610229492188,58.84257507324219,15.069220542907717,99.9280014038086,114.91999816894533,254.62600708007807
2018-08-06,49.57489776611328,61.088478088378906,185.13259887695312,97.60771942138672,194.67247009277344,30.07600784301757,26.93619155883789,45.37141418457031,60.60107421875,58.827911376953125,14.994500160217283,99.9866943359375,114.33000183105467,255.55967712402344
2018-08-07,49.110137939453125,61.95883941650391,183.25823974609372,97.96604919433594,195.71563720703125,29.92943954467773,26.96622657775879,45.37141418457031,60.87863540649414,59.62763977050781,15.129924774169922,99.46701049804688,114.58999633789062,256.40362548828125
2018-08-08,49.14333724975586,62.12792205810547,184.6240997314453,98.16607666015624,195.94747924804688,30.34717559814453,27.05034065246582,45.23102569580078,60.36977767944336,59.23144912719727,15.111248016357422,99.5676498413086,114.91000366210938,256.2959899902344
2018-08-09,49.52985382080078,62.30199813842773,182.54039001464844,97.4076919555664,196.6622467041016,30.04669761657715,26.89322853088379,45.55567169189453,59.86090850830078,58.930625915527344,15.171957015991213,100.40574645996094,114.73999786376952,255.9457550048828
2018-08-10,49.3823127746582,61.72890853881836,179.71888732910156,96.44927978515624,195.74461364746097,29.99538993835449,27.246726989746097,45.19593048095703,59.0744743347168,58.87131881713867,15.064552307128906,101.1349868774414,114.69000244140624,254.23085021972656
2018-08-13,49.70117568969727,61.599220275878906,179.509521484375,94.91580963134766,195.41619873046875,29.90745735168457,27.08357048034668,45.45915603637695,57.59415435791016,58.233829498291016,15.041202545166016,100.92544555664062,112.95999908447266,253.27915954589844
2018-08-14,49.91057205200195,61.95285415649414,180.56634521484372,95.54920959472656,196.9327087402344,29.83417320251465,27.449159622192383,46.1435432434082,57.13154220581055,58.04853439331055,15.05521011352539,100.69913482666016,113.06999969482422,254.89529418945312
2018-08-15,50.02716827392578,60.57025146484375,178.99107360839844,94.75747680664062,193.41677856445312,30.16395378112793,27.25882148742676,46.283935546875,56.53016662597656,57.03300094604492,15.162611961364746,101.28589630126952,111.19000244140624,252.99185180664065
2018-08-16,50.760066986083984,60.17671585083008,174.1755828857422,95.64923858642578,196.6622467041016,30.35448837280273,29.802812576293945,46.53837966918945,56.90024566650391,57.8187141418457,15.45213794708252,101.2774887084961,111.0999984741211,255.0388946533203
2018-08-17,51.77374267578125,59.90089416503906,173.2782745361328,95.64923858642578,196.2855529785156,30.845502853393555,29.56412124633789,46.99464797973633,56.90024566650391,58.0114631652832,15.424118041992188,101.4031982421875,112.12999725341795,255.93673706054688
2018-08-20,51.26927947998047,60.24055862426758,171.98216247558594,95.52420806884766,197.77310180664065,31.021387100219727,29.005170822143555,47.31052017211914,56.90024566650391,58.41915130615234,15.461478233337402,102.08216094970705,112.69000244140624,256.48443603515625
2018-08-21,51.16933059692383,59.933815002441406,172.10182189941406,96.10759735107422,196.1696624755859,30.89679718017578,29.02933692932129,47.38071060180664,58.42683029174805,58.433963775634766,15.596901893615724,101.7384796142578,113.0199966430664,257.0859680175781
2018-08-22,51.17171096801758,60.2186164855957,173.11874389648438,95.8158950805664,197.34808349609372,30.83083724975586,28.905458450317383,46.345359802246094,57.68667221069336,59.271610260009766,15.260677337646484,102.14080810546876,113.2699966430664,256.93341064453125
2018-08-23,51.27642059326172,60.12135314941406,172.3809814453125,95.61589813232422,198.22708129882807,30.92611694335937,28.757413864135746,46.2049674987793,58.0104866027832,58.61929702758789,15.171957015991213,102.3000717163086,112.1999969482422,256.5921936035156
2018-08-24,51.43585586547851,60.88298416137695,174.12571716308594,95.5741958618164,202.2646026611328,31.07268714904785,28.687929153442383,46.283935546875,57.8254508972168,59.01958084106445,15.241995811462402,102.50125885009766,114.16000366210938,258.1365051269531
2018-08-27,51.859405517578125,61.93888854980469,176.92730712890625,97.26600646972656,204.3220672607422,30.47174453735352,28.564048767089844,46.476959228515625,59.0744743347168,59.597774505615234,15.330723762512209,101.9145050048828,114.58999633789062,260.174560546875
2018-08-28,52.2781867980957,61.40669631958008,175.7308807373047,96.7909698486328,205.38461303710932,30.413116455078125,29.026317596435547,46.54716491699219,59.02822113037109,59.5088005065918,15.256009101867676,101.30265045166016,113.68000030517578,260.3003234863281
2018-08-29,53.05868911743164,62.31196975708008,175.37196350097656,96.47428894042967,207.2584991455078,30.413116455078125,28.896398544311523,46.7226448059082,59.99968338012695,59.93873977661133,15.050542831420898,101.43673706054688,114.1999969482422,261.7008972167969
2018-08-30,53.546485900878906,61.8042221069336,177.10675048828125,95.99923706054688,206.51467895507807,30.413116455078125,29.035383224487305,46.59102630615234,59.0744743347168,59.67929458618164,14.92445945739746,101.65467071533205,113.63999938964844,260.6414489746094
2018-08-31,54.1651611328125,60.760284423828125,175.20248413085938,95.49087524414062,208.21470642089844,30.427783966064453,28.962871551513672,46.89812850952149,59.86090850830078,59.42727279663086,14.915118217468262,101.42001342773438,113.51000213623048,260.6504821777344
2018-09-04,54.338863372802734,59.7033805847168,170.6461944580078,95.96590423583984,209.4317626953125,30.317855834960938,28.811803817749023,46.96832275390625,58.61187744140625,59.5162239074707,14.87775993347168,100.83360290527344,112.93000030517578,260.20147705078125
2018-09-05,53.98432922363281,59.17866897583008,166.67816162109375,95.49920654296876,203.96466064453125,30.66961669921875,29.192493438720703,47.19644927978515,58.10301971435547,60.30938720703125,14.952476501464844,100.56477355957033,113.31999969482422,259.50115966796875
2018-09-06,53.08724594116211,58.42850875854492,162.04209899902344,95.09082794189452,205.5198211669922,30.618316650390625,29.14113044738769,47.564971923828125,57.8717041015625,59.642234802246094,15.027195930480955,100.93440246582033,113.54000091552734,258.7200622558594
2018-09-07,52.6589241027832,58.098819732666016,162.55056762695312,95.27418518066406,203.8970489501953,30.92611694335937,28.953800201416016,48.135284423828125,57.36284637451172,60.65778350830078,14.999174118041992,100.07756042480467,113.2300033569336,258.21728515625
2018-09-10,51.95221328735352,58.0893440246582,163.68714904785156,94.76581573486328,204.4573211669922,30.82351493835449,29.27709007263184,48.2318000793457,57.8717041015625,60.56881713867188,15.125252723693848,100.44717407226562,113.1500015258789,258.6661682128906
2018-09-11,53.26570129394531,58.72378540039063,165.44187927246094,95.36585235595705,206.1766357421875,31.006723403930664,29.198535919189453,48.3634147644043,57.03901290893555,61.42129898071289,15.256009101867676,99.6827163696289,113.22000122070312,259.5191650390625
2018-09-12,52.604190826416016,57.998565673828125,161.51370239257812,94.24078369140624,206.7369079589844,31.080007553100582,28.99610710144043,48.2318000793457,58.33430862426758,61.62143707275391,15.606236457824709,99.9179458618164,114.16999816894533,259.5819702148437
2018-09-13,53.87486267089844,58.62253189086914,160.8756103515625,94.6074676513672,209.8181915283203,31.40246200561523,28.739288330078125,48.16162109375,58.79692077636719,61.020992279052734,15.72765064239502,100.06916046142578,113.76000213623048,261.11724853515625
2018-09-14,53.26332092285156,58.48287582397461,161.83274841308594,94.5908203125,210.5329132080078,31.483081817626957,28.57915496826172,48.03877639770508,59.21722412109375,61.46575927734375,15.690295219421388,99.59030151367188,113.0199966430664,261.16217041015625
2018-09-17,51.84512710571289,57.66089630126953,160.0979766845703,94.87415313720705,209.09373474121097,31.51972770690918,28.648643493652344,47.88084411621094,59.31063079833984,61.82897567749024,15.699637413024902,99.59030151367188,113.61000061035156,259.77947998046875
2018-09-18,51.93079376220703,57.91876220703125,159.81881713867188,95.25751495361328,212.55172729492188,31.886133193969727,28.83295440673828,48.31955337524414,59.12382125854492,61.9920539855957,15.746331214904783,98.54862213134766,113.44000244140624,261.18902587890625
2018-09-19,51.96171951293945,58.41105651855469,162.5705108642578,98.0243911743164,210.755126953125,31.702930450439453,28.775543212890625,48.63541412353515,60.0578498840332,62.73331832885742,15.58288860321045,97.96057891845705,113.87999725341795,261.46746826171875
2018-09-20,52.35671615600586,59.19811630249024,165.52163696289062,98.86613464355467,213.8460693359375,32.06202697753906,28.92963218688965,49.51284408569336,58.18980407714844,62.8741569519043,15.61557960510254,98.41419219970705,114.2699966430664,263.5863342285156
2018-09-21,51.79277801513672,58.16166687011719,162.44090270996094,98.21607971191406,214.3386688232422,32.289207458496094,28.974958419799805,50.40782165527344,56.83545684814453,63.13359832763672,15.77434539794922,98.37217712402344,113.48999786376952,263.3455505371094
2018-09-24,52.53756332397461,58.52477264404297,164.9134521484375,97.27434539794922,213.8074493408203,32.19393539428711,28.67885398864746,49.7409782409668,54.82731246948242,64.1936264038086,15.835053443908691,98.12018585205078,113.47000122070312,262.4706420898437
2018-09-25,52.87070846557617,59.0873908996582,164.41497802734375,96.99932861328124,214.55120849609372,32.091346740722656,28.73324966430664,49.92522811889648,52.63234329223633,64.1195068359375,15.765010833740234,98.01939392089844,113.6500015258789,262.2271728515625
2018-09-26,52.44951629638672,58.8799057006836,166.44883728027344,95.8575668334961,214.68641662597656,32.0107307434082,28.57915496826172,50.24988555908203,53.19275665283203,63.585784912109375,15.5735502243042,98.70823669433594,113.0500030517578,261.4425354003906
2018-09-27,53.5274543762207,59.58566665649414,168.33316040039062,95.44086456298828,214.73471069335932,32.17194366455078,28.440170288085938,50.31129837036133,53.8465690612793,63.578369140625,15.606236457824709,98.77542114257812,112.0500030517578,262.17303466796875
2018-09-28,53.715431213378906,59.52730941772461,163.96632385253906,94.04075622558594,215.0245056152344,32.296531677246094,28.37370491027832,49.87258529663086,52.72575759887695,63.022422790527344,15.680951118469238,98.51502990722656,112.76000213623048,262.2001037597656
2018-10-01,54.077125549316406,59.61908721923828,161.952392578125,94.5908203125,216.14495849609372,32.443111419677734,28.521751403808597,48.767032623291016,56.46185302734375,63.60801696777344,15.638923645019531,97.79177856445312,112.56999969482422,263.1109924316406
2018-10-02,54.55778884887695,59.858497619628906,158.85171508789062,94.98248291015624,214.7926788330078,32.40645980834961,28.74835205078125,48.77581024169922,57.53596878051758,64.08982849121094,15.83972454071045,98.38956451416016,113.87000274658205,262.957763671875
2018-10-03,55.2216682434082,60.00014877319336,161.94239807128906,95.87425994873048,215.5268096923828,32.83885192871094,28.422046661376957,48.67051696777344,58.28320693969727,63.86004257202149,15.83972454071045,96.680419921875,113.41999816894533,263.1019897460937
2018-10-04,54.25082778930664,58.26641082763672,158.3731689453125,96.73863983154295,208.78463745117188,32.75823211669922,28.464340209960938,49.039039611816406,59.12382125854492,63.437496185302734,15.933117866516112,95.99846649169922,113.4800033569336,261.04571533203125
2018-10-05,53.370391845703125,57.72573471069336,156.85772705078125,96.19314575195312,206.23162841796875,32.91212844848633,28.19241714477539,48.92496871948242,61.55228805541992,63.25960540771485,15.872413635253906,95.1733169555664,113.8000030517578,259.58465576171875
2018-10-08,53.24666595458984,57.307762145996094,156.77796936035156,96.7806167602539,201.3964080810547,33.18327713012695,28.60937118530273,49.6093635559082,63.56047058105469,63.84521865844727,15.92845058441162,94.85340118408205,112.54000091552734,259.58465576171875
2018-10-09,53.98432922363281,56.80150604248047,157.42601013183594,96.10921478271484,202.84703063964844,33.3225212097168,29.33147621154785,50.63594055175781,63.280250549316406,64.12689971923828,15.953214645385742,95.81320190429688,112.5999984741211,259.2057800292969
2018-10-10,51.48344039916992,53.92856216430664,150.92559814453125,93.54954528808594,190.20773315429688,32.618988037109375,28.932653427124023,49.144317626953125,62.01930236816406,62.65178298950195,15.643671035766602,95.55225372314452,112.87999725341795,250.99853515625
2018-10-11,51.028953552246094,53.83379364013672,152.88967895507812,90.74649810791016,188.0995635986328,31.37314987182617,28.376724243164062,48.135284423828125,59.40403747558594,60.48728942871094,15.119837760925291,96.71409606933594,115.77999877929688,245.4698638916016
2018-10-12,52.85166931152344,55.3680305480957,153.2784881591797,89.75621032714844,197.48956298828125,32.08400344848633,28.64562606811523,49.53040313720703,57.53596878051758,60.32421112060547,15.357943534851074,96.37731170654295,115.2300033569336,248.87905883789065
2018-10-15,51.72138595581055,54.47871017456055,153.05917358398438,89.24429321289062,193.7180938720703,31.6003360748291,28.346511840820312,49.79361724853515,56.74206161499024,59.90910720825195,15.410324096679688,96.33521270751952,116.0,247.4811553955078
2018-10-16,52.86117172241211,55.92665481567383,158.30335998535156,91.1577377319336,200.9322662353516,32.19393539428711,28.9477596282959,50.72369003295898,56.50853729248047,60.19078063964844,15.424612045288086,96.55416107177734,115.8000030517578,252.89251708984372
2018-10-17,52.632755279541016,55.6478385925293,158.94143676757812,92.1732177734375,200.54542541503903,32.662960052490234,29.174365997314453,51.85554885864258,56.92886352539063,60.41315460205078,15.510336875915527,95.98160552978516,115.79000091552734,252.9375915527344
2018-10-18,51.40253448486328,54.26523208618164,154.4549560546875,90.71292877197266,196.90936279296875,32.245235443115234,29.05653190612793,51.45194625854492,57.816184997558594,60.672607421875,15.47700023651123,95.94790649414062,115.91999816894533,249.2848663330078
2018-10-19,52.185394287109375,54.68869400024414,153.5875701904297,90.56188201904295,196.3677978515625,32.611656188964844,29.352617263793945,51.46949005126953,58.65681838989258,60.76156997680664,15.653199195861816,95.7374496459961,116.01000213623048,249.149658203125
2018-10-22,52.50425720214844,54.92311477661133,154.31536865234375,89.26103973388672,197.7603454589844,32.51639175415039,29.34960556030273,51.68007659912109,57.816184997558594,60.15372085571289,15.557955741882324,95.61115264892578,115.70999908447266,248.0313262939453
2018-10-23,52.99919891357422,55.049312591552734,153.92654418945312,88.32950592041016,195.7585601806641,32.31851577758789,29.54901695251465,51.60110855102539,59.2639274597168,59.182655334472656,15.724626541137695,95.91424560546876,116.38999938964844,246.76861572265625
2018-10-24,51.18124008178711,52.40679931640625,145.6016082763672,86.68460845947266,189.2406768798828,31.13131523132324,29.476503372192383,50.94303894042969,56.83545684814453,57.53705596923828,14.45790195465088,96.63831329345705,116.66000366210938,239.2919006347656
2018-10-25,52.30199813842773,54.64430236816406,150.4968719482422,88.00220489501953,197.47024536132807,31.81286239624023,29.965965270996097,51.73271942138672,55.107513427734375,58.04853439331055,14.276939392089844,96.23421478271484,116.4000015258789,243.58493041992188
2018-10-26,51.46915054321289,53.44225692749024,144.93360900878906,86.79369354248047,190.9813995361328,31.219242095947266,29.893451690673828,50.95181274414063,52.77245330810547,57.47032928466797,13.853099822998049,96.81512451171876,116.7699966430664,239.30088806152344
2018-10-29,50.503074645996094,50.879051208496094,141.66346740722656,87.99382019042969,184.74392700195312,31.680944442749023,30.153289794921875,51.21503829956055,52.118629455566406,57.11452102661133,14.115020751953123,96.59622192382812,116.30999755859376,237.97506713867188
2018-10-30,50.75529861450195,51.68357467651367,145.78106689453125,89.54638671875,181.5430145263672,31.431774139404297,30.944887161254883,51.40807342529297,47.54191207885742,58.39692687988281,14.510278701782228,96.11629486083984,115.8000030517578,241.5015563964844
2018-10-31,52.07831573486328,53.70660781860352,151.3343505859375,91.49342346191406,191.15542602539065,31.55635452270508,30.298320770263672,51.12730407714844,47.16830062866211,59.064056396484375,14.610284805297852,95.62799835205078,115.1500015258789,244.0808868408203
2018-11-01,52.877838134765625,53.36893844604492,151.2944793701172,91.45986938476562,193.12820434570312,32.003395080566406,30.38895606994629,51.44318008422851,44.73982620239258,59.79791641235352,14.519803047180176,95.7165985107422,116.62999725341795,246.678466796875
2018-11-02,49.37041473388672,52.75993347167969,149.898681640625,90.95631408691406,191.2037811279297,31.461095809936523,30.61857795715332,56.43569564819336,43.38548278808594,60.74671936035156,14.534090995788574,94.5265884399414,116.6500015258789,245.21739196777344
2018-11-05,47.968875885009766,51.877098083496094,148.23367309570312,91.55216979980467,191.4552001953125,31.89346694946289,31.09292984008789,56.576080322265625,43.33879470825195,60.51692962646485,14.58647632598877,94.89794158935548,116.37000274658205,246.57025146484372
2018-11-06,48.48761367797851,52.66117477416992,149.4899139404297,91.98017120361328,192.586669921875,31.51972770690918,31.21983337402344,57.91854476928711,43.99261093139648,60.77639389038086,14.74362564086914,94.8388442993164,116.04000091552734,248.1305389404297
2018-11-07,49.95816421508789,54.53556823730469,151.07513427734375,93.55795288085938,201.37710571289065,32.53837966918945,31.518951416015625,59.804988861083984,42.965179443359375,61.54728698730469,14.810295104980469,94.96546936035156,116.02999877929688,253.44265747070312
2018-11-08,49.78385543823242,53.9874153137207,147.42611694335938,94.31327056884766,201.97662353515625,32.38329315185547,31.68814468383789,60.29633712768555,42.49817657470703,60.56881713867188,14.781723022460938,94.95701599121094,115.77999877929688,252.98275756835935
2018-11-09,48.82394409179688,53.17690658569336,144.52487182617188,93.39846801757812,198.8433837890625,32.70083999633789,31.89360809326172,60.19104766845703,40.069705963134766,60.5538330078125,14.6150484085083,95.66596221923828,114.4800033569336,250.51150512695312
2018-11-12,46.36447525024414,51.80427551269531,141.12509155273438,91.43466186523438,192.57701110839844,32.57530212402344,31.38298225402832,59.58564758300781,37.31432342529297,59.77511978149414,14.657906532287598,96.29051208496094,113.66000366210938,245.8306884765625
2018-11-13,45.9012451171875,51.675594329833984,141.7332763671875,91.9717788696289,191.63894653320312,32.13957977294922,31.10199928283691,59.146934509277344,40.209808349609375,58.40483856201172,14.443609237670898,96.23145294189452,113.6999969482422,245.3706512451172
2018-11-14,44.60465240478515,52.05516052246094,143.78707885742188,90.07511138916016,191.0684509277344,31.68910217285156,30.67599105834961,59.138092041015625,38.85546875,57.94808197021485,14.52933406829834,96.29051208496094,114.63999938964844,243.6931304931641
2018-11-15,45.70543670654297,53.10508346557617,143.41819763183594,92.37461853027344,194.0952911376953,31.910646438598636,30.07473564147949,59.64973449707031,38.15494918823242,58.547122955322266,14.343608856201172,96.24834442138672,114.7699966430664,246.23651123046875
2018-11-16,46.21165084838867,52.94447708129883,139.11114501953125,92.30745697021484,192.4802703857422,32.1321907043457,29.51577949523925,60.126094818115234,37.45443344116211,59.123680114746094,14.424564361572266,96.80536651611328,115.62000274658205,246.87689208984372
2018-11-19,44.38019943237305,50.87506103515625,131.1551055908203,93.01244354248048,183.0419464111328,32.62699508666992,29.24083709716797,59.90556716918945,36.61381530761719,59.3183822631836,14.453136444091797,97.07540893554688,115.66999816894533,242.7010803222656
2018-11-20,42.259796142578125,51.162353515625,132.03245544433594,91.01507568359376,180.8950958251953,32.146968841552734,28.449237823486328,59.261600494384766,35.72647476196289,57.63360595703125,14.01025676727295,97.10918426513672,115.66999816894533,238.2095947265625
2018-11-21,42.212039947509766,51.75340270996094,134.41529846191406,90.33529663085938,181.4754180908203,31.82941055297852,28.45225524902344,58.89992141723633,36.47369384765625,58.07539367675781,14.176931381225586,97.07540893554688,115.86000061035156,239.02127075195312
2018-11-23,41.13990783691406,51.06858444213867,131.33456420898438,89.50444030761719,176.58212280273438,31.858957290649418,28.73324966430664,57.95603561401367,35.35287094116211,56.5254135131836,13.981679916381836,97.17671966552734,115.7699966430664,237.4249420166016
2018-11-26,41.696266174316406,52.30255508422851,135.9706268310547,91.6948471069336,185.5272216796875,32.00665664672852,28.74835205078125,57.947227478027344,35.39957427978516,57.641090393066406,14.262650489807127,96.95726776123048,115.63999938964844,241.258056640625
2018-11-27,41.60554122924805,52.09257125854492,134.59475708007812,92.08089447021484,186.62001037597656,32.54575729370117,28.715118408203125,58.2912483215332,34.74575424194336,57.69350051879883,14.495993614196776,97.06702423095705,114.9499969482422,242.06968688964844
2018-11-28,43.20538711547851,54.17844772338867,136.34947204589844,93.10475158691406,195.6135406494141,33.158714294433594,29.446292877197266,58.94403076171875,36.14679336547851,58.741790771484375,14.638861656188965,96.5943374633789,115.37999725341795,247.6434631347656
2018-11-29,42.87346267700195,54.28169631958008,138.26368713378906,92.36621856689452,190.17869567871097,33.60920333862305,29.394927978515625,58.99696731567383,37.080810546875,59.19856643676758,14.557905197143556,96.97415924072266,115.73999786376952,247.10232543945312
2018-11-30,42.64185333251953,54.58744430541992,140.18789672851562,93.31456756591795,194.44337463378903,34.14091491699219,29.50369644165039,58.85583114624024,35.02595901489258,59.52801132202149,14.876965522766112,97.3370590209961,115.54000091552734,248.6084899902344
2018-12-03,44.1318588256836,55.18597030639648,140.6664581298828,94.19574737548828,202.94369506835932,33.96367645263672,29.83603858947754,59.54388046264648,36.47369384765625,60.81592178344727,15.100789070129396,98.02820587158205,116.41000366210938,251.90040588378903
2018-12-04,42.190555572509766,52.41228485107422,137.5159454345703,89.9912109375,193.88247680664065,33.3359489440918,28.9477596282959,58.794071197509766,33.99854278564453,59.4756088256836,14.63409423828125,99.66932678222656,117.12000274658205,243.7381591796875
2018-12-06,41.72014999389648,53.30559158325195,139.2108612060547,88.27913665771484,196.30010986328125,33.217796325683594,28.789794921875,58.70586013793945,34.325443267822266,58.696876525878906,14.538848876953123,99.98234558105467,117.13999938964844,243.36849975585935
2018-12-07,40.232540130615234,51.702030181884766,137.0074920654297,86.68460845947266,190.0240020751953,32.43498611450195,28.309812545776367,57.753150939941406,32.73760223388672,58.13528823852539,14.353130340576172,100.16846466064452,118.08999633789062,237.71356201171875
2018-12-10,40.49758529663086,51.85016632080078,141.4241943359375,85.06487274169922,191.5325927734375,32.78947067260742,28.53764915466309,57.77079391479492,32.36399459838867,57.31163024902344,14.243600845336914,100.5829620361328,117.68000030517578,238.1644592285156
2018-12-11,40.26597213745117,52.45867538452149,141.65350341796875,84.23403930664062,191.22312927246097,32.50144958496094,28.51031494140625,58.15010452270508,31.570068359375,57.41646957397461,14.143593788146973,100.5660400390625,117.54000091552734,238.21856689453125
2018-12-12,40.37820053100586,53.053707122802734,144.06622314453125,84.77955627441406,193.6890563964844,32.61223220825195,28.285505294799805,58.33535385131836,31.33655548095703,56.92226409912109,14.362653732299805,100.11768341064452,117.79000091552734,239.41815185546875
2018-12-13,40.81993865966797,52.96492767333984,144.57470703125,84.86347198486328,192.40293884277344,32.91501235961914,28.23994445800781,59.02342224121094,33.62492370605469,57.641090393066406,14.243600845336914,99.88082122802734,117.52999877929688,239.3369903564453
2018-12-14,39.513797760009766,51.977352142333984,143.62754821777344,84.16691589355469,188.89256286621097,32.34636306762695,27.902738571166992,57.63847732543945,33.15791320800781,56.59280014038086,14.391229629516602,100.2276382446289,117.05999755859376,234.9176483154297
2018-12-17,39.14607238769531,50.70198440551758,139.76918029785156,83.09268188476562,184.17335510253903,31.836790084838867,27.57465171813965,56.87101745605469,33.39142227172852,55.43968200683594,14.219786643981934,100.81136322021484,117.87000274658205,230.30894470214844
2018-12-18,39.65467834472656,51.30949401855469,143.228759765625,82.6982421875,185.2951507568359,31.31246757507324,27.66881942749023,57.26798248291016,33.99854278564453,53.91216659545898,14.167407989501951,101.41510772705078,118.1500015258789,230.05638122558597
2018-12-19,38.41777801513672,51.02519226074219,132.8400421142578,81.64920806884766,180.95309448242188,30.99490165710449,27.507816314697266,56.50933837890625,35.822383880615234,52.998653411865234,14.200743675231934,102.7548828125,117.43000030517578,226.6111602783203
2018-12-20,37.44831466674805,50.34685516357422,132.9995574951172,80.94422912597656,176.68849182128906,30.98014068603516,26.514434814453125,54.82447814941406,34.79355239868164,51.3887939453125,13.643572807312012,102.38179779052734,119.23999786376952,222.9224090576172
2018-12-21,35.99174499511719,48.85701370239258,124.57491302490234,79.0307846069336,169.41632080078125,30.965370178222656,26.4688663482666,54.15404891967773,33.437355041503906,51.00690078735352,13.481654167175291,102.36481475830078,118.72000122070312,218.35479736328125
2018-12-24,35.060489654541016,48.69142532348633,123.68759155273438,77.3271484375,168.89405822753906,29.94623374938965,26.07090950012207,53.42189407348633,32.36174392700195,49.05259323120117,13.029252052307127,102.87360382080078,120.0199966430664,212.5852203369141
2018-12-26,37.52950286865234,51.84567642211914,133.77720642089844,80.53301239013672,180.2858428955078,31.15736961364746,27.46529197692871,55.64485931396485,34.55972671508789,51.39626693725586,13.372127532958984,101.7712860107422,119.66000366210938,223.3260955810547
2018-12-27,37.28594207763672,52.06613540649414,134.11619567871094,81.43939208984375,182.47137451171875,31.6447868347168,27.823760986328125,55.7507209777832,33.99853515625,51.62090301513672,13.405461311340332,101.78822326660156,120.56999969482422,225.04063415527344
2018-12-28,37.305057525634766,51.72696685791016,132.80015563964844,81.26313018798828,180.02476501464844,31.72602844238281,27.987796783447266,55.91831970214844,35.12089157104492,51.044342041015625,13.55308723449707,102.64463806152344,121.05999755859376,224.75035095214844
2018-12-31,37.665618896484375,51.65364456176758,130.6964874267578,81.92616271972656,182.4326934814453,32.23558807373047,28.297657012939453,56.80928421020508,35.40149688720703,51.05933380126953,13.591184616088867,103.03470611572266,121.25,226.71890258789065
2019-01-02,37.70859909057617,52.16439056396485,135.272705078125,83.3444595336914,183.48680114746097,31.940195083618164,28.35538101196289,56.738712310791016,37.64624786376953,52.18248748779297,14.067399978637695,103.57742309570312,121.33000183105467,226.9547271728516
2019-01-03,33.95254135131836,50.67854309082031,131.34454345703125,82.15996551513672,175.20892333984375,31.04659843444824,28.20956420898437,54.27755737304688,37.69300842285156,51.38129806518555,14.086453437805176,104.75606536865234,122.43000030517578,221.5389709472656
2019-01-04,35.40195083618164,53.40434646606445,137.53590393066406,85.1888427734375,183.5061187744141,31.75555229187012,28.385757446289062,56.077110290527344,38.48801803588867,53.27571105957031,14.448372840881348,103.5434341430664,121.44000244140624,228.9596099853516
2019-01-07,35.32315826416016,53.28863143920898,137.63558959960938,85.24806213378906,184.91798400878903,31.92541885375977,28.71991920471191,56.077110290527344,40.8730583190918,53.5527458190918,14.710291862487791,103.23820495605467,121.86000061035156,230.7648162841797
2019-01-08,35.996524810791016,53.68216323852539,142.10214233398438,85.08732604980469,186.26454162597656,32.073116302490234,28.9204158782959,56.12120819091797,40.03129577636719,53.94211959838867,14.896015167236328,102.96682739257812,121.52999877929688,232.93296813964844
2019-01-09,36.60781097412109,53.60136413574219,143.79702758789062,84.94348907470703,189.64535522460932,32.00665664672852,28.826248168945312,56.35056686401367,39.75069808959961,54.22664642333984,14.650338172912598,102.8057632446289,122.30999755859376,234.0215759277344
2019-01-10,36.72481155395508,53.38539505004883,143.76712036132812,84.9350357055664,190.78842163085932,31.245994567871097,28.84751319885254,56.62403106689453,41.808380126953125,53.94960784912109,14.796356201171877,102.14434051513672,121.58999633789062,234.8471527099609
2019-01-11,36.36424255371094,52.73000717163086,143.3683319091797,84.52892303466797,189.7712249755859,31.66694450378418,28.811059951782227,56.21825408935547,41.808380126953125,53.7025146484375,15.02511215209961,102.54290771484376,121.8000030517578,234.93783569335935
2019-01-14,35.817440032958984,52.106536865234375,144.9535675048828,85.40036010742188,189.3159637451172,31.290307998657227,28.84447288513184,55.90068054199219,41.621315002441406,53.6351318359375,14.903438568115234,102.1613311767578,122.08999633789062,233.5044860839844
2019-01-15,36.55049896240234,53.72555541992188,148.50286865234375,86.02640533447266,190.37185668945312,31.55616950988769,29.239398956298828,56.52699279785156,40.8262939453125,53.665077209472656,14.893696784973145,101.78822326660156,121.87999725341795,236.18060302734372
2019-01-16,36.99702835083008,53.91609191894531,147.0971221923828,86.72019958496094,191.582763671875,31.098289489746097,29.269777297973636,56.2535400390625,41.99544143676758,53.6426010131836,14.874231338500977,101.88996124267578,122.2699966430664,236.752197265625
2019-01-17,37.216705322265625,54.36149597167969,147.85482788085938,87.07551574707031,193.07456970214844,31.364164352416992,29.38825035095215,56.70341873168945,42.74369812011719,54.00951385498047,14.913166999816896,101.9154281616211,122.11000061035156,238.5483245849609
2019-01-18,37.44593048095703,54.77847290039063,149.58958435058594,88.4884262084961,195.680419921875,31.40847587585449,29.689001083374023,57.07390975952149,42.36956405639648,54.65345764160156,15.068915367126465,101.38118743896484,121.0199966430664,241.72341918945312
2019-01-22,36.60542678833008,53.39487457275391,147.1270294189453,87.09246063232422,193.2198486328125,31.21646308898925,29.61608505249023,57.682594299316406,40.49893951416016,53.82979965209961,14.883963584899902,102.0680160522461,121.4499969482422,238.4575958251953
2019-01-23,36.75346374511719,53.64675521850586,143.86683654785156,86.87248229980469,192.1446228027344,31.13521957397461,29.986705780029297,58.59999084472656,40.8262939453125,53.38802719116211,15.034845352172852,102.02565002441406,121.27999877929688,238.95654296875
2019-01-24,36.46215438842773,53.56345748901367,145.39224243164062,86.9232406616211,193.53953552246097,30.24163055419922,29.8803825378418,57.10919952392578,41.06012725830078,53.46290588378906,14.893696784973145,102.69549560546876,121.08999633789062,239.08351135253903
2019-01-25,37.670387268066406,54.415863037109375,148.56268310546875,87.47318267822266,196.5910491943359,30.01270294189453,29.449010848999023,59.18220138549805,42.83721923828125,53.7025146484375,14.92290210723877,102.20372009277344,122.86000061035156,241.10655212402344
2019-01-28,37.3217658996582,53.3729248046875,147.02731323242188,87.88774108886719,193.89797973632807,29.192960739135746,29.485464096069336,59.01460266113281,41.76161193847656,53.34308624267578,14.927770614624023,102.10194396972656,123.29000091552734,239.27410888671875
2019-01-29,36.93494415283203,52.90108108520508,143.75717163085938,88.1330795288086,193.0067901611328,30.108701705932617,29.379138946533203,59.138092041015625,41.621315002441406,53.54527282714844,14.942367553710938,102.61919403076172,123.9800033569336,238.95654296875
2019-01-30,39.45887756347656,54.31959915161133,149.96847534179688,88.3361587524414,197.6372528076172,30.706886291503903,28.79890823364257,60.11725616455078,42.55663299560547,54.12931823730469,14.295031547546388,102.54290771484376,124.69000244140624,242.73941040039065
2019-01-31,39.74302673339844,55.68175506591797,166.1896209716797,87.56623077392578,204.5247802734375,31.623178482055664,29.11180877685547,60.10844039916992,47.5137825012207,54.87060546875,14.630867004394531,103.4247589111328,124.75,244.87132263183597
2019-02-01,39.76213073730469,55.40144348144531,165.21258544921875,87.88774108886719,207.0821990966797,31.943511962890625,28.51335334777832,60.081974029541016,47.65406036376953,56.84738159179688,14.601661682128906,102.80007934570312,124.5,244.98922729492188
2019-02-04,40.89156723022461,56.501243591308594,168.74192810058594,88.2007827758789,208.1865692138672,31.61573028564453,28.789794921875,59.614444732666016,47.74759292602539,56.02373123168945,14.411843299865724,102.34117126464844,123.95999908447266,246.7128448486328
2019-02-05,41.59120941162109,57.15913009643555,170.6461944580078,87.81159973144531,209.1068115234375,31.36989021301269,29.041934967041016,61.16699981689453,49.71174240112305,56.60028076171875,14.421579360961914,102.80859375,124.27999877929688,247.7469482421875
2019-02-06,41.60554122924805,55.62489700317383,169.9782257080078,87.76929473876953,208.5643768310547,31.53378677368164,29.05409049987793,61.05173110961914,48.963497161865234,56.35319137573242,14.387508392333984,102.85958099365234,123.44000244140624,247.42041015625
2019-02-07,40.81755447387695,54.80091857910156,165.88055419921875,86.61866760253906,207.2759246826172,31.06446647644043,29.385217666625977,61.308876037597656,47.04611206054688,55.918907165527344,14.33397102355957,103.53948974609376,123.73999786376952,245.06179809570312
2019-02-08,40.865516662597656,54.61886215209961,166.82769775390625,85.7557144165039,209.80426025390625,31.45929527282715,29.035860061645508,61.849796295166016,45.876983642578125,56.00974655151367,14.382638931274414,103.98143768310548,124.20999908447266,245.3611297607422
2019-02-11,40.63050842285156,54.61637115478515,165.29232788085938,85.34959411621094,210.30799865722656,31.04957389831543,29.22420692443848,62.062599182128906,46.90581512451172,56.1005973815918,14.460514068603516,103.57347869873048,123.5999984741211,245.4972381591797
2019-02-12,40.980613708496094,55.9311408996582,164.5445556640625,86.80480194091797,212.0614013671875,31.19111442565918,29.45812225341797,61.849796295166016,46.671993255615234,57.0848274230957,14.509188652038574,103.31002807617188,123.86000061035156,248.6541748046875
2019-02-13,40.81036376953125,55.87078857421875,163.57748413085938,87.21936798095703,213.6403961181641,31.06446647644043,29.752796173095703,62.52370071411133,48.49584197998047,57.72835159301758,14.523788452148438,102.91905975341795,123.37000274658205,249.4615173339844
2019-02-14,40.95903396606445,55.94610595703125,163.45785522460938,86.65250396728516,212.9332427978516,31.265600204467773,29.928993225097656,62.81631851196289,46.95257568359375,57.743499755859375,14.499456405639648,103.50547790527344,124.05999755859376,248.9081878662109
2019-02-15,40.86791610717773,55.546085357666016,162.01219177246094,89.3006591796875,215.1612548828125,31.5859375,30.375560760498047,62.70105743408203,47.18640899658203,58.83370590209961,14.830425262451172,103.66699981689452,124.8000030517578,251.62060546875
2019-02-19,40.99021530151367,55.79098892211914,161.80282592773438,88.98760986328125,213.6888427734375,31.73491859436035,31.04692649841309,62.24880599975586,47.37346649169922,59.2274055480957,14.908299446105955,103.930419921875,126.6999969482422,252.0560302734375
2019-02-20,41.25400161743164,55.55356979370117,162.07200622558594,89.41911315917969,214.19259643554688,31.43694305419922,30.34214782714844,62.41728591918945,47.233177185058594,59.45451736450195,15.01538372039795,103.63298034667967,126.4800033569336,252.5640563964844
2019-02-21,41.02138137817383,54.71413040161133,159.55958557128906,89.23296356201172,212.4488525390625,31.39223861694336,30.193283081054688,62.69219207763672,46.90581512451172,58.916988372802734,15.005644798278809,102.70659637451172,125.0500030517578,251.66587829589844
2019-02-22,41.47941207885742,55.38249206542969,161.40403747558594,88.8353271484375,216.33343505859372,32.00311279296875,30.24189186096191,63.224239349365234,47.56053161621094,59.3712158203125,15.161396980285645,103.31851959228516,125.5,253.22630310058597
2019-02-25,41.78157424926758,55.334110260009766,164.12583923339844,89.7659683227539,216.33343505859372,32.09249496459961,30.11126136779785,63.00255584716797,50.60028076171875,59.43182373046875,15.151659965515137,103.01256561279295,125.37000274658205,253.5709686279297
2019-02-26,41.80555725097656,55.61990737915039,163.63729858398438,89.08068084716797,216.9921875,32.04780960083008,29.98063468933105,63.08234786987305,51.84611892700195,59.55294799804688,15.195470809936523,103.52247619628906,125.58000183105467,253.3895568847656
2019-02-27,41.93503952026367,55.66579818725586,162.32127380371094,88.97068786621094,217.5443572998047,31.98076057434082,29.80443954467773,62.20449066162109,52.91612243652344,60.16619491577149,15.117593765258787,102.34967803955078,124.69000244140624,253.2807464599609
2019-02-28,41.52259063720703,55.85881805419922,160.96534729003906,88.29383087158203,217.7380828857422,32.29362869262695,30.071765899658203,62.30202865600586,50.5329475402832,59.83307266235352,15.146795272827148,102.00125122070312,123.98999786376952,252.80894470214844
2019-03-01,41.95903015136719,56.90974044799805,161.79286193847656,88.35307312011719,220.1405029296875,32.30108642578125,29.749757766723636,62.8251953125,49.949317932128906,60.56745147705078,15.000777244567873,101.05843353271484,121.87999725341795,254.38743591308597
2019-03-04,42.17006301879883,57.24940490722656,166.86756896972656,88.1500015258789,219.21051025390625,32.085052490234375,29.72546005249023,62.91386413574219,50.48432159423828,60.8021240234375,14.59193515777588,101.8504867553711,121.55999755859376,253.46214294433597
2019-03-05,42.09331893920898,57.95916748046875,170.7458953857422,88.08233642578125,219.1427154541016,31.95095443725586,29.874305725097656,63.47251129150391,48.10114669799805,60.71131134033203,14.577329635620115,102.06340026855467,121.72000122070312,253.1173858642578
2019-03-06,41.85112380981445,57.75117492675781,171.99215698242188,87.75238800048828,217.4474334716797,31.183664321899418,29.85000801086425,63.197635650634766,44.30752944946289,60.02232360839844,14.509188652038574,102.43815612792967,121.61000061035156,251.5843048095703
2019-03-07,41.36670684814453,57.02495956420898,168.62229919433594,87.1178207397461,215.4518890380859,30.833532333374023,29.603939056396484,62.61238098144531,45.96115112304688,60.68857955932617,14.562726974487305,103.1024169921875,121.51000213623048,249.47972106933597
2019-03-08,41.46503448486328,56.97607803344727,169.09091186523438,87.15167236328125,214.92877197265625,30.4610595703125,29.64647102355957,61.50397491455078,46.64278793334961,59.81792449951172,14.582200050354004,103.53675842285156,122.83999633789062,248.9807586669922
2019-03-11,42.90147018432617,58.64397811889648,171.553466796875,88.28536987304688,218.5808258056641,30.91547203063965,29.91683959960937,61.78772735595703,48.200782775878906,60.40088272094727,14.70874309539795,103.23021697998048,122.23999786376952,252.5912628173828
2019-03-12,43.383487701416016,59.51384353637695,171.4039306640625,88.02311706542969,219.84022521972656,31.086811065673828,29.88342666625977,62.11580657958984,47.5191535949707,60.56745147705078,14.908299446105955,103.95407104492188,122.9800033569336,253.54376220703125
2019-03-13,43.575340270996094,59.51982879638672,172.8495635986328,88.3192367553711,221.35137939453125,31.295408248901367,30.083919525146484,62.16014099121094,48.785037994384766,61.1049919128418,14.73794937133789,103.75819396972656,123.83999633789062,255.2220001220703
2019-03-14,44.05973815917969,59.13228225708008,169.6591796875,89.12297821044922,222.3297576904297,30.684539794921875,29.998401641845703,62.72765350341797,50.14829254150391,60.90056991577149,14.73794937133789,103.00871276855467,122.41000366210938,255.05877685546875
2019-03-15,44.63287734985352,59.077911376953125,165.48175048828125,90.1467056274414,223.9378204345703,31.12406349182129,30.05948829650879,62.665557861328125,48.4929084777832,60.68102264404297,14.927770614624023,103.69011688232422,122.97000122070312,256.31884765625
2019-03-18,45.08852005004883,59.06793975830078,159.98829650878906,90.6881866455078,223.18223571777344,31.14640998840332,30.438207626342773,62.81631851196289,49.66141891479492,61.38512420654297,14.991044044494627,103.63043975830078,123.04000091552734,257.2483215332031
2019-03-19,44.73119735717773,59.795654296875,161.08499145507812,90.35821533203124,223.7828521728516,31.51144218444824,30.496234893798828,63.29515838623047,49.61272430419922,61.22611618041992,14.932636260986328,103.40049743652344,123.37999725341795,257.3121032714844
2019-03-20,45.1220817565918,61.04857635498047,164.943359375,88.42921447753906,222.69786071777344,31.41459083557129,30.126678466796875,63.516849517822266,49.75879669189453,61.56683349609375,14.849894523620604,104.48211669921876,124.18000030517578,256.5375366210937
2019-03-21,46.783958435058594,61.4261474609375,165.58145141601562,87.03324890136719,228.4907989501953,31.548683166503903,30.254953384399418,64.07550048828125,50.002227783203125,61.92264938354492,15.117593765258787,104.71208953857422,123.68000030517578,259.43505859375
2019-03-22,45.81513214111328,60.12733840942383,163.8466796875,84.4020004272461,223.54063415527344,31.17620658874512,30.0167293548584,63.80948638916016,48.59028625488281,60.93085479736328,15.122455596923828,106.33875274658205,123.97000122070312,254.4418792724609
2019-03-25,45.26117706298828,59.503868103027344,165.79080200195312,83.69979095458984,223.21127319335932,31.20600128173828,29.983131408691406,64.11096954345703,48.10340881347656,60.50689315795898,14.976441383361816,106.50907135009766,124.91999816894533,254.2505798339844
2019-03-26,44.79354476928711,59.08589553833008,167.17665100097656,84.53736877441406,225.99151611328125,31.6008243560791,30.02895164489746,64.69620513916016,49.1745491027832,61.29427337646485,15.278209686279297,106.43242645263672,124.3000030517578,256.1457824707031
2019-03-27,45.19643020629883,58.50731658935547,165.3720703125,84.2497329711914,225.24560546875,31.302854537963867,29.68992805480957,64.50112915039062,48.4929084777832,60.82485961914063,15.283072471618652,107.41184997558594,123.6500015258789,254.80636596679688
2019-03-28,45.25637435913086,58.281368255615234,165.0530548095703,85.20574951171875,227.5124053955078,31.503982543945312,29.66549491882324,65.58293914794922,48.15209197998047,61.127708435058594,15.093255996704102,107.78656768798828,121.9000015258789,255.7721710205078
2019-03-29,45.55134582519531,58.52178192138672,166.1896209716797,85.64571380615234,228.08395385742188,31.638086318969727,29.78766250610352,65.91990661621094,48.63896942138672,61.173118591308594,15.263607025146484,107.68441009521484,122.01000213623048,257.38494873046875
2019-04-01,45.86069107055664,59.5751953125,168.19358825683594,88.53073120117188,231.57130432128903,31.91371726989746,29.87623405456543,65.58293914794922,49.1745491027832,61.87723922729492,15.550771713256836,106.1548309326172,121.52999877929688,260.4372863769531
2019-04-02,46.52735900878906,59.87745666503906,173.67706298828125,88.95374298095703,231.77471923828125,31.965856552124023,29.607465744018555,65.85783386230469,49.85615921020508,61.612247467041016,15.395027160644531,106.35115051269533,121.9800033569336,260.5649719238281
2019-04-03,46.84630584716797,60.14828872680664,173.01905822753906,89.13143920898438,231.45506286621097,31.91371726989746,29.68382453918457,65.91104125976562,49.1745491027832,61.24884414672851,15.511838912963867,105.42935180664062,121.8000030517578,260.9749450683594
2019-04-04,46.92784118652344,60.601173400878906,175.4916229248047,89.99247741699219,228.6748504638672,31.83921241760254,29.964805603027344,65.92876434326172,48.83372116088867,62.11949157714844,15.565373420715332,105.72810363769533,122.11000061035156,261.6674194335937
2019-04-05,47.241973876953125,60.20963287353515,175.1925048828125,89.77935791015625,229.22703552246097,32.02545928955078,30.18470764160156,66.53174591064453,48.7363510131836,62.45261001586914,15.74546241760254,105.86465454101562,121.9800033569336,262.93389892578125
2019-04-08,47.985382080078125,60.0445442199707,174.40489196777344,90.0692138671875,229.19793701171875,32.1371955871582,30.306873321533203,66.68250274658203,46.2046012878418,62.83874130249024,15.764930725097656,105.48908233642578,122.51000213623048,263.1343688964844
2019-04-09,47.841495513916016,59.71584701538086,177.04693603515625,89.40426635742188,228.84869384765625,31.91371726989746,30.14195442199707,66.61154174804688,44.89002990722656,62.02865982055664,15.782450675964355,105.82194519042967,123.1500015258789,261.785888671875
2019-04-10,48.110084533691406,59.960750579833984,177.2862091064453,89.80494689941406,229.9642791748047,31.831764221191406,30.419883728027344,66.9307861328125,44.597900390625,61.74851989746094,15.847067832946776,106.07801818847656,123.52999877929688,262.67877197265625
2019-04-11,47.70960235595703,60.08344268798828,176.97714233398438,90.56366729736328,228.97479248046875,31.489091873168945,30.786392211914062,67.27661895751953,44.40315628051758,62.04378128051758,16.00613784790039,105.45491790771484,121.9499969482422,262.6058654785156
2019-04-12,47.6904182434082,60.74432373046875,178.56236267089844,94.80924987792967,231.6812896728516,31.071918487548828,31.018516540527344,67.96825408935547,43.81890487670898,61.263973236083984,16.00613784790039,104.70380401611328,121.83000183105467,264.3826599121094
2019-04-15,47.77674102783203,60.90542984008789,179.1107177734375,93.7265396118164,231.99168395996097,31.354999542236328,31.284229278564453,67.53377532958984,43.721527099609375,61.059566497802734,15.916658401489258,104.96843719482422,121.5999984741211,264.2095642089844
2019-04-16,47.78154373168945,61.2061882019043,178.3330535888672,94.7154769897461,232.903564453125,30.4833984375,31.436935424804688,67.12586212158203,44.50052261352539,61.4759635925293,16.030994415283203,104.3111801147461,120.51000213623048,264.3826599121094
2019-04-17,48.71200180053711,61.66556167602539,178.2433319091797,97.44355010986328,233.78631591796875,29.708654403686523,31.507173538208008,66.61154174804688,44.40315628051758,61.65010452270508,15.881865501403809,104.35386657714844,120.27999877929688,263.7356872558594
2019-04-18,48.88706588745117,61.66705703735352,177.74481201171875,96.72743225097656,233.6796417236328,29.3361873626709,31.51329040527344,67.44509887695312,45.52296447753906,61.42298126220703,15.921634674072266,104.90013885498048,120.37000274658205,264.2551574707031
2019-04-22,49.0477294921875,62.28902816772461,180.8953399658203,96.8467788696289,235.7749481201172,29.038196563720703,31.265899658203125,66.85984802246094,45.37690353393555,62.76302719116211,15.946490287780762,104.39656829833984,120.37000274658205,264.48291015625
2019-04-23,49.755157470703125,63.07260513305664,183.22833251953125,96.96614074707033,236.20181274414065,29.365976333618164,31.479692459106445,67.38301086425781,45.42559051513672,63.12642288208008,15.95642375946045,104.61848449707033,120.12000274658205,266.8610534667969
2019-04-24,49.67841720581055,62.64615249633789,182.03192138671875,96.80414581298828,237.9478912353516,29.328725814819336,31.62019157409668,67.73771667480469,45.37690353393555,61.89993667602539,15.305249214172363,105.4720230102539,120.47000122070312,266.2687683105469
2019-04-25,49.22757339477539,63.01774215698242,192.67987060546875,96.85530090332033,238.25836181640625,29.507524490356445,31.61713600158691,68.37616729736328,44.40315628051758,62.24818801879883,15.08155918121338,105.3183822631836,120.56999969482422,266.104736328125
2019-04-26,48.99257278442383,63.45317459106445,190.9151763916016,97.5884780883789,239.29632568359372,29.775697708129883,31.00933837890625,68.67764282226562,46.59409713745117,60.93842697143555,15.250571250915527,105.67684173583984,121.37000274658205,267.34393310546875
2019-04-29,49.06692123413086,64.22128295898438,194.19529724121097,98.9951400756836,239.73284912109372,29.49262046813965,31.018516540527344,68.1988296508789,47.37308883666992,60.54474258422851,15.34998893737793,105.00257873535156,120.83000183105467,267.7631225585937
2019-04-30,48.122066497802734,59.27842330932617,192.81944274902344,98.93547821044922,246.63003540039065,30.252464294433597,31.409454345703125,68.881591796875,49.51535415649414,60.7794303894043,15.389748573303224,105.54031372070312,121.1999969482422,267.89971923828125
2019-05-01,50.48418045043945,58.26091766357422,192.4505615234375,98.1767349243164,241.30438232421875,30.371658325195312,30.957422256469727,68.73973083496094,49.1745491027832,59.56050109863281,15.305249214172363,105.97566223144533,120.4000015258789,265.8860778808594
2019-05-02,50.15563583374024,57.988094329833984,191.95204162597656,98.38983917236328,239.7910919189453,30.550451278686523,30.893287658691406,68.69537353515625,49.90486145019531,58.515743255615234,15.220746994018556,105.47101593017578,119.94000244140624,265.3120422363281
2019-05-03,50.77914047241211,59.12479782104492,194.8832244873047,98.9951400756836,240.52828979492188,30.833532333374023,31.17732620239257,69.20970916748047,51.122047424316406,58.65201568603515,15.260506629943848,105.77037048339844,120.6500015258789,267.9088134765625
2019-05-06,49.99495697021485,59.32381439208984,193.29800415039065,98.11703491210938,241.1976776123047,31.027210235595703,31.293380737304688,69.21854400634766,50.78123474121094,58.39459609985352,15.205832481384276,106.06119537353516,120.80999755859376,266.8063659667969
2019-05-07,48.64725112915039,58.56118774414063,189.20034790039065,96.5143051147461,237.72476196289065,30.41635513305664,30.939096450805664,69.12989807128906,49.22322845458984,58.084205627441406,15.176003456115724,106.8737335205078,121.20999908447266,262.35076904296875
2019-05-08,48.65684509277344,58.1706428527832,188.9710235595703,96.00279235839844,237.98670959472656,30.50575065612793,30.63368225097656,69.5307846069336,49.46665573120117,58.1750373840332,15.061675071716309,106.41185760498048,120.91000366210938,261.986328125
2019-05-09,48.13405227661133,57.97661972045898,188.08370971679688,95.92605590820312,237.96731567382807,30.54333877563477,30.56305503845215,69.39713287353516,48.88241195678711,58.12203598022461,15.101441383361816,106.84806060791016,121.1999969482422,261.1936950683594
2019-05-10,47.46723175048828,58.07088851928711,187.77462768554688,95.91754150390624,240.0238494873047,30.60346031188965,31.290740966796875,69.86038208007812,49.32060623168945,58.6274642944336,15.220746994018556,106.7026824951172,121.43000030517578,262.50567626953125
2019-05-13,44.70847702026367,56.46284103393555,180.9950408935547,93.30880737304688,234.1549530029297,30.490720748901367,30.6705265045166,68.31031799316406,48.05472946166992,57.976539611816406,15.146180152893066,107.54092407226562,122.66999816894533,255.9088592529297
2019-05-14,45.41621780395508,55.8847541809082,180.1874542236328,94.05049896240234,238.5784912109375,30.55836296081543,30.793344497680664,68.64884948730469,50.24565887451172,58.05311965942383,15.454375267028809,107.22444915771484,122.45999908447266,258.22320556640625
2019-05-15,45.960262298583984,58.0678939819336,185.7108459472656,93.69243621826172,241.69236755371097,30.926624298095703,30.66745948791504,69.27243041992188,49.95353698730469,58.48196029663086,15.533909797668455,107.88306427001952,122.38999938964844,259.7356872558594
2019-05-16,45.75805282592773,58.80458831787109,186.42868041992188,94.89449310302734,245.8346099853516,31.29487991333008,31.10652542114257,70.28799438476562,49.32060623168945,58.47428894042969,15.717830657958984,107.52378845214844,121.51000213623048,262.1412048339844
2019-05-17,45.49805450439453,57.972633361816406,184.74375915527344,94.43413543701172,244.9906005859375,31.16712951660156,30.968358993530277,70.29691314697266,48.68766021728515,58.12969207763672,15.807310104370115,107.76329803466795,120.6500015258789,260.4463806152344
2019-05-20,44.07534408569336,56.803001403808594,182.17149353027344,94.92859649658205,245.90245056152344,31.25730323791504,31.171009063720703,68.29247283935547,48.10340881347656,58.12205123901367,16.001161575317383,107.54092407226562,120.63999938964844,258.72430419921875
2019-05-21,44.92032241821289,57.34067916870117,184.26519775390625,95.25257110595705,247.71652221679688,31.31743621826172,31.04818725585937,69.06751251220703,48.4929084777832,58.39006042480469,16.110525131225586,107.36984252929688,120.36000061035156,261.0569152832031
2019-05-22,44.00071716308594,57.429962158203125,184.7637176513672,94.47676849365234,249.21043395996097,31.55792999267578,31.388999938964844,68.81807708740234,48.200782775878906,57.86167907714844,16.045909881591797,107.98570251464844,120.23999786376952,260.25518798828125
2019-05-23,43.24964141845703,56.89876556396485,180.3270568847656,92.61824798583984,242.25503540039065,31.505327224731445,31.2753963470459,68.06977081298828,46.54540252685547,56.50627517700195,15.976309776306152,109.2002410888672,121.16999816894533,257.0752868652344
2019-05-24,43.08353805541992,56.53466033935547,180.5164794921875,93.53048706054688,243.95265197753903,31.527868270874023,31.524099349975582,67.83814239501953,46.00984191894531,56.743648529052734,16.04093360900879,109.29432678222656,121.3000030517578,257.65826416015625
2019-05-28,42.90540313720703,56.56857681274414,183.75672912597656,92.51596069335938,245.84429931640625,31.490293502807617,31.44735145568848,67.43726348876953,45.5716438293457,55.602657318115234,15.871925354003906,110.08126068115234,120.83000183105467,255.2618865966797
2019-05-29,42.70077896118164,55.68624496459961,181.64309692382807,92.26019287109376,245.97039794921875,31.35501480102539,31.35523223876953,67.06310272216797,45.62033462524414,55.2580680847168,15.861983299255373,110.41485595703124,120.87000274658205,253.5489501953125
2019-05-30,42.9222412109375,55.76055908203125,182.46063232421875,91.2712860107422,246.58155822753903,31.490293502807617,31.37672233581543,67.8559799194336,46.10721969604492,55.112552642822266,15.837129592895508,111.36422729492188,121.69000244140624,254.24143981933597
2019-05-31,42.14469146728515,55.04631805419922,176.93727111816406,90.33349609375,243.96237182617188,31.20469856262207,31.14644241333008,67.75798034667969,45.96114730834961,54.193634033203125,15.200858116149902,112.75843048095705,123.33000183105467,250.81549072265625
2019-06-03,41.71859359741211,51.68457412719727,163.65724182128906,90.75975036621094,235.0086212158203,31.505327224731445,31.30610084533691,67.90050506591797,46.39933776855469,55.04363632202149,15.454375267028809,113.51268005371094,125.11000061035156,250.1776428222656
2019-06-04,43.244815826416016,52.52350997924805,166.9971923828125,93.55602264404295,241.7215118408203,31.73830795288086,31.49032974243164,69.9494857788086,48.68766021728515,56.35311126708984,15.648238182067873,112.21851348876952,125.1500015258789,255.60818481445312
2019-06-05,43.94294738769531,51.983341217041016,167.66517639160156,93.88853454589844,248.58956909179688,31.926204681396484,32.06143569946289,71.23228454589844,48.15209197998047,55.885986328125,15.747655868530272,111.584228515625,125.47000122070312,257.8223571777344
2019-06-06,44.58810424804688,52.08907699584961,167.82470703125,94.09312438964844,250.11257934570312,32.099056243896484,32.27328872680664,72.51510620117188,48.29816055297851,56.90445327758789,15.95642375946045,111.94418334960938,125.87999725341795,259.4988098144531
2019-06-07,45.77490234375,53.17142105102539,172.82962036132812,93.06156158447266,257.8439025878906,32.25687789916992,32.56498336791992,73.47722625732422,48.59028625488281,57.1112174987793,16.15028953552246,112.91267395019533,126.58999633789062,262.0955505371094
2019-06-10,46.35987854003906,53.88666534423828,174.29522705078125,94.06754302978516,258.1350402832031,32.369625091552734,33.013267517089844,72.98725891113281,48.93110275268555,57.36392593383789,15.871925354003906,111.84994506835938,125.33000183105467,263.2983703613281
2019-06-11,46.89670944213867,53.80386734008789,177.5653839111328,94.35740661621094,255.76803588867188,32.06898880004883,33.142215728759766,73.37926483154297,49.271915435791016,57.310340881347656,15.961398124694824,111.91851043701172,125.18000030517578,263.2345886230469
2019-06-12,46.74745559692383,53.71957778930664,174.51455688476562,93.15533447265624,255.95233154296875,32.37713623046875,33.41241836547852,73.87812042236328,50.05091094970703,56.6900520324707,15.99619960784912,112.00414276123048,125.83000183105467,262.7699279785156
2019-06-13,46.73781967163086,54.30513381958008,176.93727111816406,93.38555908203124,253.3817443847656,31.94122695922852,33.360225677490234,74.25225830078125,50.19698333740234,57.187801361083984,16.05087661743164,112.38992309570312,126.5999984741211,263.8542175292969
2019-06-14,46.39839172363281,54.13455581665039,180.7856903076172,93.62423706054688,252.31463623046875,32.13663101196289,33.48918533325195,75.04512023925781,49.80748748779297,56.935096740722656,16.080703735351562,112.67274475097656,126.55999755859376,263.56268310546875
2019-06-17,46.675235748291016,54.49117660522461,188.4426116943359,93.11273193359376,251.44158935546875,32.226829528808594,33.516807556152344,73.95826721191406,48.93110275268555,57.501766204833984,16.055845260620117,112.86986541748048,126.4800033569336,263.6628112792969
2019-06-18,47.7729721069336,55.04481887817383,187.90423583984372,94.38299560546876,251.0632476806641,32.369625091552734,33.66726303100586,73.86920166015625,50.7325439453125,57.99951171875,16.125438690185547,113.43551635742188,127.12000274658205,266.42364501953125
2019-06-19,47.63333511352539,54.981475830078125,186.9172210693359,93.70096588134766,252.0915374755859,32.69278335571289,33.65804672241211,74.66206359863281,50.343040466308594,57.67789459228515,16.110525131225586,113.59833526611328,127.88999938964844,267.02508544921875
2019-06-20,48.01611328125,55.43486404418945,188.9610748291016,93.93968963623048,258.804443359375,32.7679328918457,33.87298583984375,75.44601440429688,51.75498580932617,58.66573333740234,16.17514991760254,113.89834594726562,131.11000061035156,269.5762939453125
2019-06-21,47.8524055480957,55.95658493041992,190.56622314453125,93.30030059814452,256.5538024902344,32.82054901123047,34.12168884277344,74.67096710205078,51.02466583251953,59.49276351928711,16.13041114807129,112.64702606201172,131.97999572753906,269.1844482421875
2019-06-24,47.80426406860352,55.63935852050781,192.0218505859375,92.63531494140624,257.35894775390625,32.88819885253906,34.15546798706055,74.51952362060547,50.05091094970703,58.92610168457031,16.195026397705078,113.4869613647461,133.94000244140625,268.85479736328125
2019-06-25,47.07965850830078,54.18443298339844,188.2731170654297,91.86804962158205,251.9557647705078,32.88819885253906,33.995792388916016,75.05403900146484,49.75879669189453,58.4053840637207,16.180116653442383,113.8383560180664,134.1999969482422,266.21795654296875
2019-06-26,48.097957611083984,53.85773849487305,187.0966796875,92.48186492919922,253.47872924804688,32.30949783325195,33.823856353759766,74.27899932861328,50.002227783203125,58.6580810546875,16.170177459716797,113.10983276367188,132.97000122070312,265.9523620605469
2019-06-27,48.08351135253906,53.66869735717773,188.93116760253903,92.78878784179688,253.2847442626953,32.64017105102539,33.80543518066406,74.43934631347656,50.63516616821289,58.0607795715332,16.39386749267578,113.90694427490234,132.83999633789062,266.8953857421875
2019-06-28,47.64538192749024,53.91310119628906,192.4206390380859,95.31224060058594,256.6120300292969,32.55751419067383,33.9251823425293,74.67987060546875,51.17124938964844,58.68105316162109,16.657318115234375,113.8297882080078,133.1999969482422,268.268798828125
2019-07-01,48.51924133300781,54.76300811767578,192.4206390380859,96.9149932861328,258.784912109375,32.89570999145508,33.96509552001953,75.32128143310547,51.8047981262207,58.6274642944336,16.617557525634766,113.5635757446289,130.6199951171875,270.7042541503906
2019-07-02,48.80329132080078,55.42638397216797,194.4146423339844,97.0172882080078,262.4713134765625,33.23390579223633,34.265995025634766,76.17649841308594,51.75606536865234,57.98420715332031,16.82135581970215,114.43952178955078,133.41000366210938,271.4093017578125
2019-07-03,49.20772552490234,55.94161605834961,196.6080322265625,96.8627471923828,264.9060363769531,33.36919021606445,34.48706817626953,78.20763397216797,51.70733642578125,58.53556060791016,16.89095115661621,115.25534057617188,133.6300048828125,273.57928466796875
2019-07-05,49.16438674926758,56.44088745117188,195.81044006347656,97.43800354003906,263.9943542480469,33.00843811035156,34.38266372680664,78.20763397216797,51.17124938964844,58.29817962646485,17.050016403198242,113.72674560546876,132.13999938964844,273.2679748535156
2019-07-08,48.15091323852539,55.68075942993164,195.17234802246097,96.9056625366211,263.43096923828125,32.54247283935547,34.60988998413086,77.89582824707031,49.709205627441406,58.56618881225586,17.025157928466797,113.88134002685548,131.2899932861328,271.7664489746094
2019-07-09,48.44459915161133,56.10372161865234,198.6120147705078,97.31780242919922,265.4803161621094,32.59508514404297,34.65901184082031,77.70878601074219,49.952880859375,58.52790832519531,17.00753402709961,113.83838653564452,131.75,272.1051940917969
2019-07-10,48.92365646362305,56.8843002319336,202.12142944335932,97.0344696044922,267.4615478515625,33.11366271972656,34.68971252441406,78.73323059082031,49.709205627441406,59.35493087768555,17.119094848632812,113.21146392822266,133.8300018310547,273.40533447265625
2019-07-11,48.56739044189453,57.070343017578125,200.62594604492188,97.96170806884766,270.31707763671875,32.301979064941406,34.97833251953125,79.34793853759766,49.270599365234375,59.400875091552734,16.966968536376953,111.70008087158205,132.6999969482422,274.0462341308594
2019-07-12,48.94051742553711,57.104759216308594,204.2550048828125,98.99197387695312,271.50201416015625,31.866071701049805,35.18712615966797,79.97151184082031,50.53769302368164,59.44682693481445,17.063312530517578,111.82888793945312,133.52999877929688,275.273193359375
2019-07-15,49.40030670166016,57.376094818115234,203.29791259765625,97.79000091552734,271.3368835449219,32.12912368774414,35.303802490234375,80.31897735595703,50.05035018920898,59.025657653808594,17.093738555908203,112.4729232788086,133.52999877929688,275.3646850585937
2019-07-16,49.22938919067383,57.537696838378906,203.2281036376953,98.8374481201172,268.6658935546875,32.20427703857422,35.23624420166016,80.2476806640625,50.5864372253418,58.14502716064453,17.027816772460938,112.1380386352539,132.39999389648438,274.4765930175781
2019-07-17,48.95255279541016,57.17708206176758,201.19422912597656,97.86726379394533,267.3644714355469,32.12160110473633,35.18712615966797,80.39912414550781,48.63705825805664,57.800418853759766,16.865550994873047,113.3488998413086,134.5800018310547,272.60870361328125
2019-07-18,49.50864791870117,57.17608642578125,200.1772918701172,98.45108795166016,268.8212585449219,32.36210250854492,35.223960876464844,81.51268768310547,49.02692413330078,57.310340881347656,16.779346466064453,113.35746002197266,136.47999572753906,273.6066589355469
2019-07-19,48.76959228515625,56.36657333374024,197.7645568847656,97.48092651367188,267.67529296875,32.14414978027344,34.97219467163086,80.44367218017578,48.92945098876953,57.42518997192383,16.627225875854492,113.09129333496094,134.47000122070312,272.0868835449219
2019-07-22,49.88417816162109,56.76409912109375,201.71267700195312,98.10765075683594,270.5987548828125,32.181724548339844,34.64059066772461,80.99598693847656,49.75794219970703,57.486446380615234,16.29254913330078,113.30596923828124,134.4499969482422,272.7552795410156
2019-07-23,50.27415084838867,57.17010116577149,201.7525329589844,99.90204620361328,270.94842529296875,32.3846549987793,34.41645431518555,80.27439880371094,51.90227127075195,57.71617889404297,16.272266387939453,112.68763732910156,133.69000244140625,274.7055053710937
2019-07-24,50.23323440551758,56.75112533569336,204.045654296875,100.3055648803711,272.1915588378906,32.23433303833008,34.38880157470703,80.75548553466797,52.04846954345703,57.70852279663086,16.855411529541016,113.17716979980467,134.3699951171875,275.9964904785156
2019-07-25,49.83602523803711,56.467323303222656,200.1074981689453,99.34398651123048,271.3174743652344,32.06898880004883,34.45635986328125,81.04944610595703,50.830108642578125,57.37924575805664,17.144451141357422,112.63612365722656,133.4199981689453,274.67803955078125
2019-07-26,50.00935745239258,62.36733627319336,199.15037536621097,99.7818603515625,273.959228515625,32.3846549987793,34.701995849609375,88.29206085205078,51.21998596191406,57.28734970092773,17.31685447692871,112.90230560302734,133.63999938964844,276.5183410644531
2019-07-29,50.47637939453125,61.81868743896485,195.3518218994141,99.46417236328124,273.34747314453125,31.152097702026367,34.471717834472656,87.32102966308594,50.5864372253418,57.69319915771485,17.41320037841797,112.93669128417967,134.52999877929688,276.0146789550781
2019-07-30,50.25971221923828,61.106929779052734,196.4485015869141,99.240966796875,270.1617126464844,29.152956008911133,34.4072265625,86.10055541992188,51.26872253417969,57.70087814331055,17.332067489624023,113.21146392822266,134.97999572753906,275.3372497558594
2019-07-31,51.28521728515625,60.684967041015625,193.64694213867188,99.59295654296876,264.4410400390625,29.190523147583008,33.89140319824219,84.3544921875,50.92757797241211,56.942752838134766,17.266145706176758,114.12177276611328,133.2100067138672,272.3249206542969
2019-08-01,50.17546463012695,60.30241012573242,192.1514587402344,96.9657974243164,266.2767028808594,29.01605224609375,33.5843505859375,84.96918487548828,49.1244010925293,55.487789154052734,17.30164337158203,116.38827514648438,136.41000366210938,269.9534606933594
2019-08-02,49.11383819580078,59.5532455444336,188.45260620117188,96.95720672607422,261.7020874023437,28.82640266418457,33.59050369262695,85.08499908447266,48.73453140258789,54.9441032409668,17.32699966430664,117.4638671875,135.88999938964844,267.92095947265625
2019-08-05,46.54283142089844,57.474853515625,181.1844787597656,94.07241821289062,249.45469665527344,28.037464141845703,32.49128723144531,83.47256469726562,47.07755279541016,53.81840896606445,16.982179641723633,119.49456024169922,137.7899932861328,259.8636474609375
2019-08-06,47.42390823364258,58.35419464111328,183.95611572265625,94.81078338623048,257.0692138671875,28.02988815307617,32.936485290527344,84.93353271484375,46.63894271850586,54.339134216308594,17.220510482788086,120.44974517822266,138.91000366210938,263.5077514648437
2019-08-07,47.91498947143555,58.55569839477539,184.59420776367188,92.7502670288086,261.566162109375,27.74920463562012,33.22205352783203,85.14816284179688,46.10285949707031,53.98688507080078,17.27121925354004,120.4927749633789,141.02000427246094,263.6634216308594
2019-08-08,48.9718017578125,60.09242248535156,189.58917236328125,94.32141876220705,270.04510498046875,27.969200134277344,33.48431396484375,86.08708190917969,46.24906921386719,55.426517486572266,17.51461410522461,120.75086212158205,141.72999572753906,268.8365173339844
2019-08-09,48.56826400756836,59.254981994628906,187.28611755371097,94.21835327148438,267.0439453125,27.574731826782227,33.101715087890625,86.11393737792969,44.59210205078125,54.24723052978515,17.51461410522461,120.5099639892578,141.25999450683594,267.0052490234375
2019-08-12,48.44501495361328,58.591609954833984,184.81353759765625,92.4497299194336,262.2362670898437,26.84648704528809,32.466102600097656,84.87094116210938,44.10474395751953,53.98363494873047,17.484193801879883,123.0226058959961,142.6300048828125,263.75494384765625
2019-08-13,50.49658203125,59.71684646606445,187.88430786132807,93.87496185302734,266.6360168457031,26.702348709106445,33.1418342590332,86.40900421142578,45.56678009033203,54.65038299560547,17.6768798828125,122.60094451904295,141.77999877929688,267.8568115234375
2019-08-14,48.993560791015625,58.0718879699707,179.17054748535156,89.97708129882812,259.4682312011719,25.97410774230957,32.76848220825195,84.87989807128906,44.00727081298828,52.44855880737305,17.286428451538086,125.36312103271484,142.75,259.9368896484375
2019-08-15,48.7495002746582,58.22002410888672,182.04188537597656,90.32051849365234,264.0719909667969,26.156173706054688,34.770992279052734,85.42536926269531,39.036354064941406,52.13844680786133,17.41320037841797,126.75704193115234,143.6999969482422,260.62359619140625
2019-08-16,49.89972305297851,58.73575973510742,183.1485595703125,92.4840850830078,266.47088623046875,26.285127639770508,34.86356735229492,86.31063842773438,42.837646484375,52.95249938964844,17.732664108276367,125.74171447753906,142.77999877929688,264.4691162109375
2019-08-19,50.83005905151367,59.77570343017578,185.6111602783203,93.31690979003906,270.07421875,26.687185287475582,35.116580963134766,86.43583679199219,42.25283050537109,53.84408950805664,17.940567016601562,123.94329071044922,141.11000061035156,267.65533447265625
2019-08-20,50.83246994018555,58.98963165283203,183.25823974609372,92.13208770751952,269.0738525390625,26.25478172302246,34.573516845703125,85.51478576660156,40.83952713012695,53.51845550537109,17.737735748291016,125.22541046142578,142.2100067138672,265.6044921875
2019-08-21,51.383419036865234,59.41658401489258,182.9990234375,92.38966369628906,273.90093994140625,26.45201873779297,34.56426239013672,86.1318130493164,39.76736831665039,54.05341720581055,17.829011917114258,124.39067840576172,141.75999450683594,267.7652282714844
2019-08-22,51.33993148803711,59.33079528808594,181.4935302734375,93.34264373779295,272.6966247558594,26.611326217651367,34.53032302856445,86.28382873535156,39.91357421875,53.9371223449707,17.945636749267578,123.5646514892578,141.39999389648438,267.6828308105469
2019-08-23,48.96696853637695,57.42347717285156,177.2164306640625,91.0245361328125,264.0719909667969,26.04996681213379,34.197078704833984,84.68315887451172,38.84141159057617,52.324520111083984,17.65660285949707,125.5954132080078,144.1699981689453,260.8067321777344
2019-08-26,49.89730453491211,58.30131912231445,179.81858825683594,91.75431823730467,268.4813842773437,26.429262161254883,34.55501174926758,86.29279327392578,39.23128890991211,52.60361099243164,17.712379455566406,125.08773803710938,144.19000244140625,263.6908569335937
2019-08-27,49.334266662597656,58.24895095825195,180.7557830810547,90.78412628173828,268.6854248046875,26.04996681213379,34.687686920166016,85.92613220214844,38.64647674560547,52.09192657470703,17.60589027404785,127.0151596069336,145.57000732421875,262.65625
2019-08-28,49.66532516479492,58.407562255859375,181.21438598632807,91.69422912597656,270.2393798828125,26.611326217651367,34.78025436401367,86.802490234375,38.69521331787109,52.47182083129883,17.72759437561035,127.17868041992188,145.16000366210938,264.5057678222656
2019-08-29,50.50624847412109,59.49638748168945,185.012939453125,93.77193450927734,273.2890930175781,26.80097007751465,35.19989013671875,87.36583709716797,39.52369689941406,53.05328750610352,17.823936462402344,126.69686126708984,144.1199951171875,267.8843078613281
2019-08-30,50.441009521484375,59.25946807861328,185.11264038085932,94.32141876220705,273.27935791015625,26.96786117553711,35.25543212890625,86.3464126586914,40.20598220825195,53.09206008911133,17.87971305847168,126.7312469482422,143.75,267.7652282714844
2019-09-03,49.7064094543457,58.27638244628906,181.84249877929688,93.2052764892578,272.0555725097656,27.400259017944336,35.37266540527344,86.53422546386719,40.59585189819336,53.15407180786133,17.940567016601562,126.8949737548828,145.75,266.1995849609375
2019-09-04,50.549747467041016,58.92578887939453,186.57823181152344,94.33000946044922,277.8733825683594,27.18026733398437,35.76453399658203,85.94402313232422,42.88637161254883,53.72004699707031,18.11297416687012,127.08460998535156,146.66000366210938,269.2210388183594
2019-09-05,51.53806686401367,60.42061614990234,190.3269500732422,96.4764175415039,283.6813659667969,27.567138671875,35.61951446533203,85.45218658447266,42.93510818481445,54.47982025146485,18.199174880981445,124.78313446044922,143.13999938964844,272.6820678710937
2019-09-06,51.53324508666992,60.09890365600586,186.92718505859372,96.68244934082033,283.00152587890625,27.688520431518555,35.40044403076172,85.61316680908203,42.44776916503906,54.99152374267578,18.38172912597656,125.67105865478516,141.9199981689453,272.8925476074219
2019-09-09,51.75314712524414,60.07297134399414,188.19337463378903,99.07784271240234,275.212158203125,27.93886375427246,35.89414596557617,84.20027923583984,43.6661376953125,55.425689697265625,18.655555725097656,123.43838500976562,141.38999938964844,273.0299377441406
2019-09-10,52.36449813842773,60.15227508544922,185.6111602783203,100.33992004394533,264.499267578125,28.35608291625977,35.807735443115234,80.79328918457031,44.54336166381836,55.8753547668457,19.05614471435547,121.27481079101562,140.17999267578125,272.9658203125
2019-09-11,54.02943801879883,60.85903930664063,187.9241943359375,100.61466217041016,262.1877746582031,28.37883186340332,35.79848098754883,81.35664367675781,45.615509033203125,55.76681518554688,19.64436149597168,121.05929565429688,141.02999877929688,274.90679931640625
2019-09-12,53.90861892700195,61.56132125854492,186.90724182128903,101.2328109741211,268.4523010253906,28.280216217041016,36.0761833190918,82.32239532470703,45.128173828125,55.80558013916016,19.461814880371097,120.2662353515625,141.32000732421875,275.859130859375
2019-09-13,52.85988235473633,61.82616424560547,186.62808227539065,103.22467803955078,268.3746337890625,27.99954032897949,36.23353958129883,80.90953063964844,45.5672492980957,56.317291259765625,19.223482131958008,117.69745635986328,140.14999389648438,275.676025390625
2019-09-16,53.13777542114258,61.41417694091797,185.66099548339844,102.30603790283205,266.1989440917969,27.93886375427246,35.65962600708008,79.96166229248047,45.76239776611328,57.1623420715332,18.91923141479492,119.1973876953125,141.32000732421875,274.8244934082031
2019-09-17,53.331085205078125,61.306941986083984,187.51541137695312,101.79947662353516,268.3064880371094,27.688520431518555,35.94967269897461,81.1509780883789,45.664833068847656,56.72816848754883,18.843170166015625,119.84386444091795,141.60000610351562,275.5203552246094
2019-09-18,53.8312873840332,61.469539642333984,187.5752410888672,102.8211669921875,267.1895751953125,27.59748649597168,36.15022277832031,81.3387451171875,45.76239776611328,56.45681381225586,18.64033889770508,120.35243225097656,140.7100067138672,275.6851806640625
2019-09-19,53.39391708374024,61.78377151489258,189.56922912597656,102.49491119384766,267.976318359375,27.69610595703125,36.13479995727539,81.87530517578125,45.957557678222656,56.07693099975586,18.838104248046875,120.71446228027344,141.27999877929688,275.6667785644531
2019-09-20,52.6133918762207,61.34584426879883,189.35986328125,102.08279418945312,263.3727111816406,27.832653045654297,36.094703674316406,80.54290771484375,45.713623046875,55.883113861083984,19.223482131958008,122.30914306640624,142.9499969482422,274.36431884765625
2019-09-23,52.85261535644531,61.55034255981445,186.2592010498047,102.06562042236328,265.2956848144531,27.491283416748047,36.29216384887695,81.2046127319336,45.5672492980957,55.921871185302734,19.0662899017334,122.28328704833984,143.75,274.2998962402344
2019-09-24,52.60131072998047,60.78871154785156,180.73582458496097,100.73484802246094,263.3241271972656,27.31681060791016,36.532840728759766,80.40877532958984,43.76212310791016,55.154327392578125,18.95473289489746,123.75733184814452,144.50999450683594,272.1475524902344
2019-09-25,53.41082763671875,62.17331314086914,182.2512664794922,101.3101043701172,264.9071655273437,27.233369827270508,36.55443954467773,80.79328918457031,44.6890869140625,55.317142486572266,18.95473289489746,121.94713592529295,141.8300018310547,273.7572326660156
2019-09-26,53.13534927368164,61.917442321777344,179.5693359375,100.477294921875,266.0144348144531,27.142335891723636,36.501983642578125,80.30144500732422,44.00606536865234,55.02252960205078,18.95473289489746,122.73159790039062,141.7899932861328,273.18701171875
2019-09-27,52.87678909301758,61.10443878173828,176.56837463378906,101.06968688964844,261.39129638671875,27.47611427307129,36.54826354980469,79.02271270751953,44.1036491394043,55.417930603027344,18.980085372924805,123.03317260742188,141.05999755859375,271.7151794433594
2019-09-30,54.12126159667969,60.80068588256836,177.54542541503906,101.0439453125,263.7611694335937,27.25612068176269,36.61923599243164,79.06744384765625,43.61576843261719,54.743431091308594,19.187986373901367,123.33492279052734,138.8699951171875,272.97540283203125
2019-10-01,54.27108383178711,60.10738754272461,175.28225708007812,99.20662689208984,263.1492919921875,26.8768253326416,36.363128662109375,77.35946655273438,42.00579452514648,53.45643997192383,18.96994400024414,123.70622253417967,139.6300048828125,269.7284545898437
2019-10-02,52.91061782836914,58.68737411499024,174.0758819580078,97.23194122314452,256.8750305175781,26.323055267333984,35.829345703125,75.40109252929688,41.51792144775391,52.060916900634766,18.8026065826416,124.00848388671876,141.25999450683594,264.9638366699219
2019-10-03,53.36008834838867,59.24599838256836,178.84153747558594,97.09347534179688,260.5754699707031,26.892004013061523,35.88796615600586,75.71409606933594,42.49366760253906,52.70440673828125,18.858383178710938,125.1396713256836,141.89999389648438,267.1346130371094
2019-10-04,54.855865478515625,60.30191040039063,179.9083251953125,99.1964874267578,266.17950439453125,27.25612068176269,36.45879364013672,76.83187103271484,41.810638427734375,53.47193908691406,19.020652770996097,126.06362915039062,141.89999389648438,270.7494201660156
2019-10-07,54.867950439453125,60.23606872558594,179.140625,98.98013305664062,264.3633117675781,27.18026733398437,36.17183303833008,76.7692642211914,41.76185989379883,52.73541641235352,19.09671401977539,125.0187530517578,140.69000244140625,269.5812683105469
2019-10-08,54.22517395019531,59.31084442138672,177.2164306640625,96.77324676513672,259.7054748535156,26.8768253326416,36.279823303222656,75.9287109375,40.395809173583984,51.7120246887207,19.00543975830078,125.35558319091795,141.9199981689453,265.39605712890625
2019-10-09,54.86069488525391,59.96822738647461,179.31011962890625,97.47423553466795,264.7328491210937,27.074064254760746,36.69636917114258,76.7692642211914,40.73732376098633,52.285743713378906,19.1320743560791,124.64752197265624,142.0500030517578,267.9163513183594
2019-10-10,55.600128173828125,60.28544998168945,179.4895782470703,98.84166717529295,266.2789611816406,27.149917602539062,36.90618133544922,76.86762237548828,41.22518539428711,52.91373825073242,19.32313537597656,122.7909164428711,140.80999755859375,269.7284545898437
2019-10-11,57.07900619506836,60.62361907958984,183.6370849609375,100.51194763183594,268.3016357421875,27.39266967773437,37.1005744934082,77.22533416748047,42.93274688720703,53.47970199584961,19.405759811401367,121.2711410522461,140.02999877929688,272.52471923828125
2019-10-14,56.99684143066406,60.70791244506836,182.7298126220703,100.78023529052734,268.7587280273437,27.53680229187012,36.77042770385742,77.45781707763672,42.54244613647461,53.634761810302734,19.34895896911621,122.1519546508789,140.58999633789062,272.2211303710937
2019-10-15,56.86393737792969,61.99824523925781,188.3229827880859,103.81790924072266,270.8785705566406,27.688520431518555,36.88150787353515,77.3058090209961,43.3718376159668,53.820838928222656,19.57100296020508,120.67533111572266,139.61000061035156,274.91619873046875
2019-10-16,56.63437271118164,62.029666900634766,188.9810028076172,103.57557678222656,270.5965881347656,27.567138671875,36.84756851196289,77.53829956054688,43.42062377929688,52.89823913574219,19.514198303222656,120.82215881347656,140.41000366210938,274.4747314453125
2019-10-17,56.85427474975586,62.5000114440918,189.8184814453125,104.15544128417967,268.8851013183594,27.658180236816406,36.97715759277344,77.16272735595703,44.1036491394043,52.82845306396485,19.52452850341797,120.52854919433594,140.61000061035156,275.2841796875
2019-10-18,57.12732696533203,62.12194061279297,185.2921142578125,104.33717346191406,263.16729736328125,27.658180236816406,36.76117706298828,76.93021392822266,43.713340759277344,52.41755676269531,19.86534309387207,120.52854919433594,140.4600067138672,274.07916259765625
2019-10-21,58.11807632446289,62.15485763549805,189.19036865234372,106.92484283447266,266.7360534667969,27.658180236816406,36.94630432128906,76.3221664428711,42.88396835327149,53.29362869262695,19.74141311645508,119.62188720703124,139.7899932861328,275.9372253417969
2019-10-22,57.98517227172851,61.98776626586914,181.7926483154297,107.99795532226562,254.05563354492188,27.63541984558105,36.896934509277344,74.63206481933594,44.201202392578125,53.564971923828125,19.710430145263672,120.32125091552734,140.1999969482422,275.035888671875
2019-10-23,58.76325988769531,62.8022689819336,185.59120178222656,108.2835693359375,253.6569671630859,27.89333724975586,36.82596206665039,73.98821258544922,44.59151077270508,54.07667541503906,19.48838424682617,120.4421844482422,140.52999877929688,275.8360595703125
2019-10-24,58.85992431640625,62.89503860473633,185.82052612304688,108.20568084716795,261.339111328125,27.60507202148437,36.74883270263672,74.38166809082031,43.66454315185547,53.564971923828125,19.013307571411133,120.200439453125,141.52999877929688,276.28680419921875
2019-10-25,59.58486175537109,63.10153579711914,187.3259735107422,109.07112884521484,262.7394104003906,27.89333724975586,36.730316162109375,74.56053924560547,43.90850067138672,53.68902969360352,19.05978012084961,119.6132354736328,141.86000061035156,277.41815185546875
2019-10-28,60.18172454833984,64.34198760986328,188.8314514160156,109.4865264892578,268.321044921875,28.280216217041016,36.78585433959961,74.75725555419922,44.25000381469727,53.216094970703125,19.875667572021484,118.52520751953124,140.63999938964844,278.9818115234375
2019-10-29,58.789852142333984,62.976341247558594,188.74172973632807,109.41728973388672,266.7263488769531,28.98571014404297,36.14714050292969,75.231201171875,44.25000381469727,53.06104278564453,19.65362548828125,118.6028823852539,140.25,278.8990783691406
2019-10-30,58.78258895874024,62.910003662109375,187.68490600585932,108.81149291992188,269.50738525390625,29.190523147583008,36.440277099609375,75.28483581542969,49.3238639831543,52.50282669067383,19.725923538208008,120.33853912353516,141.02000427246094,279.7545471191406
2019-10-31,60.11164855957031,62.85114669799805,191.07467651367188,108.11048126220705,269.1767883300781,29.107080459594727,36.18108749389648,75.61570739746094,48.68963241577149,52.38652420043945,19.875667572021484,121.96199798583984,142.42999267578125,279.00946044921875
2019-11-01,61.81766128540039,63.53097915649414,193.0387725830078,110.60295104980467,271.35504150390625,29.122255325317383,36.29216384887695,74.40851593017578,50.6411247253418,53.96038055419922,20.113208770751957,121.58654022216795,142.55999755859375,281.5940856933594
2019-11-04,62.22361755371094,64.41031646728516,194.1354827880859,111.48567962646484,268.7100524902344,28.849157333374023,36.276737213134766,73.65739440917969,53.32442092895508,55.56524658203125,20.082225799560547,119.98623657226562,142.14999389648438,282.7254943847656
2019-11-05,62.13421249389648,64.4432373046875,193.7366943359375,111.72801971435548,261.58221435546875,28.43194007873535,36.67477798461914,73.22811889648438,53.51956558227539,56.66615676879883,20.2268123626709,118.6368408203125,139.85000610351562,282.41278076171875
2019-11-06,62.16079330444336,64.4317626953125,190.9750061035156,111.90111541748048,262.4183654785156,28.530555725097656,36.87224578857422,74.21178436279297,53.76350784301758,55.425689697265625,20.26811981201172,119.35481262207033,140.4499969482422,282.47723388671875
2019-11-07,62.878196716308594,65.28267669677734,189.848388671875,112.50691223144533,265.2676696777344,28.270139694213867,37.09749603271485,73.28178405761719,55.08076477050781,56.60413360595703,20.35590934753418,117.19223022460938,138.27000427246094,283.4705810546875
2019-11-08,63.05030059814453,65.40786743164062,190.2671356201172,112.83578491210938,267.3097839355469,28.377368927001957,36.85374450683594,73.1208267211914,56.2028694152832,55.52916717529297,20.33525657653809,116.6992416381836,137.38999938964844,284.169677734375
2019-11-11,63.54956817626953,64.80036163330078,189.0408172607422,112.43766021728516,269.36163330078125,28.285459518432617,36.730316162109375,73.71102142333984,55.37348556518555,55.1917610168457,20.3300895690918,116.77704620361328,137.05999755859375,283.6269836425781
2019-11-12,63.491397857666016,64.78091430664062,193.88623046875,111.77993774414062,269.4977722167969,28.31609916687012,36.755001068115234,74.87932586669922,55.71499252319336,54.4306640625,20.2268123626709,117.31339263916016,137.42999267578125,284.22479248046875
2019-11-13,64.0997543334961,64.74101257324219,192.61007690429688,111.1914520263672,270.4020690917969,28.03270530700684,37.32890701293945,75.43651580810547,55.08076477050781,53.98341751098633,20.221651077270508,118.07457733154295,137.97999572753906,284.3168029785156
2019-11-14,63.6562385559082,65.41236114501953,192.5701904296875,111.29530334472656,271.9190368652344,27.99440574645996,37.227088928222656,75.83193969726562,55.08076477050781,53.74802780151367,20.113208770751957,119.29426574707033,138.55999755859375,284.7307434082031
2019-11-15,64.41240692138672,66.57998657226562,194.51434326171875,112.1001434326172,273.0374450683594,28.55352783203125,36.6778564453125,75.67916107177734,56.2028694152832,54.2894401550293,20.397220611572266,119.16448974609376,138.2100067138672,286.79119873046875
2019-11-18,64.73719024658203,65.87322998046875,196.8074188232422,113.04348754882812,273.1151123046875,28.5075740814209,37.103660583496094,75.50839233398438,55.81256866455078,53.76372528076172,20.4643497467041,119.38072967529295,138.6199951171875,287.002685546875
2019-11-19,64.54087829589844,65.61186981201172,198.72166442871097,113.00885009765624,277.4424743652344,28.84458351135254,36.99258804321289,75.18486022949219,56.10528564453125,53.2144660949707,19.62264442443848,120.3755340576172,138.69000244140625,286.9197998046875
2019-11-20,63.78952407836914,64.99288177490234,196.91709899902344,112.18671417236328,277.5104675292969,28.377368927001957,36.758079528808594,75.13094329833984,55.56861877441406,53.37924957275391,19.19921112060547,121.62112426757812,138.75999450683594,285.8529357910156
2019-11-21,63.5035400390625,64.90809631347656,197.3358459472656,112.44631958007812,276.6062316894531,28.905851364135746,36.98332595825195,73.96265411376953,56.25165557861328,54.666046142578125,19.416088104248047,120.8599853515625,138.0,285.3930358886719
2019-11-22,63.447784423828125,64.60833740234375,198.2231903076172,113.19060516357422,274.7779846191406,29.35774803161621,36.82904815673828,74.60969543457031,56.34922409057617,54.4306640625,19.49354553222656,121.01560974121094,137.74000549316406,286.0277099609375
2019-11-25,64.56024932861328,65.17444610595703,199.1902618408203,113.79640197753906,279.6789855957031,29.62581825256348,36.69328689575195,75.2657699584961,56.49559020996094,54.06973648071289,19.240516662597656,121.3703155517578,137.0800018310547,288.24444580078125
2019-11-26,64.05615234375,65.5166015625,198.3727264404297,113.95217895507812,281.40020751953125,29.327110290527344,36.77660751342773,75.99370574951172,55.37348556518555,53.93634033203125,19.31281089782715,122.07958984375,137.74000549316406,288.8974914550781
2019-11-27,64.91656494140625,65.4886703491211,201.3936309814453,114.28971099853516,283.65625,29.587526321411133,36.64391708374024,77.08111572265625,55.08076477050781,53.90495681762695,19.447071075439453,121.72491455078124,137.00999450683594,290.185302734375
2019-11-29,64.77354431152344,65.0881576538086,201.03469848632807,114.03006744384766,284.171630859375,29.503271102905277,36.745750427246094,76.77558135986328,54.98318099975586,53.45771789550781,19.30248641967773,121.46544647216795,137.86000061035156,289.1091003417969
2019-12-02,64.02462005615234,64.33799743652344,199.1005401611328,113.7790756225586,278.5704650878906,29.327110290527344,36.80436325073242,76.002685546875,54.44652557373047,53.68525695800781,19.271499633789062,119.84591674804688,137.7899932861328,286.6531982421875
2019-12-03,62.88305282592773,64.60533905029297,198.2231903076172,112.3165054321289,279.1733703613281,29.14328384399414,36.61614227294922,76.22736358642578,53.61713409423828,53.26153945922851,19.390268325805664,122.35887145996094,139.11000061035156,284.7307434082031
2019-12-04,63.43808364868164,65.86524963378906,198.1135101318359,114.53201293945312,278.9302673339844,29.21221923828125,36.62232971191406,76.74860382080078,53.17805480957031,53.86571502685547,19.674278259277344,121.13706970214844,138.9199981689453,286.4875793457031
2019-12-05,64.36878204345703,66.24381256103516,198.7615509033203,115.15514373779295,281.8572692871094,29.127967834472656,36.77729034423828,75.89483642578125,52.64140319824219,53.67742538452149,19.72075843811035,120.54782104492188,139.0,287.002685546875
2019-12-06,65.61215209960938,66.86678314208984,200.44647216796875,116.86870574951172,282.3920288085937,29.327110290527344,37.124420166015625,77.5754165649414,54.15380859375,54.54051208496094,19.725923538208008,119.88062286376952,137.6199951171875,289.6241455078125
2019-12-09,64.69358825683594,67.01343536376953,200.735595703125,116.32349395751952,281.08905029296875,29.3500919342041,36.99424743652344,77.53945922851562,53.61713409423828,54.65821075439453,19.64329719543457,120.14054870605467,137.5800018310547,288.713623046875
2019-12-10,65.07167053222656,67.06829071044922,200.2670135498047,116.40138244628906,280.65142822265625,29.472633361816406,36.926063537597656,77.32376098632812,53.71471786499024,54.18741989135742,19.65362548828125,120.1492156982422,137.97000122070312,288.3916320800781
2019-12-11,65.626708984375,67.08625030517578,201.65284729003903,116.12444305419922,282.0516967773437,29.273496627807617,36.88268280029297,77.81805419921875,53.51956558227539,54.10895919799805,19.710430145263672,121.09373474121094,138.9199981689453,289.2102355957031
2019-12-12,65.7939224243164,67.34810638427734,196.15939331054688,119.4477081298828,284.15216064453125,29.51858901977539,37.11821746826172,79.27394104003906,55.81256866455078,55.1917610168457,19.80337905883789,119.10074615478516,138.42999267578125,291.7030029296875
2019-12-13,66.68827819824219,67.22640991210938,193.52731323242188,118.40052032470705,287.92510986328125,29.35774803161621,37.28248596191406,79.68733215332031,55.32469177246094,54.3208122253418,19.75690269470215,120.47847747802734,139.0500030517578,291.87774658203125
2019-12-16,67.829833984375,67.89176940917969,197.32586669921875,118.85922241210938,288.77117919921875,29.9781436920166,37.35997772216797,79.78618621826172,54.49531173706055,54.92499923706055,19.927309036254883,119.39535522460938,139.0399932861328,293.88299560546875
2019-12-17,67.9631576538086,67.59000396728516,197.79446411132807,119.58616638183594,287.8377380371094,29.79432678222656,37.58932876586914,79.20204162597656,54.15380859375,54.67389678955078,19.880830764770508,119.23077392578124,139.00999450683594,293.9473571777344
2019-12-18,67.80076599121094,67.46531677246094,201.8921356201172,119.46501159667967,286.6123962402344,29.786664962768555,37.14921569824219,79.07623291015625,53.47078704833984,54.82299041748047,20.00476837158203,118.25157165527344,139.02000427246094,293.9657897949219
2019-12-19,67.86861419677734,67.63590240478516,205.44143676757807,118.86788177490234,289.3254699707031,29.847936630249023,37.217403411865234,79.55252838134766,53.861087799072266,54.44636154174805,20.102880477905277,118.4407730102539,139.3800048828125,295.1707763671875
2019-12-20,67.72802734375,67.31419372558594,205.68072509765625,118.7726821899414,290.3367919921875,30.047080993652344,37.28248596191406,79.49861145019531,53.86107635498047,54.87791061401367,20.21648979187012,118.59700012207033,139.52000427246094,296.4648132324219
2019-12-23,68.83324432373047,67.27677917480469,205.56106567382807,118.7380599975586,289.0726013183594,30.116004943847656,36.8919677734375,79.29192352294922,54.49588394165039,55.15254592895508,20.17517471313477,118.42343139648438,139.9499969482422,296.9176330566406
2019-12-24,68.89871215820312,67.01343536376953,204.50425720214844,119.06692504882812,289.27691650390625,30.0930290222168,37.04073715209961,79.55252838134766,54.64238739013672,54.9406852722168,20.11837387084961,118.76192474365234,141.27000427246094,296.9268798828125
2019-12-26,70.26567077636719,67.85336303710938,207.16622924804688,120.33047485351562,290.949462890625,30.161970138549805,37.0438346862793,79.1571044921875,54.83770751953125,55.02699661254883,20.221651077270508,119.04824829101562,142.3800048828125,298.5075988769531
2019-12-27,70.23899841308594,67.42890167236328,207.4753265380859,120.41699981689452,292.4469299316406,30.116004943847656,37.06553649902344,79.20204162597656,54.59354782104492,54.83869171142578,20.26296043395996,119.17850494384766,142.3300018310547,298.43359375
2019-12-30,70.6558837890625,66.6433334350586,203.79638671875,119.97566223144533,289.51025390625,29.801984786987305,37.00663757324219,78.58193969726562,54.1052360534668,54.5169792175293,20.159687042236328,118.74459075927734,142.6300048828125,296.788330078125
2019-12-31,71.17212677001953,66.68722534179688,204.6338806152344,120.64202117919922,290.3562927246094,30.008777618408203,36.83308029174805,79.0133056640625,54.49588394165039,54.75236892700195,20.180334091186523,117.58154296875,142.89999389648438,297.50933837890625
2020-01-02,72.79602813720703,68.20101165771484,209.1502685546875,122.10459899902344,295.0239562988281,29.9781436920166,36.864070892333984,80.29843139648438,58.25590896606445,55.63118362426758,20.06673049926757,118.90940856933594,143.9499969482422,300.2915954589844
2020-01-03,72.08830261230469,67.86632537841797,208.0435943603516,120.4932861328125,292.1454772949219,29.81729888916016,36.53863143920898,79.83113861083984,58.45122909545898,55.18391418457031,20.17001342773437,120.7406997680664,145.86000061035156,298.0176696777344
2020-01-06,72.66271209716797,69.53972625732422,211.9618225097656,120.39747619628906,292.9234619140625,29.779003143310547,36.46425247192383,79.20204162597656,59.2813720703125,55.60763168334961,20.1906681060791,120.05503845214844,147.38999938964844,299.1546325683594
2020-01-07,72.32097625732422,69.49633026123047,212.42042541503903,118.35064697265624,291.93145751953125,29.6794376373291,36.126407623291016,78.95941162109375,58.841888427734375,55.15254592895508,20.26811981201172,119.46485900878906,147.97000122070312,298.31353759765625
2020-01-08,73.48434448242188,70.04399108886719,214.57394409179688,119.27389526367188,297.08258056640625,29.9168758392334,36.002437591552734,79.87606811523438,58.30474853515625,54.3208122253418,20.3300895690918,118.67513275146484,146.86000061035156,299.9032897949219
2020-01-09,75.04522705078125,70.81758117675781,217.6446990966797,119.70936584472656,300.9775085449219,29.786664962768555,36.37437057495117,81.35891723632812,58.15824508666992,54.73667526245117,20.39236068725586,119.09171295166016,146.02999877929688,301.9368896484375
2020-01-10,75.21487426757812,71.3113784790039,217.40542602539065,118.51611328125,302.9930419921875,30.24621963500977,36.07063293457031,81.02640533447266,56.986289978027344,54.25019836425781,20.2714786529541,120.15055084228516,146.91000366210938,301.0679931640625
2020-01-13,76.82179260253906,71.78520965576172,221.24386596679688,119.50032806396484,306.9268798828125,30.1849365234375,35.91566848754883,81.85318756103516,59.18370819091797,54.76806640625,20.02445602416992,119.78600311279295,145.82000732421875,303.1385803222656
2020-01-14,75.78446197509766,71.36872863769531,218.40240478515625,120.8939437866211,302.4769287109375,30.69045829772949,36.008636474609375,81.7723159790039,58.74422454833984,54.297271728515625,20.019201278686523,120.40222930908205,145.69000244140625,302.6763916015625
2020-01-15,75.45966339111328,71.78370666503906,220.4861297607422,119.08226013183594,305.9920959472656,31.14999771118164,35.72968673706055,82.26660919189453,57.96291732788086,54.21096420288086,19.903573989868164,121.20066833496094,146.5399932861328,303.3603820800781
2020-01-16,76.40491485595703,72.40718078613281,221.10427856445312,119.54389190673828,311.88311767578125,31.10404586791992,35.92185592651367,83.20125579833984,57.8164291381836,53.999114990234375,19.987668991088867,120.81878662109376,146.30999755859375,305.88385009765625
2020-01-17,77.25080108642578,73.83816528320312,221.47317504882807,120.3713150024414,315.15484619140625,31.027463912963867,35.63051986694336,84.1358871459961,57.66992950439453,53.79510498046875,20.171619415283203,119.78600311279295,146.5800018310547,306.8359375
2020-01-21,76.7272720336914,74.03817749023438,220.7752685546875,119.186767578125,313.4702453613281,30.89725112915039,35.825782775878906,83.15629577636719,56.93745422363281,53.026161193847656,20.245201110839844,121.04450225830078,146.74000549316406,306.23504638671875
2020-01-22,77.00115203857422,74.11548614501953,220.6556396484375,119.04740142822266,315.7876892089844,30.782367706298828,35.98384094238281,83.15629577636719,55.52134323120117,52.72014236450195,20.51850128173828,121.46968841552734,146.7899932861328,306.27203369140625
2020-01-23,77.37197875976562,74.15039825439453,219.10031127929688,118.92549896240234,316.4401550292969,31.18063735961914,35.89396286010742,84.25272369384766,57.474605560302734,52.39059448242188,20.303014755249023,122.32025146484376,147.1199951171875,306.623291015625
2020-01-24,77.14899444580078,73.15584564208984,217.2857818603516,115.9728012084961,315.16455078125,30.498966217041016,35.44764709472656,82.70694732666016,57.181617736816406,52.03751373291016,20.23468399047852,123.30962371826172,147.97999572753906,303.8965148925781
2020-01-27,74.88041687011719,71.51936340332031,214.22499084472656,114.99730682373048,307.47216796875,30.759389877319336,35.90946960449219,79.74127197265625,55.8631706237793,50.79776763916016,20.103294372558597,125.22769165039062,148.99000549316406,299.02520751953125
2020-01-28,76.99874114990234,72.45008087158203,217.13623046875,117.08767700195312,311.8539123535156,29.21221923828125,36.13882064819336,79.62442016601562,57.279273986816406,50.72715759277344,20.276735305786133,124.24698638916016,147.66000366210938,302.15875244140625
2020-01-29,78.61048889160156,72.7528305053711,222.5598907470703,116.91349029541016,311.90264892578125,28.783302307128903,35.91876602172852,77.93489074707031,63.1878776550293,50.303443908691406,19.472599029541016,125.46199035644533,148.4600067138672,301.9092102050781
2020-01-30,78.49658966064453,72.6136703491211,208.90103149414065,118.3593521118164,315.933837890625,28.682714462280277,36.13262176513672,77.14402770996094,62.16241836547851,50.83700180053711,19.67232322692871,125.47936248779295,148.47000122070312,302.8890075683594
2020-01-31,75.0161361694336,71.53582000732422,201.3039093017578,115.28472137451172,307.6376647949219,28.814252853393555,35.484840393066406,76.23634338378906,60.79515075683594,48.74200820922851,19.77217674255371,126.62496185302734,149.3300018310547,297.3890991210937
2020-02-03,74.81011962890625,74.11498260498047,203.5770568847656,116.1644287109375,315.9922790527344,29.023164749145508,35.41666030883789,77.29682159423828,59.86735153198242,47.6513557434082,19.425296783447266,126.52240753173828,148.36000061035156,299.5983581542969
2020-02-04,77.27987670898438,72.1762466430664,209.20013427734372,117.83674621582033,320.4713439941406,29.16244888305664,35.72659683227539,79.42671203613281,61.42995071411133,47.05503082275391,19.77743530273437,124.8184814453125,146.42999267578125,304.1645202636719
2020-02-05,77.9100341796875,72.2341079711914,209.47927856445312,119.84003448486328,319.6923217773437,29.533842086791992,36.20390701293945,79.05652618408203,62.79722595214844,49.22063446044922,19.872039794921875,123.45370483398438,146.61000061035156,307.677001953125
2020-02-06,78.82136535644531,73.63067626953125,210.21707153320312,119.85743713378906,320.6465759277344,29.60347557067871,36.04893112182617,77.7834701538086,63.23671722412109,48.55369186401367,20.203149795532227,124.01004028320312,147.39999389648438,308.7123107910156
2020-02-07,77.74995422363281,73.78031158447266,211.6926116943359,119.47419738769533,318.4070739746094,29.44098472595215,36.092315673828125,78.0272445678711,62.65073394775391,48.23199081420898,20.20840835571289,125.55744934082033,147.7899932861328,307.0670166015625
2020-02-10,78.1192398071289,75.24920654296875,212.42042541503903,119.970703125,321.60089111328125,29.25528335571289,35.72039794921875,79.02944946289062,63.04138946533203,47.72260284423828,20.150596618652344,125.90518951416016,148.1699981689453,309.3594055175781
2020-02-11,77.64791870117188,75.25469207763672,206.56805419921875,120.19713592529295,322.2240600585937,29.471939086914062,35.76689529418945,79.01139068603516,62.74839782714844,48.17627334594727,20.06125259399414,125.27056121826172,147.66000366210938,309.8955383300781
2020-02-12,79.49188995361328,75.72752380371094,210.1273193359375,120.19713592529295,325.37890625,29.201128005981445,35.9063606262207,79.96844482421875,64.26217651367188,48.76525115966797,19.992919921875,124.6359634399414,147.5399932861328,311.8921203613281
2020-02-13,78.92581176757812,75.54747009277344,212.50018310546875,120.09260559082033,327.0147399902344,28.57439422607422,36.399169921875,81.19638061523438,63.1878776550293,48.49464416503906,20.134828567504883,125.11410522460938,148.3800048828125,311.559326171875
2020-02-14,78.94525909423828,75.8507308959961,213.53704833984372,119.726806640625,331.990478515625,28.24942398071289,36.53863143920898,80.6094970703125,62.65073394775391,48.27180099487305,20.103294372558597,125.66175842285156,149.0,312.0583801269531
2020-02-18,77.4997329711914,75.79735565185547,217.14620971679688,118.1416015625,332.2728271484375,28.10241317749023,37.07792663574219,80.5643539428711,62.26009750366211,47.658939361572266,20.108549118041992,126.52240753173828,150.91000366210938,311.2543029785156
2020-02-19,78.62212371826172,76.14749908447266,216.83712768554688,119.75294494628906,335.50567626953125,28.03277015686035,36.47354507446289,81.38597106933594,61.57645034790039,48.02505493164063,20.203149795532227,126.5136489868164,151.7899932861328,312.7425537109375
2020-02-20,77.8155517578125,75.72154235839844,213.9358673095703,119.75294494628906,335.3984680175781,27.738754272460938,36.47665023803711,79.99552154541016,61.1858024597168,47.64301681518555,20.292499542236328,127.50474548339844,152.41000366210938,311.45758056640625
2020-02-21,76.05420684814453,74.0735855102539,209.549072265625,118.28965759277344,330.7733764648437,27.63816261291504,36.75249862670898,78.8759765625,59.81850814819336,47.06201171875,20.260963439941406,128.6957244873047,154.6999969482422,308.25018310546875
2020-02-24,72.44160461425781,70.90536499023438,200.1174774169922,115.1105499267578,316.1383056640625,26.82572555541992,36.052040100097656,76.311767578125,57.91408920288086,44.85733795166016,19.998178482055664,130.61695861816406,156.08999633789062,298.02691650390625
2020-02-25,69.98783874511719,69.25242614746094,196.1793365478516,109.9716796875,294.9306030273437,26.25316429138184,35.453857421875,74.20805358886719,55.277191162109375,43.13818740844727,19.630279541015625,131.31239318847656,153.3000030517578,288.99609375
2020-02-26,71.09809875488281,69.48834991455078,196.6080322265625,110.3026351928711,290.20806884765625,26.86441802978516,35.26479721069336,72.8356704711914,53.47042846679688,42.19105911254883,19.49888229370117,130.61695861816406,153.97000122070312,287.9331359863281
2020-02-27,66.4505615234375,65.74304962158203,189.18038940429688,105.71250915527344,278.3091735839844,26.38469696044922,34.21720504760742,70.6867904663086,50.735870361328125,39.65211486816406,18.77884101867676,132.0340118408203,154.0,275.00146484375
2020-02-28,66.41165924072266,66.80244445800781,191.89224243164065,101.13108825683594,282.6227111816406,25.85855484008789,33.37416458129883,70.81320190429688,53.12860870361328,40.94147491455078,18.51079559326172,135.01580810546875,148.3800048828125,273.8461608886719
2020-03-02,72.59465026855469,69.28534698486328,195.85031127929688,105.84315490722656,298.679443359375,26.98821830749512,35.91566848754883,74.37960052490234,54.74004364013672,42.883487701416016,19.54092788696289,134.02235412597656,149.1999969482422,285.7054138183594
2020-03-03,70.28909301757812,66.90519714355469,185.3319854736328,101.87141418457033,284.3268127441406,26.539447784423828,34.99513626098633,70.96669006347656,53.12860870361328,40.83004760742188,19.078418731689453,136.1031036376953,153.88999938964844,277.5249328613281
2020-03-04,73.5494155883789,69.15616607666016,191.18435668945312,104.38861846923828,294.4144897460937,28.164304733276367,36.19150924682617,71.93278503417969,53.47042846679688,41.72146987915039,20.06650161743164,134.65792846679688,154.16000366210938,289.1901550292969
2020-03-05,71.1636962890625,65.79043579101562,184.6141357421875,99.26716613769533,283.0902404785156,27.43699073791504,35.92805862426758,68.79074096679688,49.22209167480469,39.882930755615234,19.54092788696289,138.00982666015625,157.49000549316406,279.5770568847656
2020-03-06,70.21863555908203,64.76145935058594,180.54638671875,94.13699340820312,279.4678955078125,27.096546173095703,36.334075927734375,68.02327728271484,45.94713973999024,37.956825256347656,19.46209144592285,145.19239807128906,157.5500030517578,274.9552307128906
2020-03-09,64.66490173339844,60.62910461425781,168.99119567871094,81.38565063476562,255.12489318847656,26.12162971496582,36.3123779296875,63.95128631591797,40.13042831420898,33.31669616699219,18.23224258422852,149.12754821777344,157.80999755859375,253.4828186035156
2020-03-10,69.3221664428711,63.86266326904297,177.6551055908203,87.70906066894531,273.1971435546875,26.76382827758789,37.12752151489258,67.59893035888672,43.25873565673828,34.55034255981445,18.84191131591797,141.4835662841797,154.47999572753906,266.59918212890625
2020-03-11,66.9145736694336,60.62162399291992,169.72897338867188,83.58055877685547,262.67120361328125,24.8913688659668,35.46624755859375,61.66698455810547,40.13042831420898,33.41218948364258,18.14289093017578,136.2772674560547,153.92999267578125,253.6029510498047
2020-03-12,60.30644226074219,55.60893630981445,154.00631713867188,76.69100952148438,235.15386962890625,23.227821350097656,32.24909591674805,56.06911087036133,35.340187072753906,29.59183692932129,16.466304779052734,137.12181091308594,147.7899932861328,229.33897399902344
2020-03-13,67.5316390991211,60.83709335327149,169.76882934570312,90.50495147705078,262.9146728515625,25.309194564819336,35.363983154296875,63.12965774536133,38.37074279785156,30.339984893798828,18.116613388061523,134.02235412597656,143.27999877929688,248.9442901611328
2020-03-16,58.84391021728515,54.08367919921875,145.5717010498047,76.96101379394531,229.45758056640625,23.351619720458984,33.08902359008789,52.89997863769531,32.55403518676758,27.450847625732425,16.718584060668945,142.70237731933594,141.63999938964844,221.7038726806641
2020-03-17,61.4312858581543,55.85283660888672,148.97146606445312,81.66436767578125,231.6289978027344,24.88363265991211,36.96324157714844,53.25210189819336,34.606990814208984,29.29735374450684,17.73294448852539,133.1865997314453,143.55999755859375,233.67410278320312
2020-03-18,59.92744827270508,54.70565032958984,146.51885986328125,73.06767272949219,221.9404296875,25.03838348388672,37.99224472045898,50.859466552734375,32.2607536315918,26.360456466674805,17.265178680419922,125.6731948852539,140.6999969482422,221.84251403808597
2020-03-19,59.4682846069336,55.62788772583008,152.6703338623047,74.2957534790039,221.1809539794922,23.53732109069824,37.18595123291016,55.44611358642578,31.67419815063477,27.40309333801269,16.371702194213867,129.09471130371094,138.0399932861328,222.3138885498047
2020-03-20,55.69290542602539,53.48465347290039,149.28054809570312,72.72797393798828,205.86427307128903,22.44633674621582,35.47998046875,52.39435958862305,31.869722366333008,26.058012008666992,14.952645301818848,138.8020477294922,140.11000061035156,212.73350524902344
2020-03-23,54.50975799560547,52.70157623291016,147.6554412841797,68.83464050292969,197.9576568603516,22.043991088867188,35.57647705078125,51.058101654052734,29.865636825561523,25.03129196166992,14.069677352905272,144.52198791503906,146.3000030517578,207.29428100585935
2020-03-24,59.97847366333008,56.58403778076172,160.49676513671875,77.02197265625,230.8402557373047,22.98022079467773,35.80996322631836,58.579132080078125,34.264835357666016,28.20696258544922,14.763439178466797,141.831787109375,153.39999389648438,226.07583618164065
2020-03-25,59.648067474365234,54.98945617675781,155.7410888671875,79.89624786376953,249.74021911621097,23.01890563964844,34.05728912353516,59.41880416870117,36.95322799682617,29.67938232421875,14.926365852355955,141.50970458984375,151.3000030517578,229.4602203369141
2020-03-26,62.786922454833984,57.94519805908203,162.8496856689453,85.4619140625,256.2641296386719,24.56640243530273,34.18804168701172,63.111595153808594,39.69050979614258,30.897125244140625,16.082632064819336,142.2061309814453,153.24000549316406,242.85833740234372
2020-03-27,60.187408447265625,55.39944839477539,156.31935119628906,79.37367248535156,241.14224243164065,23.90872001647949,34.113338470458984,59.89732360839844,37.24650573730469,29.40877914428711,15.683197021484377,146.00201416015625,152.25,235.62466430664065
2020-03-30,61.905033111572266,57.20052337646485,165.45184326171875,81.43790435791016,246.59507751464844,25.27824592590332,35.85977935791016,61.26971435546875,38.5662727355957,29.84652709960937,15.88817310333252,144.8005828857422,152.9199981689453,243.27670288085935
2020-03-31,61.77869415283203,57.99806594848633,166.29930114746094,78.41556549072266,235.21226501464844,25.25503158569336,35.37101364135742,59.3556022644043,38.810672760009766,30.22060203552246,15.320548057556152,143.62527465820312,148.0500030517578,239.65060424804688
2020-04-01,58.528079986572266,55.14556884765625,159.12091064453125,73.4770278930664,222.6025390625,24.56640243530273,35.53289794921875,56.53860092163086,34.41147232055664,29.87040328979492,14.742414474487305,145.63755798339844,149.4499969482422,228.8651428222656
2020-04-02,59.50472259521485,55.90470504760742,157.7151336669922,76.22065734863281,232.6027069091797,25.432994842529297,36.93690490722656,58.68746566772461,33.72715759277344,32.154659271240234,15.115577697753906,146.56173706054688,151.89999389648438,234.14630126953125
2020-04-03,58.64955520629883,54.759521484375,153.71717834472656,73.9677505493164,230.80128479003903,26.02877616882324,37.19529342651367,56.92684555053711,32.89619445800781,31.207521438598636,14.432326316833496,146.9104766845703,152.64999389648438,230.76190185546875
2020-04-06,63.76601028442383,59.20061492919922,165.0530548095703,78.72879028320312,258.9515686035156,26.74835968017578,39.246826171875,61.20651245117188,35.340187072753906,32.21037673950195,15.472966194152832,146.52685546875,156.8800048828125,246.2613677978516
2020-04-07,63.027435302734375,59.1801643371582,168.3231964111328,79.76725006103516,252.27182006835932,26.00556182861328,37.976680755615234,62.03717803955078,34.36259078979492,32.8232307434082,15.809330940246582,144.9923553466797,156.0399932861328,246.51239013671875
2020-04-08,64.6406021118164,60.365753173828125,173.7568359375,82.98820495605469,264.2379150390625,26.77157211303711,37.92998504638672,64.61941528320312,35.682350158691406,34.90053939819336,16.077463150024414,143.93739318847656,154.64999389648438,254.78749084472656
2020-04-09,65.10704040527344,60.42410659790039,174.6641082763672,90.4333724975586,262.726318359375,27.382827758789062,37.91753387451172,66.70508575439453,34.900272369384766,34.327484130859375,16.529285430908203,144.19895935058594,158.69000244140625,258.66455078125
2020-04-13,66.38495635986328,60.72885894775391,174.26528930664062,86.41158294677734,256.81640625,27.18939018249512,39.00711441040039,64.79096984863281,34.3137092590332,34.032997131347656,16.23883056640625,142.88243103027344,161.41000366210938,256.3030090332031
2020-04-14,69.73760223388672,63.30602645874024,177.63516235351562,84.04425811767578,264.0136108398437,28.19526100158691,40.15896987915039,66.5154800415039,33.87378692626953,33.770355224609375,16.74444007873535,142.8475341796875,162.67999267578125,263.862060546875
2020-04-15,69.10108184814453,62.9688606262207,176.43875122070312,79.89924621582031,250.77003479003903,27.831602096557617,40.08424377441406,65.50423431396484,31.771961212158203,32.21833419799805,16.18503761291504,146.6314697265625,161.85000610351562,258.2554626464844
2020-04-16,69.65013122558594,63.01873779296875,175.72091674804688,76.85429382324219,240.6471405029297,27.761966705322266,41.19562911987305,66.37100982666016,30.50107765197754,31.159772872924805,16.22269058227539,148.29673767089844,161.7100067138672,259.50146484375
2020-04-17,68.70509338378906,64.00531768798828,178.70196533203125,83.76264190673828,253.52993774414065,28.55892372131348,41.130252838134766,69.61235809326172,33.433876037597656,34.39912414550781,16.798233032226562,146.30885314941406,158.57000732421875,266.51190185546875
2020-04-20,67.27900695800781,63.17535400390625,177.7049560546875,80.70890045166016,245.4940490722656,27.91670799255371,40.4235725402832,68.00521087646484,31.82082939147949,32.77546691894531,16.663761138916016,147.48590087890625,159.6999969482422,261.8165283203125
2020-04-21,65.19938659667969,60.66801071166992,170.28729248046875,78.36798095703125,239.2720947265625,27.560789108276367,40.22433471679688,65.65773010253906,31.67419815063477,32.60036849975586,16.06670570373535,149.34300231933594,158.61000061035156,253.8669586181641
2020-04-22,67.07735443115234,63.005767822265625,181.7328338623047,78.62317657470703,250.5457305908203,28.048248291015625,40.96525573730469,69.92837524414062,31.429792404174805,33.531578063964844,15.851547241210938,147.8172149658203,161.72999572753906,259.50146484375
2020-04-23,66.81739044189453,63.65916442871094,184.57427978515625,78.66717529296875,249.5217437744141,28.388694763183597,40.01264953613281,67.85175323486328,31.869722366333008,34.582176208496094,15.867682456970217,148.6019287109375,163.33999633789062,259.4827575683594
2020-04-24,68.74637603759766,63.80879592895508,189.49945068359372,79.82882690429688,252.34988403320312,28.922588348388672,40.29594039916992,68.23997497558594,30.59883689880371,34.8050422668457,15.980639457702637,148.95062255859375,162.63999938964844,263.0996398925781
2020-04-27,68.79499053955078,63.63771438598633,186.9371490478516,83.26980590820312,258.5523376464844,29.657638549804688,39.9410514831543,70.1902084350586,31.429792404174805,34.972171783447266,16.42708969116211,146.17803955078125,161.55999755859375,266.8931579589844
2020-04-28,67.67984008789062,61.53238296508789,182.3609313964844,83.85944366455078,258.0452575683594,29.332660675048828,39.84766387939453,71.0479507446289,33.23835754394531,35.79195022583008,16.486255645751953,147.86080932617188,160.83999633789062,265.66583251953125
2020-04-29,69.90283203125,66.90967559814453,193.6070709228516,86.12116241455078,276.66229248046875,29.49515151977539,38.47788619995117,69.39568328857422,32.162994384765625,37.77376556396485,16.90580940246582,147.0935821533203,161.72999572753906,272.6205749511719
2020-04-30,71.37750244140625,67.26780700683594,204.0955047607422,84.27307891845703,268.1583557128906,29.680843353271484,37.83970642089844,69.27828979492188,33.23835754394531,36.98582077026367,16.389436721801758,145.3760223388672,158.8000030517578,270.0823059082031
2020-05-01,70.22834777832031,65.86873626708984,201.6628265380859,82.06417083740234,262.0826416015625,29.123756408691406,38.26618576049805,66.62382507324219,31.771961212158203,34.335445404052734,16.082841873168945,146.620849609375,159.77999877929688,262.9322814941406
2020-05-04,71.22200775146484,66.17747497558594,204.64382934570312,81.08731842041016,262.5898132324219,29.10828399658203,38.50902557373047,64.90833282470703,30.35443687438965,35.72032928466797,15.921475410461426,145.9312286376953,160.33999633789062,263.65753173828125
2020-05-05,72.29096221923828,67.38999938964844,206.4484100341797,80.96410369873047,267.19287109375,29.79691696166992,38.82967376708984,65.82025909423828,30.305559158325195,35.68052673339844,15.99677848815918,144.99713134765625,161.02000427246094,266.0935363769531
2020-05-06,73.03681182861328,67.19996643066406,207.84420776367188,79.44160461425781,265.69097900390625,29.79691696166992,38.38449478149414,65.87442016601562,29.230199813842773,35.011966705322266,15.485782623291016,142.657470703125,158.9499969482422,264.2896728515625
2020-05-07,73.79236602783203,68.45987701416016,210.62583923339844,80.26885986328125,271.5716247558594,28.88261032104492,38.11246871948242,69.00699615478516,29.865636825561523,35.2109489440918,15.539573669433594,145.040771484375,161.38999938964844,267.4788513183594
2020-05-08,75.54875183105469,69.24844360351562,211.71255493164065,81.58013153076172,275.4432983398437,29.085786819458008,38.44077682495117,70.70491027832031,30.74547576904297,36.755008697509766,16.023672103881836,143.15504455566406,160.4199981689453,271.9046325683594
2020-05-11,76.73753356933594,69.99111938476562,212.54005432128903,79.1776123046875,274.2632751464844,29.77346992492676,38.66903305053711,68.8889389038086,30.256681442260746,36.4048080444336,15.803133964538574,142.03762817382812,159.4199981689453,271.9604187011719
2020-05-12,75.8605728149414,68.61849212646484,209.4693145751953,76.59028625488281,265.369140625,29.1951904296875,38.70343017578125,67.50879669189453,29.32796096801757,35.79630661010742,15.539573669433594,143.4955291748047,160.0399932861328,266.5398254394531
2020-05-13,74.94461059570312,67.30122375488281,204.4843292236328,73.95014190673828,262.4923400878906,28.952938079833984,38.68154144287109,66.84599304199219,28.30148124694824,34.019474029541016,15.109264373779297,144.49949645996094,161.5800018310547,261.8258361816406
2020-05-14,75.40502166748047,67.64038848876953,206.18917846679688,77.02149963378906,270.4403381347656,29.63280487060547,38.59086608886719,67.363525390625,27.86156272888184,34.319664001464844,15.372828483581545,145.91371154785156,163.00999450683594,264.9591064453125
2020-05-15,74.959228515625,68.49130249023438,210.2469787597656,75.59584045410156,272.0299987792969,29.507774353027344,39.37881088256836,67.3362808227539,26.8350830078125,34.076263427734375,15.227602005004885,145.5383758544922,163.92999267578125,266.1772155761719
2020-05-18,76.72535705566406,69.02748107910156,212.550048828125,79.60002136230469,282.7184753417969,29.750022888183597,39.916622161865234,69.21581268310547,30.6477165222168,36.78613662719727,15.840790748596191,142.34315490722656,162.69000244140625,274.2848205566406
2020-05-19,76.28199005126953,68.50601196289062,216.2289581298828,78.03353881835938,283.5279846191406,29.44525909423828,39.06927108764648,68.87986755371094,30.35443687438965,35.65026092529297,15.577224731445312,142.87570190429688,164.25999450683594,271.4676513671875
2020-05-20,77.76555633544922,70.16368865966797,229.2796630859375,80.37448120117188,291.39794921875,29.40618133544922,39.22560119628906,70.60505676269531,31.380916595458984,36.81047439575195,15.916094779968262,143.3035125732422,164.64999389648438,276.0793762207031
2020-05-21,77.18575286865234,69.96817016601562,230.6954040527344,79.35363006591797,286.970458984375,29.11704444885254,39.08177185058594,70.86835479736328,31.67419815063477,36.15328979492188,16.012916564941406,143.6614227294922,162.25,274.1732177734375
2020-05-22,77.6827163696289,70.34823608398438,234.204833984375,78.73759460449219,287.6044006347656,29.304594039916992,38.87540435791016,70.47792053222656,31.332040786743164,36.18574905395508,16.072084426879883,144.52572631835938,163.2100067138672,274.6940002441406
2020-05-26,77.15654754638672,70.67742156982422,231.5029754638672,84.32587432861328,295.8157958984375,29.296777725219727,38.72843933105469,70.60505676269531,33.23835754394531,37.24859619140625,16.577693939208984,142.58766174316406,160.88999938964844,278.0783386230469
2020-05-27,77.49271392822266,70.71832275390625,228.45216369628903,89.21012115478516,292.343994140625,29.2342586517334,38.29694747924805,71.36773681640625,35.63346862792969,37.51634216308594,17.131717681884766,142.32568359375,161.17999267578125,282.2159423828125
2020-05-28,77.52681732177734,70.6629638671875,224.78321838378903,87.88124084472656,294.8112487792969,29.835983276367188,38.67530059814453,71.31327819824219,33.140586853027344,36.54273223876953,16.7067928314209,141.80186462402344,161.72000122070312,281.6951599121094
2020-05-29,77.45130157470703,71.2709732055664,224.4143218994141,85.63714599609375,293.4362487792969,29.84380340576172,38.79098129272461,70.8138656616211,32.114105224609375,36.89162063598633,16.599214553833008,142.8145294189453,162.91000366210938,282.9504089355469
2020-06-01,78.4037857055664,71.41561889648438,231.21385192871097,86.77240753173828,293.9335632324219,27.710424423217773,38.75971221923828,71.11349487304688,33.04283905029297,37.54878616333008,16.636863708496094,141.85304260253906,163.66000366210938,284.0940246582031
2020-06-02,78.76676177978516,71.78470611572266,232.0214080810547,87.06279754638672,296.0693359375,28.2574405670166,38.75346374511719,70.62320709228516,34.460350036621094,38.38447189331055,16.669137954711914,141.33731079101562,162.60000610351562,286.4463806152344
2020-06-03,79.20035552978516,71.64305877685547,229.46910095214844,91.76224517822266,299.463134765625,28.2574405670166,38.60649871826172,72.25757598876953,35.97563934326172,39.95036697387695,16.94883918762207,139.45790100097656,159.60000610351562,290.25848388671875
2020-06-04,78.51829528808594,70.43601989746094,225.6107177734375,93.67194366455078,293.90435791015625,28.14022445678711,38.181251525878906,71.49486541748047,37.83307266235352,39.83677291870117,17.104829788208008,137.4387664794922,161.27999877929688,289.4960327148437
2020-06-05,80.75456237792969,71.7433090209961,230.0772705078125,97.88736724853516,304.154052734375,28.124595642089844,38.00928115844727,74.58200073242188,38.51738357543945,43.0659065246582,17.626577377319336,136.45970153808594,158.00999450683594,296.915771484375
2020-06-08,81.23200988769531,72.15330505371094,230.7053680419922,99.84104919433594,302.7204284667969,28.593467712402344,37.90922164916992,75.8713607788086,41.352420806884766,44.4127311706543,17.874008178710938,136.98422241210938,159.72000122070312,300.50469970703125
2020-06-09,83.79718017578125,72.629638671875,237.95355224609372,97.2801284790039,303.7736511230469,28.2965145111084,37.9436149597168,74.79085540771484,39.20170974731445,43.42288589477539,17.5458927154541,138.54014587402344,161.25999450683594,298.2638854980469
2020-06-10,85.95304870605469,73.11295318603516,236.01937866210932,93.3375244140625,305.392578125,28.069894790649418,37.88421249389648,71.74002075195312,37.1976318359375,41.09435272216797,17.287704467773438,140.5943145751953,163.57000732421875,296.5995178222656
2020-06-11,81.826416015625,70.0200424194336,223.7563018798828,85.54912567138672,284.0350341796875,26.022476196289062,37.54963684082031,65.89261627197266,33.97154998779297,37.46767044067383,16.22806739807129,143.2516632080078,162.38999938964844,279.5009155273437
2020-06-12,82.5328598022461,70.48589324951172,227.8938446044922,87.89006042480469,290.4130249023437,26.374134063720703,36.81484603881836,69.35200500488281,35.437950134277344,38.27088928222656,16.405569076538086,141.8705596923828,162.6199951171875,282.84814453125
2020-06-15,83.55355072021484,70.8185806274414,231.8020782470703,89.10452270507812,289.8084411621094,26.06936836242676,36.92116165161133,69.87864685058594,35.38908004760742,38.246543884277344,16.405569076538086,141.94921875,162.3300018310547,285.4886779785156
2020-06-16,85.76790618896484,71.95928192138672,234.9426116943359,89.81733703613281,296.93731689453125,26.10062599182129,37.41205978393555,70.67768096923828,36.51331329345703,39.106571197509766,16.556177139282227,139.77261352539062,162.25,290.98370361328125
2020-06-17,85.64856719970703,72.37825012207031,234.82296752929688,87.54684448242188,296.2351989746094,26.22566032409668,37.21820831298828,70.00575256347656,35.38908004760742,37.83277130126953,16.27648162841797,140.34954833984375,162.55999755859375,289.7749328613281
2020-06-18,85.68266296386719,71.62210083007812,235.23175048828125,87.07161712646484,297.29815673828125,25.9755916595459,36.89301681518555,69.2884521484375,35.58458709716797,38.06805419921875,16.32489013671875,141.83555603027344,162.24000549316406,289.8865661621094
2020-06-19,85.19300842285156,71.41062927246094,238.07318115234372,86.07715606689453,289.155029296875,26.11625862121582,37.474609375,68.46218872070312,34.949153900146484,37.30538558959961,16.303373336791992,141.94921875,164.02999877929688,288.2298583984375
2020-06-22,87.42200469970703,72.41516876220703,238.50189208984372,85.1443099975586,296.8983154296875,25.874004364013672,38.04679870605469,68.46218872070312,34.41147232055664,37.66238784790039,16.195798873901367,141.9666748046875,165.08999633789062,290.0788879394531
2020-06-23,89.2879867553711,73.04112243652344,241.5128326416016,86.18276977539062,299.27789306640625,25.608306884765625,37.85607147216797,68.54389953613281,34.21595001220703,37.889556884765625,16.271100997924805,140.9964141845703,166.47999572753906,291.41436767578125
2020-06-24,87.71188354492188,71.42310333251953,233.3175048828125,83.3050308227539,286.7266540527344,25.15506172180176,37.61530685424805,66.86412811279297,31.91859245300293,36.104618072509766,15.82465362548828,142.50860595703125,165.89999389648438,283.98077392578125
2020-06-25,88.87630462646484,71.88994598388672,234.97251892089844,86.20916748046875,290.6275634765625,25.25665283203125,37.43083190917969,67.0548095703125,32.65179443359375,36.64820098876953,15.986021041870115,142.9195098876953,165.8000030517578,287.0251770019531
2020-06-26,86.1455078125,67.82843017578125,215.4313507080078,81.48331451416016,282.17236328125,25.037841796875,36.99620819091797,64.984619140625,31.721683502197266,35.390628814697266,15.641773223876951,144.44918823242188,166.5399932861328,280.2079772949219
2020-06-29,88.13085174560547,69.57762908935547,219.9776763916016,81.84414672851562,285.67340087890625,25.50672149658203,37.22758483886719,66.7188491821289,33.288185119628906,35.95856857299805,16.088218688964844,143.99464416503906,166.6300048828125,284.3263244628906
2020-06-30,88.86654663085938,70.5073471069336,226.3883819580078,82.7770004272461,288.3747253417969,25.553606033325195,37.45271682739258,66.8187255859375,33.43503952026367,36.28310775756836,16.260343551635742,143.29527282714844,167.3699951171875,287.9684143066406
2020-07-01,88.69844818115234,71.7258529663086,236.83689880371097,82.07295989990234,293.7092590332031,26.366321563720703,37.42457580566406,67.21824645996094,32.99446105957031,35.463653564453125,16.082841873168945,143.01705932617188,166.6199951171875,289.9855651855469
2020-07-02,88.69844818115234,73.05558776855469,232.71929931640625,82.33955383300781,294.9283752441406,26.96804428100586,37.27449035644531,66.99124908447266,33.38609313964844,35.763851165771484,16.179658889770508,143.16575622558594,166.97999572753906,291.5824890136719
2020-07-06,91.07118225097656,74.60179138183594,239.5587158203125,84.4189224243164,298.00030517578125,26.96804428100586,37.17443084716797,68.49850463867188,34.26724624633789,36.01536560058594,16.400192260742188,142.5794677734375,167.97999572753906,296.08367919921875
2020-07-07,90.78858184814452,74.07708740234375,240.13699340820312,82.03741455078125,292.4804992675781,26.59294319152832,39.69462585449219,67.41801452636719,33.092369079589844,35.08232879638672,16.30875587463379,144.5835418701172,169.0399932861328,293.0299987792969
2020-07-08,92.90306091308594,74.61676025390625,242.84881591796875,82.90825653076172,293.10546875,26.374134063720703,38.90979766845703,67.318115234375,33.5819091796875,35.001190185546875,16.384057998657227,144.00588989257812,170.08999633789062,295.2712707519531
2020-07-09,93.30256652832033,75.36441802978516,243.76605224609372,81.11325073242188,287.6759338378906,26.14751625061035,39.94476318359375,66.80058288574219,32.211212158203125,33.5570068359375,16.25664520263672,146.29891967773438,169.6300048828125,293.5903015136719
2020-07-10,93.46576690673828,76.89814758300781,244.3343505859375,85.54744720458984,288.7404479980469,26.436655044555664,40.86092758178711,67.45431518554688,32.74970245361328,34.6036376953125,16.581335067749023,145.56378173828125,169.19000244140625,296.5880432128906
2020-07-13,93.03459930419922,75.38188171386719,238.28256225585932,86.77375793457031,283.3694763183594,27.51506233215332,40.49820709228515,65.96522521972656,32.79865646362305,34.61174011230469,16.377716064453125,146.04507446289062,169.39999389648438,294.0198974609375
2020-07-14,94.57418823242188,75.84274291992188,239.01036071777344,87.2713851928711,291.9336242675781,27.530689239501957,41.27677917480469,66.0378646850586,33.679813385009766,35.755741119384766,16.487781524658203,146.25509643554688,170.19000244140625,297.8301086425781
2020-07-15,95.22460174560548,75.49659729003906,239.5587158203125,88.6220932006836,298.5447998046875,27.91360092163086,41.273658752441406,68.6528549194336,34.95258712768555,36.210086822509766,16.515302658081055,145.5725860595703,170.33999633789062,300.5662841796875
2020-07-16,94.05287170410156,75.71405792236328,240.20675659179688,88.87090301513672,292.3242492675781,27.81983184814453,41.3361930847168,67.5451431274414,34.51201629638672,35.92612075805664,16.724422454833984,146.2638702392578,168.72999572753906,299.57647705078125
2020-07-17,93.86284637451172,75.59185028076172,241.303466796875,87.22696685791016,296.9236755371094,28.327775955200195,41.19235610961914,67.3362808227539,34.60992431640625,35.309505462646484,16.647377014160156,145.95755004882812,170.1199951171875,300.4449462890625
2020-07-20,95.8409194946289,78.09422302246094,244.68328857421875,86.46273803710938,304.6383056640625,28.52314186096191,41.10793685913086,68.06269073486328,33.630863189697266,34.48193359375,16.427248001098633,146.31639099121094,170.94000244140625,302.87286376953125
2020-07-21,94.51817321777344,77.7301025390625,241.02430725097656,88.33773803710938,300.380615234375,28.671615600585938,41.37683868408203,68.49850463867188,34.46305847167969,36.22631072998047,16.647377014160156,146.4038848876953,173.0,303.5173034667969
2020-07-22,94.78367614746094,78.23237609863281,239.14993286132807,87.69792938232422,306.01519775390625,30.1329288482666,41.48002243041992,70.13286590576172,34.56096649169922,35.38251495361328,16.597848892211914,146.84141540527344,175.6300048828125,305.24493408203125
2020-07-23,90.46946716308594,75.59833526611328,231.90179443359372,87.95561981201172,302.6266174316406,30.01571655273437,41.161094665527344,68.42585754394531,34.46305847167969,35.455543518066406,16.45476531982422,148.55674743652344,177.17999267578125,301.6029052734375
2020-07-24,90.24534606933594,75.40830993652344,230.0174560546875,87.33358764648438,299.71661376953125,29.429628372192383,41.03601837158203,68.80722045898438,33.5819091796875,35.23647689819336,16.273149490356445,148.54798889160156,178.6999969482422,299.66046142578125
2020-07-27,92.38419342041016,76.32256317138672,232.7990570068359,86.1072998046875,301.61102294921875,29.33585357666016,41.02663803100586,69.42465209960938,32.84761047363281,35.755741119384766,16.11906623840332,147.9967041015625,182.22999572753903,301.8456726074219
2020-07-28,90.86652374267578,74.83322143554688,229.42919921875,86.48050689697266,299.14044189453125,30.492406845092773,41.1986083984375,67.7721176147461,33.72876739501953,35.333839416503906,16.339195251464844,149.0205535888672,183.75,299.9312744140625
2020-07-29,92.60831451416016,75.91456604003906,232.58969116210932,88.57766723632812,302.0406494140625,30.679956436157227,40.86404037475586,70.29632568359375,32.26016998291016,35.72328567504883,16.267648696899414,148.76678466796875,185.1300048828125,303.6200561523437
2020-07-30,93.7288818359375,76.38491821289062,233.7960662841797,86.21392059326172,301.7477722167969,30.56947898864746,40.685813903808594,69.58808135986328,30.64471435546875,33.970787048339844,16.273149490356445,149.7469482421875,183.75999450683597,302.53680419921875
2020-07-31,103.54124450683594,73.96635437011719,252.90853881835932,85.8762435913086,301.288818359375,30.36431121826172,40.4606819152832,69.48822021484375,29.714599609375,34.14117431640625,16.278657913208008,149.65069580078125,185.42999267578125,304.92742919921875
2020-08-03,106.15023040771484,73.5418930053711,251.2036590576172,85.39640045166016,305.25341796875,30.26173591613769,40.42941284179688,68.55297088623047,29.91041374206543,34.27909469604492,16.300670623779297,148.89730834960938,185.63999938964844,307.0473937988281
2020-08-04,106.85909271240234,73.06905364990234,249.08004760742188,84.90767669677734,307.0112609863281,30.29330062866211,41.161094665527344,68.21703338623047,30.057273864746097,35.26892852783203,16.515302658081055,150.31655883789062,189.58999633789065,308.2334289550781
2020-08-05,107.24642944335938,73.49999237060547,248.37217712402344,86.38277435302734,320.3017883300781,30.340652465820312,40.58888244628906,68.80722045898438,31.330059051513672,35.57723617553711,16.427248001098633,149.00242614746094,191.3500061035156,310.1478271484375
2020-08-06,110.9881820678711,74.82124328613281,264.483642578125,86.409423828125,322.3916320800781,30.1986141204834,40.44505310058594,69.07196807861328,30.98738479614257,35.4068603515625,16.421743392944336,149.83474731445312,193.88999938964844,312.22100830078125
2020-08-07,108.46477508544922,74.54144287109375,267.6341857910156,88.31108093261719,320.3213806152344,30.340652465820312,40.63891220092773,69.19064331054688,31.330059051513672,35.244590759277344,16.520801544189453,148.83592224121094,190.80999755859372,312.4451599121094
2020-08-10,110.0413055419922,74.62174224853516,262.21051025390625,89.43071746826172,315.3019714355469,30.29330062866211,41.23613739013672,70.72435760498047,32.651790618896484,36.11272048950195,16.619861602783203,148.17010498046875,190.1499938964844,313.3790588378906
2020-08-11,106.76869201660156,73.83467864990234,255.36114501953125,92.25653839111328,320.8291015625,29.819847106933597,40.71084213256836,72.00244140625,32.94551467895508,36.485939025878906,16.619861602783203,146.40904235839844,179.94000244140625,310.792236328125
2020-08-12,110.31707000732422,75.14645385742188,259.1098937988281,91.4745635986328,319.9405517578125,30.24595260620117,41.23926162719727,72.38589477539062,32.89655303955078,36.4776725769043,16.608854293823242,145.07737731933594,179.10000610351562,315.1253967285156
2020-08-13,112.26941680908205,75.73650360107422,260.5155944824219,90.96805572509766,318.5342712402344,30.119699478149418,41.396244049072266,72.13939666748047,32.30911636352539,35.584129333496094,16.460268020629883,143.52655029296875,183.3300018310547,314.5556640625
2020-08-14,112.16935729980467,75.20182037353516,260.4557800292969,91.00357818603516,319.1300048828125,30.03290367126465,41.6317138671875,71.54598999023438,32.60284423828125,35.741329193115234,16.515302658081055,142.96583557128906,182.5399932861328,314.5650634765625
2020-08-17,111.8765106201172,75.71306610107422,260.37603759765625,88.60431671142578,322.4795837402344,30.26173591613769,42.5736083984375,72.07549285888672,31.672731399536133,35.278018951416016,16.427248001098633,143.3250274658203,186.5,315.56427001953125
2020-08-18,112.80875396728516,77.73908996582031,261.552490234375,87.36912536621094,323.23150634765625,30.269628524780277,42.29418182373047,72.11199951171875,31.52586936950684,35.104278564453125,16.394227981567383,144.35018920898438,188.17999267578125,316.2459716796875
2020-08-19,112.95027160644533,77.18694305419922,261.8017272949219,87.57353210449219,324.5985412597656,30.190717697143555,41.572059631347656,70.87042999267578,31.23215103149414,34.715423583984375,16.3612060546875,143.44772338867188,182.2400054931641,314.9293212890625
2020-08-20,115.45661163330078,78.89375305175781,268.2024841308594,86.52494049072266,329.4031066894531,30.553691864013672,40.99436569213867,70.49613952636719,30.69366836547852,34.18592071533203,16.32818603515625,144.744384765625,183.5,315.90985107421875
2020-08-21,121.4063720703125,78.8274154663086,266.2084655761719,86.48050689697266,329.188232421875,30.67995262145996,41.32716751098633,70.35919952392578,30.889476776123047,33.929439544677734,16.339195251464844,145.61178588867188,182.02999877929688,317.0304870605469
2020-08-24,122.85841369628906,79.21546173095703,270.5753173828125,88.91533660888672,335.57476806640625,30.64839553833008,41.23298263549805,71.82901000976562,32.45598220825195,34.93052673339844,16.52630615234375,145.37525939941406,181.0,320.24298095703125
2020-08-25,121.8505401611328,80.2140121459961,279.9770202636719,89.30632019042969,339.5003662109375,30.309085845947266,41.01320266723633,75.51722717285156,32.26016998291016,33.82188415527344,16.45476531982422,144.2625274658203,181.22000122070312,321.3636169433594
2020-08-26,123.5075912475586,82.4166030883789,302.9977111816406,88.0533676147461,342.7816162109375,30.02500534057617,41.035186767578125,75.23420715332031,31.721683502197266,33.10210037231445,16.504289627075195,143.71063232421875,183.3600006103516,324.5854797363281
2020-08-27,122.03112030029295,81.51631164550781,292.3398132324219,90.95027160644533,347.64471435546875,29.87508010864257,42.8969841003418,76.14714813232422,31.721683502197266,32.87871551513672,16.45476531982422,141.26620483398438,181.2400054931641,325.2951354980469
2020-08-28,121.8334503173828,82.0190658569336,292.77850341796875,91.32350158691406,357.5271911621094,29.914533615112305,44.04924011230469,77.59870147705078,32.35808181762695,33.664703369140625,16.531808853149414,141.1611328125,184.38999938964844,327.3964233398437
2020-08-31,125.96508026123048,81.50883483886719,292.31988525390625,89.03087615966797,349.7833557128906,29.819847106933597,43.59399032592773,77.11483764648438,31.03633499145508,33.0441780090332,16.40523338317871,142.0985565185547,184.8300018310547,326.2104187011719
2020-09-01,130.9826202392578,82.83207702636719,294.5531311035156,88.98643493652344,348.5235595703125,29.10177230834961,46.33804702758789,78.55728149414062,30.302040100097656,32.62223052978516,16.218124389648438,143.7238006591797,185.0500030517578,329.2828369140625
2020-09-02,128.26889038085938,86.20230865478516,301.5919494628906,90.32823944091795,352.234375,29.35427665710449,46.36629867553711,80.65699005126953,31.52586936950684,32.42367172241211,16.344696044921875,145.092041015625,182.6199951171875,334.04559326171875
2020-09-03,117.99951934814452,81.89089965820312,290.24609375,90.04388427734375,335.77008056640625,28.722999572753903,45.38045501708984,78.9498291015625,30.938426971435547,32.35748291015625,16.284162521362305,145.50428771972656,181.13999938964844,322.5496826171875
2020-09-04,118.07763671875,79.35711669921875,281.8812866210937,91.9899673461914,327.1473388671875,28.691444396972656,44.84357070922851,78.75810241699219,31.427959442138672,32.332664489746094,16.19060707092285,142.74142456054688,181.63999938964844,319.91607666015625
2020-09-08,110.131591796875,76.43180084228516,270.3460388183594,88.79092407226562,322.1376953125,28.352128982543945,43.468406677246094,77.97300720214844,30.057273864746097,31.58805274963379,16.240135192871094,143.6186065673828,181.2899932861328,311.1751403808594
2020-09-09,114.52437591552734,77.65728759765625,272.8983459472656,89.6351089477539,331.6686706542969,28.54941177368164,43.9205207824707,78.38379669189453,30.155181884765625,31.397764205932617,16.163089752197266,143.23265075683594,183.0500030517578,317.3199462890625
2020-09-10,110.7856216430664,76.41334533691406,267.28521728515625,88.7109603881836,325.0673522949219,28.13118362426757,42.95350646972656,77.48914337158203,29.37192916870117,30.61178398132324,15.909941673278809,143.96066284179688,182.4600067138672,311.8101806640625
2020-09-11,109.33114624023438,75.8497314453125,265.8096618652344,89.8128433227539,322.4013671875,28.46260643005371,42.9189682006836,77.84518432617188,29.12716484069824,30.529052734375,15.959466934204102,144.26760864257812,182.4499969482422,311.9688415527344
2020-09-14,112.6110610961914,75.77790069580078,265.3510437011719,91.05692291259766,330.6530456542969,29.2043571472168,43.11362838745117,79.08676147460938,30.10622787475586,30.33049201965332,16.036514282226562,144.2588653564453,183.88999938964844,316.077880859375
2020-09-15,112.78678131103516,76.88318634033203,271.6022644042969,88.22220611572266,331.1804504394531,29.16489601135254,43.12619400024414,80.0727310180664,29.86145782470703,30.00782585144043,16.025508880615234,143.90802001953125,183.4499969482422,317.6748046875
2020-09-16,109.4580535888672,75.85869598388672,262.7289428710937,88.5954360961914,333.8267822265625,29.02286148071289,42.78083038330078,80.68437957763672,33.043418884277344,31.281938552856445,16.09154510498047,143.47824096679688,183.97000122070312,316.4140625
2020-09-17,107.71068572998048,74.59330749511719,254.0550842285156,87.5823974609375,331.46356201171875,29.05442237854004,42.91582489013672,79.19629669189453,34.51201629638672,31.273662567138672,15.997992515563965,143.91677856445312,182.9600067138672,313.6312255859375
2020-09-18,104.29409790039062,72.82066345214844,251.77195739746097,87.39579010009766,327.3914489746094,28.90450096130371,42.47627639770508,77.55303955078125,33.679813385009766,30.768978118896484,15.920944213867188,143.46949768066406,183.1999969482422,310.0204162597656
2020-09-21,107.45689392089844,71.38269805908203,247.40509033203125,84.69438171386719,320.15533447265625,28.42315101623535,43.03514099121094,76.5853500366211,31.08529281616211,30.14019775390625,15.755847930908203,144.1973876953125,179.52000427246094,306.57000732421875
2020-09-22,109.14566040039062,73.09349060058594,253.98529052734372,83.77021789550781,327.44024658203125,28.604639053344727,43.42444610595703,76.64012145996094,30.59575653076172,29.395584106445312,15.689810752868652,144.0833740234375,178.64999389648438,309.6923217773437
2020-09-23,104.5674057006836,70.58715057373047,248.27247619628903,82.41063690185547,316.9132995605469,28.40736961364746,42.69606018066406,75.76372528076172,29.91041374206543,28.45241355895996,15.337599754333496,144.27638244628906,174.7899932861328,302.5102233886719
2020-09-24,105.64120483398438,71.23954010009766,248.78094482421875,82.33955383300781,320.5069580078125,28.21798515319824,42.9189682006836,75.80935668945312,29.665647506713867,28.39449691772461,15.431153297424316,144.82896423339844,175.44000244140625,303.3165588378906
2020-09-25,109.60446166992188,72.07100677490234,254.0550842285156,83.05933380126953,323.9931640625,28.44682884216309,43.09792709350586,76.95964813232422,29.95985221862793,28.659255981445312,15.431153297424316,144.82896423339844,174.94000244140625,308.2201843261719
2020-09-28,112.2206039428711,73.0466079711914,256.049072265625,85.44971466064453,330.44805908203125,28.715110778808597,43.09164810180664,78.57553100585938,30.401159286499023,29.213579177856445,15.618266105651855,144.4166717529297,176.6999969482422,313.3395690917969
2020-09-29,111.371337890625,73.2865219116211,261.004150390625,84.72993469238281,328.3387145996094,28.541513442993164,43.05711364746094,77.41612243652344,30.008882522583008,28.36141014099121,15.574241638183594,144.58334350585938,178.19000244140625,311.6331481933594
2020-09-30,113.05034637451172,73.29999542236328,261.11383056640625,85.54744720458984,330.233154296875,28.95973777770996,43.92679214477539,78.4385986328125,30.548263549804688,28.40277671813965,15.689810752868652,143.19754028320312,177.1199951171875,313.9959716796875
2020-10-01,114.00699615478516,74.32198333740234,265.8296203613281,86.16948699951172,335.31109619140625,28.699329376220703,44.92205810546875,79.18718719482422,30.59729385375977,27.409957885742188,15.67880630493164,143.4337615966797,178.6999969482422,316.01171875
2020-10-02,110.32685089111328,72.74235534667969,259.1596984863281,86.9870376586914,330.8775939941406,28.707225799560547,44.11203384399414,79.031982421875,31.33280372619629,27.28585433959961,15.783364295959473,142.89808654785156,178.5399932861328,313.01141357421875
2020-10-05,113.72390747070312,74.11898040771484,263.8555603027344,88.82559967041016,335.19390869140625,28.99918937683105,44.52019119262695,80.76654815673828,31.43087577819824,27.914640426635746,15.77786350250244,140.1060333251953,179.41000366210938,318.5620422363281
2020-10-06,110.4635009765625,72.49396514892578,257.883544921875,87.91080474853516,329.51055908203125,28.541513442993164,44.1528549194336,79.43367004394531,30.25406074523925,27.625072479248047,15.799878120422363,140.8611297607422,177.3000030517578,314.03338623046875
2020-10-07,112.33775329589844,72.83563232421875,257.3451538085937,89.44444274902344,335.8286437988281,28.77823829650879,44.2344856262207,80.74829864501953,30.94053268432617,27.716079711914062,15.849400520324709,139.8338165283203,177.22000122070312,319.4996337890625
2020-10-08,112.2303466796875,74.11448669433594,262.96826171875,91.28302001953124,337.4417724609375,29.10966110229492,44.38204193115234,81.73424530029297,32.607688903808594,29.172208786010746,16.130449295043945,140.58897399902344,177.85000610351562,322.3312072753906
2020-10-09,114.18270111083984,75.57540130615234,263.6561584472656,90.7628402709961,344.5201110839844,29.0307559967041,44.82787704467773,82.1724624633789,33.539344787597656,28.74198532104492,15.96694564819336,140.56263732910156,181.0800018310547,325.209716796875
2020-10-12,121.43565368652344,78.26528930664062,274.9222412109375,91.87494659423828,344.1779479980469,29.05442237854004,45.28939437866211,82.87541961669922,33.49030303955078,28.650976181030277,15.859821319580078,141.01039123535156,180.55999755859372,330.4415588378906
2020-10-13,118.21429443359376,78.3914794921875,275.31109619140625,90.38616180419922,338.116455078125,29.117551803588867,45.91105270385742,82.30941009521484,32.950927734375,28.311767578125,15.64557933807373,142.02012634277344,177.72000122070312,328.2850646972656
2020-10-14,118.30215454101562,78.21192169189453,271.0040588378906,89.88392639160156,335.0465393066406,29.08599090576172,45.19207382202149,81.53340911865234,33.44127655029297,28.25385284423828,15.49898910522461,142.3449249267578,178.27000427246094,326.22235107421875
2020-10-15,117.83358764648438,77.76551818847656,265.9193725585937,91.22920989990234,331.0087585449219,28.841367721557617,45.37731552124024,81.09523010253906,33.68645095825195,28.502052307128903,15.476436614990234,142.09915161132812,178.9199981689453,325.8191833496094
2020-10-16,116.1838607788086,78.45781707763672,265.1317138671875,91.04086303710938,331.8202209472656,29.94610023498535,45.43383407592773,80.81218719482422,35.745880126953125,28.21248245239257,15.408780097961426,141.7040252685547,178.3000030517578,325.6222839355469
2020-10-19,113.21630859375,76.54251861572266,260.61529541015625,89.50721740722656,324.26287841796875,29.827735900878903,44.88124847412109,79.97230529785156,35.745880126953125,27.64988136291504,15.15506649017334,141.1684112548828,178.38999938964844,320.67169189453125
2020-10-20,114.70984649658205,77.60591888427734,266.7568054199219,90.01844787597656,324.311767578125,29.583118438720703,45.17951583862305,80.80308532714844,35.99104690551758,27.88154983520508,15.08741283416748,139.82508850097656,179.25,321.9561767578125
2020-10-21,114.08509826660156,79.47032928466797,277.893310546875,89.12158203125,325.97381591796875,29.25958633422852,45.33650207519531,80.58396911621094,35.89297866821289,27.43478202819824,15.064858436584473,139.3421173095703,180.6000061035156,321.34674072265625
2020-10-22,112.99176788330078,80.56864166259766,277.2851257324219,92.2695770263672,326.1498107910156,29.53577423095703,45.06962203979492,81.57904052734375,37.85434341430664,28.84126663208008,15.944392204284668,137.89340209960938,178.8300018310547,323.10943603515625
2020-10-23,112.29869842529295,81.8489990234375,283.93511962890625,93.10365295410156,322.2489013671875,30.127593994140625,45.16381454467773,82.89366912841797,37.413028717041016,28.262121200561523,15.68504238128662,138.736328125,178.63999938964844,324.2063903808594
2020-10-26,112.3084487915039,79.32768249511719,276.2781677246094,90.79871368408205,310.9568176269531,29.92242813110352,44.633209228515625,81.85293579101562,36.18719100952149,27.591976165771484,15.436968803405762,140.0270233154297,178.5500030517578,318.21514892578125
2020-10-27,113.82152557373048,80.01649475097656,282.43963623046875,89.085693359375,310.02801513671875,29.53577423095703,44.85613250732422,82.2089614868164,34.814231872558594,27.15348052978516,15.177620887756348,140.9665069580078,179.02000427246094,317.1181030273437
2020-10-28,108.55017852783205,75.64522552490234,266.8665466308594,86.58344268798828,284.8726501464844,27.973369598388672,43.96761322021485,79.57975006103516,36.38331604003906,26.11930084228516,14.94081974029541,141.0981903076172,176.1300048828125,306.27935791015625
2020-10-29,112.572021484375,78.17002868652344,279.98699951171875,87.14845275878906,286.6324157714844,27.83921813964844,43.929931640625,80.61135864257812,36.13815307617188,27.277587890625,15.08741283416748,139.72848510742188,175.39999389648438,309.3922119140625
2020-10-30,106.26596069335938,80.85194396972656,262.3201904296875,87.92874908447266,282.19384765625,27.99703598022461,43.56259536743164,79.38803100585938,36.38331604003906,26.988012313842773,15.234003067016602,138.3500213623047,176.1999969482422,306.1668395996094
2020-11-02,106.1781005859375,81.10232543945312,260.5754089355469,89.91082000732422,283.4940795898437,28.58885765075684,44.08063888549805,78.48423767089844,36.873661041259766,28.121477127075195,15.41441822052002,139.38632202148438,177.91000366210938,309.5984802246094
2020-11-03,107.80831146240234,82.30836486816406,264.5036315917969,92.74493408203124,288.7931213378906,28.557296752929688,44.82787704467773,80.69351196289062,38.49178314208984,27.64161872863769,15.482072830200195,138.57763671875,178.9199981689453,315.0647888183594
2020-11-04,112.2108383178711,87.24224090576172,286.517333984375,89.91082000732422,300.33935546875,29.456859588623047,44.57041931152344,81.97162628173828,38.49178314208984,27.492691040039062,15.245275497436523,141.58367919921875,178.82000732421875,322.106201171875
2020-11-05,116.19361877441406,87.95250701904297,293.79541015625,93.58796691894533,309.46099853515625,29.010421752929688,45.04450988769531,82.7293472290039,39.178260803222656,27.443050384521484,15.510265350341797,141.82980346679688,182.92999267578125,328.3881225585937
2020-11-06,116.06160736083984,87.8717041015625,292.5292358398437,92.34130859375,306.63555908203125,29.01839065551757,45.7666244506836,82.75672912597656,39.66860580444336,27.120386123657227,15.47079849243164,140.1158447265625,183.19000244140625,328.3131408691406
2020-11-09,113.74410247802734,87.93405151367188,277.93316650390625,104.8436279296875,336.8650207519531,31.25057983398437,45.06648254394531,87.53131866455078,42.757755279541016,30.55387306213379,15.955671310424805,137.17132568359375,175.0800018310547,332.43865966796875
2020-11-10,113.40184020996094,86.80631256103516,271.6121826171875,104.50281524658205,327.30340576171875,30.836027145385746,45.70069885253906,86.14630889892578,44.03264617919922,31.23171806335449,16.26576042175293,136.38015747070312,175.66000366210938,331.9510803222656
2020-11-11,116.84388732910156,87.42080688476562,275.6500549316406,102.94229125976562,324.9667358398437,30.69253730773925,46.46049499511719,87.17361450195312,43.591346740722656,30.909744262695312,16.198104858398438,136.87245178222656,174.89999389648438,334.4171142578125
2020-11-12,116.5700912475586,87.27765655517578,274.25421142578125,101.67769622802734,320.95831298828125,29.93518829345703,46.53898620605469,85.78858947753906,42.95389175415039,29.85061264038086,16.034605026245117,139.20164489746094,175.9600067138672,331.1729431152344
2020-11-13,116.61898803710938,88.63333129882812,276.1186828613281,102.31446838378906,327.5478820800781,30.78820037841797,47.26423645019531,87.65057373046875,45.3565788269043,30.570819854736328,16.299591064453125,139.01708984375,177.16000366210938,335.7578430175781
2020-11-16,117.63597106933594,88.85079956054688,278.1225891113281,105.20238494873048,327.9584655761719,29.759801864624023,47.86077117919922,89.68681335449219,46.92565536499024,32.333213806152344,16.333417892456055,138.68307495117188,177.14999389648438,339.9488830566406
2020-11-17,116.74610900878906,88.2906723022461,274.17449951171875,104.13511657714844,328.98492431640625,30.28289794921875,46.89689636230469,90.43893432617188,47.46504592895508,32.76533889770508,16.367250442504883,139.58847045898438,176.5,338.1205749511719
2020-11-18,115.41622161865234,87.12503814697266,271.153564453125,103.36380767822266,328.4375,30.51817321777344,46.80898666381836,89.80606079101562,47.710205078125,31.528270721435547,16.136093139648438,139.99276733398438,175.49000549316406,334.0513610839844
2020-11-19,116.01273345947266,87.97993469238281,272.1206970214844,103.64183807373048,326.42352294921875,30.40893173217773,47.76030731201172,89.66848754882812,47.36697006225586,31.689268112182617,15.944392204284668,140.7135009765625,175.16000366210938,335.4577331542969
2020-11-20,114.74149322509766,86.8960952758789,268.8904113769531,102.75391387939452,315.78643798828125,30.83746719360352,47.17005157470703,88.98056030273438,47.8573112487793,31.299503326416016,15.96694564819336,141.96165466308594,175.69000244140625,333.1605834960937
2020-11-23,111.32878875732422,86.5304946899414,267.62420654296875,105.7136001586914,324.6246032714844,30.68621635437012,47.38668441772461,88.86132049560547,49.37737274169922,33.3499870300293,16.136093139648438,141.31121826171875,172.22999572753906,335.1577453613281
2020-11-24,112.61957550048828,88.22732543945312,276.0887756347656,110.60150909423828,334.74346923828125,30.75344657897949,47.52169418334961,90.16380310058594,51.24066925048828,35.569923400878906,16.480012893676758,139.9049072265625,169.58999633789062,340.5583801269531
2020-11-25,113.46051788330078,88.3545150756836,274.7627258300781,109.4445571899414,333.69732666015625,30.694629669189453,47.66925811767578,90.07205200195312,51.4858283996582,34.57857131958008,16.344690322875977,139.47418212890625,169.50999450683594,340.0333557128906
2020-11-27,114.00811767578124,89.43984985351562,276.97607421875,108.71809387207033,331.4975891113281,31.282804489135746,47.59703826904297,90.49401092529295,50.9954948425293,34.053245544433594,16.367250442504883,140.8278045654297,167.7899932861328,340.9803466796875
2020-11-30,116.41364288330078,87.82132720947266,276.1385803222656,105.7225570678711,328.9948425292969,32.190284729003906,47.970664978027344,89.9069595336914,49.916748046875,32.307796478271484,16.20938491821289,140.65199279785156,166.6699981689453,339.4706726074219
2020-12-01,120.00235748291016,89.68475341796875,285.6897888183594,107.3907470703125,331.3119201660156,33.11456680297852,47.92356872558594,90.64073181152344,49.7696418762207,32.621299743652344,16.277040481567383,138.57815551757812,170.17999267578125,343.1836853027344
2020-12-02,120.3543930053711,91.17359161376952,286.65692138671875,109.45352172851562,332.6219482421875,34.28252410888672,47.25796127319336,90.72330474853516,51.14259338378906,33.84141540527344,16.401073455810547,137.47833251953125,171.4600067138672,343.9056396484375
2020-12-03,120.2174835205078,91.11473846435548,281.00396728515625,108.73602294921876,327.6553649902344,33.68593978881836,46.87492752075195,91.82396697998048,51.976173400878906,34.0701904296875,16.480012893676758,138.5869903564453,172.80999755859375,343.81182861328125
2020-12-04,119.54276275634766,91.17559051513672,278.8603820800781,109.72257995605467,336.6596984863281,33.8960075378418,46.75247573852539,93.8143539428711,53.34914016723633,35.31572723388672,16.654787063598633,136.55442810058594,172.32000732421875,346.7746276855469
2020-12-07,121.00955200195312,90.75112915039062,284.72271728515625,109.31002807617188,333.34539794921875,34.660640716552734,46.50130462646485,93.01638793945312,53.25106048583984,34.65483093261719,16.711170196533203,137.7862548828125,174.88999938964844,346.0621643066406
2020-12-08,121.62561798095705,90.70474243164062,282.5492553710937,109.41764831542967,333.17919921875,35.761383056640625,46.92201614379883,92.8329086303711,53.74140167236328,35.79022979736328,17.370819091796875,138.43743896484375,175.5,347.0747985839844
2020-12-09,119.08316802978516,88.98796081542969,277.0857238769531,108.56561279296876,329.3272399902344,35.164794921875,46.551536560058594,92.08997344970705,55.84987258911133,36.26472091674805,17.737295150756836,137.97987365722656,172.5,343.9618835449219
2020-12-10,120.51084899902344,88.54904174804688,276.2881164550781,107.86607360839844,324.1161804199219,35.06396484375,46.33411407470703,96.6669464111328,55.50663375854492,37.28995895385742,17.30316162109375,139.20285034179688,172.1699981689453,343.8493957519531
2020-12-11,119.69922637939452,88.87024688720703,272.7288513183594,107.22930145263672,320.1077880859375,34.55139923095703,46.321510314941406,94.47477722167967,54.72209167480469,37.11201858520508,17.483577728271484,139.69558715820312,172.49000549316406,343.4461975097656
2020-12-14,119.08316802978516,87.78740692138672,273.3669128417969,106.09925842285156,323.7545166015625,32.9465217590332,45.89611053466797,94.76828002929688,53.10396194458008,35.773284912109375,17.224227905273438,139.30844116210938,171.5399932861328,341.90850830078125
2020-12-15,125.048095703125,88.17195892333984,274.7228088378906,107.9109344482422,326.1986389160156,32.52638244628906,45.8740463256836,95.55709838867188,54.4769172668457,36.46807861328125,17.24114418029785,138.8420867919922,173.94000244140625,346.5309143066406
2020-12-16,124.97964477539062,87.93405151367188,274.8424987792969,108.22482299804688,324.6832580566406,31.79537010192871,45.826786041259766,94.72241973876952,53.59430313110352,37.02729415893555,17.0776424407959,138.4726104736328,174.89999389648438,347.0747985839844
2020-12-17,125.84992218017578,87.18090057373047,273.65606689453125,107.32793426513672,329.3760681152344,31.95501136779785,46.03790283203125,94.66738891601562,53.34914016723633,36.84088516235352,16.699892044067383,138.1061248779297,176.74000549316406,349.0155944824219
2020-12-18,123.85511016845705,86.33846282958984,275.5703125,106.7988052368164,332.7293701171875,31.66092109680176,45.99065399169922,94.73158264160156,53.05465316772461,36.20540618896485,16.57585334777832,137.69215393066406,176.44000244140625,347.6220397949219
2020-12-21,125.39034271240234,86.75543975830078,271.9711608886719,110.80779266357422,326.90252685546875,31.40884590148925,45.99694061279297,94.41975402832033,52.85833740234375,35.54450607299805,16.35597038269043,138.23826599121094,175.8800048828125,346.3791198730469
2020-12-22,128.9595489501953,85.9638900756836,266.28826904296875,109.12167358398438,324.82012939453125,30.87108421325684,45.4391975402832,93.93360900878906,52.07307052612305,34.94292449951172,16.01205062866211,138.95167541503906,174.49000549316406,345.7952880859375
2020-12-23,128.05990600585938,86.40679931640625,267.3051452636719,112.1710205078125,321.8773803710937,31.45925521850586,45.1303825378418,93.61255645751952,53.300052642822266,35.39199447631836,16.20938491821289,137.99166870117188,175.64999389648438,346.1060485839844
2020-12-24,129.04754638671875,86.72950744628906,266.5972900390625,111.67774963378906,328.4961853027344,31.316415786743164,45.2186164855957,93.56671142578124,52.26939010620117,35.24794006347656,16.17555046081543,138.53770446777344,176.35000610351562,347.4525451660156
2020-12-28,133.66299438476562,88.58694458007812,276.1684875488281,112.41317749023438,336.77703857421875,30.93829345703125,45.7606086730957,95.70386505126952,52.220306396484375,35.3665771484375,16.096620559692383,138.59939575195312,175.7100067138672,350.4373779296875
2020-12-29,131.88330078125,87.72057342529297,275.9491271972656,112.1172332763672,338.9180908203125,31.131555557250977,45.47071075439453,96.88710021972656,51.82768249511719,34.96833801269531,16.090984344482422,138.4232635498047,176.35000610351562,349.7688903808594
2020-12-30,130.75877380371094,86.76292419433594,271.0538635253906,112.4311294555664,347.6095275878906,30.87108421325684,45.432891845703125,97.19894409179688,52.56386184692383,35.24794006347656,16.06279754638672,138.72276306152344,177.6999969482422,350.2679443359375
2020-12-31,129.75160217285156,87.3794174194336,272.34002685546875,113.96475219726562,348.9684753417969,30.92990493774414,45.423439025878906,98.12535095214844,53.00558090209961,34.92597579956055,16.21502113342285,138.92529296875,178.36000061035156,352.04754638671875
2021-01-04,126.54420471191406,86.20030975341797,268.1326904296875,112.88851928710938,343.6401672363281,30.92990493774414,46.17341232299805,94.56648254394533,51.38595962524414,35.16322326660156,16.598407745361328,138.7579345703125,182.3300018310547,347.2547912597656
2021-01-05,128.10874938964844,86.83275604248047,270.1565856933594,113.50276947021484,339.6611328125,31.24918937683105,45.9276237487793,94.87834930419922,52.85833740234375,36.85783386230469,16.496923446655273,137.7274169921875,182.8699951171875,349.6465148925781
2021-01-06,123.79644775390624,86.55194091796875,262.51959228515625,118.83240509033205,339.7881774902344,30.98031234741211,46.2143783569336,95.56627655029295,55.75400924682617,37.79834365844727,16.818288803100586,134.90013122558594,179.89999389648438,351.73681640625
2021-01-07,128.02076721191406,89.1435775756836,267.9332580566406,122.73477172851562,342.480224609375,31.139963150024418,46.21121597290039,94.79579162597656,55.31230163574219,38.09489822387695,16.86339569091797,133.71109008789062,179.47999572753906,356.9627380371094
2021-01-08,129.12576293945312,90.13912963867188,266.7668151855469,122.8702621459961,346.3860168457031,31.19878196716309,46.20491027832031,96.92377471923828,55.655853271484375,38.5185546875,16.747098922729492,133.27951049804688,173.33999633789062,358.99658203125
2021-01-11,126.1237335205078,88.11959075927734,256.0690002441406,124.70399475097656,340.85528564453125,31.736547470092773,46.41289138793945,95.94234466552734,56.19572448730469,39.68783950805664,16.660537719726562,133.0592803955078,173.0,356.5766296386719
2021-01-12,125.9477310180664,87.11356353759766,250.33627319335932,126.66422271728516,335.6866455078125,31.24079704284668,46.9422721862793,94.30966186523438,57.81533432006836,40.56903076171875,16.591289520263672,132.95358276367188,174.1199951171875,356.6519775390625
2021-01-13,127.99142456054688,87.5051040649414,250.88461303710932,126.78165435791016,339.0246887207031,30.971912384033203,46.46331405639648,94.37387084960938,56.7846794128418,41.02658081054688,16.510496139526367,134.4509735107422,173.3699951171875,357.6125183105469
2021-01-14,126.05529022216795,86.79584503173828,244.9026336669922,127.52237701416016,320.0338439941406,30.87948036193848,46.31205749511719,93.39244842529295,57.22639083862305,42.62799453735352,16.902915954589844,133.19139099121094,173.27999877929688,356.3600158691406
2021-01-15,124.3244857788086,86.59683990478516,250.60545349121097,125.2369613647461,316.4413146972656,30.83746719360352,45.57783889770508,93.86022186279295,55.60677337646485,40.5775032043457,16.833662033081055,133.71990966796875,171.1300048828125,353.7612609863281
2021-01-19,124.99919891357422,89.3236312866211,260.3162536621094,124.69496154785156,319.0648193359375,30.86267471313477,45.18395614624024,94.0528564453125,56.09757232666016,41.38246154785156,16.706703186035156,134.15145874023438,172.5800018310547,356.5390014648437
2021-01-20,129.10618591308594,94.11387634277344,266.67706298828125,122.82508850097656,327.8455810546875,30.66942024230957,45.851993560791016,96.73114776611328,55.90125274658203,41.96709060668945,16.712474822998047,134.2836151123047,175.38999938964844,361.47308349609375
2021-01-21,133.83901977539062,94.33084106445312,272.0508728027344,121.79532623291016,327.385498046875,30.65261459350586,45.64401626586914,95.92398071289062,54.33071517944336,40.76391220092773,16.637453079223633,133.3411865234375,175.27999877929688,361.8025817871094
2021-01-22,135.9902801513672,94.81964111328124,273.6759948730469,120.85584259033205,322.05047607421875,30.7114315032959,46.11038589477539,95.30944061279295,54.52702713012695,40.18775177001953,16.695159912109375,133.77272033691406,173.89999389648438,360.5220031738281
2021-01-25,139.75502014160156,94.73734283447266,277.17547607421875,119.34729766845705,322.2462463378906,31.3248233795166,46.06941604614258,94.88752746582033,53.93807601928711,39.73868179321289,16.799036026000977,135.34925842285156,174.0500030517578,361.94384765625
2021-01-26,139.98971557617188,95.62715911865234,281.20330810546875,118.8594741821289,320.7876892089844,31.350025177001957,46.48221206665039,96.0248794555664,55.410457611083984,38.86595153808594,17.16837501525879,135.0938720703125,173.6199951171875,361.3788757324219
2021-01-27,138.91407775878906,91.31524658203124,271.3230895996094,115.4991226196289,308.835205078125,30.45094871520996,45.32575225830078,89.76939392089844,55.852176666259766,38.42534637451172,16.816349029541016,135.4374237060547,172.52000427246094,352.5465393066406
2021-01-28,134.0541534423828,92.92728424072266,264.2044982910156,117.5316162109375,317.4398193359375,30.459442138671875,45.29740524291992,90.02619934082031,54.42887878417969,39.02693557739258,16.62013816833496,134.6887664794922,172.67999267578125,355.57861328125
2021-01-29,129.03773498535156,91.56214141845705,257.5545349121094,116.23082733154295,309.61834716796875,30.493423461914062,44.27012252807617,88.7970962524414,52.4166259765625,37.99321746826172,16.522037506103516,133.8784637451172,172.61000061035156,348.4600830078125
2021-02-01,131.16946411132812,94.8345947265625,261.2234802246094,117.08897399902344,314.7771301269531,30.408485412597656,43.88569641113281,90.42060089111328,52.71110534667969,38.06100845336914,16.533584594726562,134.0336151123047,174.22999572753906,354.2603454589844
2021-02-02,132.0006561279297,96.139404296875,266.2782592773437,120.69324493408205,327.31695556640625,29.7204704284668,44.358360290527344,93.23651885986328,55.16506576538086,38.662593841552734,16.470094680786133,133.16940307617188,172.11000061035156,359.2696838378906
2021-02-03,130.97389221191406,103.24993896484376,265.8495483398437,122.0753402709961,325.7996520996094,29.593055725097656,44.49385452270508,92.6586456298828,54.96875,40.17926788330078,16.45278549194336,131.98782348632812,171.85000610351562,359.5521850585937
2021-02-04,134.34750366210938,102.86588287353516,265.69000244140625,124.88468170166016,333.6406555175781,29.635522842407227,44.9129524230957,95.0617904663086,56.19572448730469,40.95032501220703,16.672077178955078,131.63511657714844,168.14999389648438,363.6387023925781
2021-02-05,133.93128967285156,104.6430206298828,267.29522705078125,124.6407699584961,331.6046142578125,29.66100692749023,45.48960494995117,97.66673278808594,55.95032501220703,42.32296371459961,16.695159912109375,130.5328826904297,169.80999755859375,365.0699768066406
2021-02-08,134.07818603515625,104.3891372680664,265.7797546386719,126.59196472167967,329.9208068847656,29.57607078552246,45.70073318481445,97.4649429321289,56.980995178222656,44.144676208496094,16.602825164794922,131.10601806640625,171.52000427246094,367.7064514160156
2021-02-09,133.19677734375,103.9202880859375,268.64117431640625,126.08607482910156,326.4065856933594,29.70347595214844,45.95283126831055,97.4282455444336,56.6374397277832,43.62765121459961,16.516267776489258,131.2030487060547,172.0800018310547,367.4616394042969
2021-02-10,132.58963012695312,104.51233673095705,271.0538635253906,126.15837097167967,327.16033935546875,29.508113861083984,45.4171257019043,97.10721588134766,55.95032501220703,44.04988098144531,16.475868225097656,132.07606506347656,172.7100067138672,367.3015441894531
2021-02-11,132.33499145507812,104.53777313232422,269.5783386230469,125.80609130859376,335.6376647949219,29.24480628967285,45.38247299194336,97.0980453491211,56.24480819702149,42.94690704345703,16.556659698486328,131.35296630859375,171.2100067138672,367.894775390625
2021-02-12,132.57003784179688,104.94776153564452,269.68798828125,127.59465789794922,333.8070983886719,29.491138458251957,45.5242805480957,96.58438873291016,57.569950103759766,43.53286361694336,16.62013816833496,129.72161865234375,170.69000244140625,369.7121276855469
2021-02-16,130.4351043701172,105.83509063720705,273.1475830078125,130.66598510742188,334.0126647949219,29.465654373168945,45.89925384521485,97.36404418945312,58.74784851074219,44.84264373779297,16.718244552612305,127.74636840820312,168.24000549316406,369.3918762207031
2021-02-17,128.13375854492188,106.15480041503906,272.748779296875,131.0724639892578,330.2145080566406,29.635522842407227,46.38452911376953,96.20342254638672,58.20797348022461,45.54061126708984,17.064495086669922,128.5576171875,166.3300018310547,369.4767456054688
2021-02-18,127.0271224975586,105.60066986083984,268.58135986328125,131.51510620117188,331.3206787109375,29.355228424072266,43.37835693359375,96.69161224365234,57.07915878295898,44.82540893554688,16.868289947509766,128.03738403320312,166.32000732421875,367.9042053222656
2021-02-19,127.1838150024414,104.79962921142578,260.7748413085937,133.7101593017578,326.1423034667969,29.253293991088867,43.59262847900391,95.2177963256836,58.99324417114258,45.12699890136719,16.735557556152344,126.33557891845705,167.00999450683594,367.2544555664063
2021-02-22,123.3938446044922,102.99107360839844,259.54852294921875,134.9657745361328,333.47430419921875,29.10040283203125,43.3878173828125,93.78083801269533,61.34904098510742,46.79007339477539,16.92022705078125,125.37434387207033,169.50999450683594,364.4296875
2021-02-23,123.25675964355467,103.28934478759766,265.0618896484375,136.04977416992188,343.0284118652344,28.80311584472656,42.68825912475586,93.37552642822266,61.79076385498047,47.43634414672851,16.839433670043945,125.01284790039062,169.1199951171875,364.8722229003906
2021-02-24,122.7572784423828,104.50186157226562,263.5165710449219,138.4435577392578,359.5719909667969,28.667211532592773,41.97610855102539,96.1481475830078,64.39197540283203,48.85814666748047,16.954849243164062,124.19273376464844,169.0,368.8929443359375
2021-02-25,118.48745727539062,101.31917572021484,253.9254608154297,136.56463623046875,347.0909423828125,28.72666549682617,41.57907104492188,95.3099136352539,62.625099182128906,48.04814529418945,16.522037506103516,122.1645965576172,165.82000732421875,360.004150390625
2021-02-26,118.75189208984376,101.593505859375,256.8466491699219,132.94232177734375,346.3860168457031,28.44637107849121,40.939395904541016,99.51028442382812,61.54535675048828,46.85039520263672,16.094987869262695,126.2032470703125,161.80999755859375,358.149169921875
2021-03-01,125.14681243896484,103.8205337524414,264.1147766113281,135.95037841796875,355.2451477050781,28.616249084472656,41.39630508422851,98.44178009033205,64.34288787841797,48.5996322631836,16.210407257080078,124.53636932373048,161.52999877929688,366.8307189941406
2021-03-02,122.53205108642578,103.53773498535156,258.2225036621094,135.5077362060547,355.16680908203125,28.463359832763672,40.9992561340332,98.74573516845705,63.704837799072266,48.31527328491211,16.285425186157227,124.5452117919922,162.41000366210938,363.96826171875
2021-03-03,119.5353546142578,101.08724975585938,254.643310546875,138.12741088867188,352.65106201171875,29.21083068847656,40.20518112182617,97.8430404663086,65.9625015258789,48.70303726196289,16.573974609375,123.1944580078125,160.6199951171875,359.14727783203125
2021-03-04,117.64524841308594,102.20350646972656,256.8666381835937,136.004638671875,342.1277770996094,29.04944610595703,40.1862678527832,96.61792755126952,66.60052490234375,50.59015274047851,16.689390182495117,122.39990234375,159.0399932861328,354.7028503417969
2021-03-05,118.90858459472656,105.1687240600586,263.4866638183594,136.3207550048828,353.2677917480469,29.21083068847656,40.68730926513672,96.90348052978516,66.7969741821289,52.50312423706055,17.093351364135742,122.63826751708984,159.13999938964844,361.2282409667969
2021-03-08,113.95323944091795,100.96056365966795,254.5435943603516,138.12741088867188,363.4972839355469,29.176851272583008,40.29656219482422,96.74687957763672,69.59656524658203,52.45141220092773,17.306875228881836,121.6847686767578,157.49000549316406,359.42974853515625
2021-03-09,118.5854034423828,102.3835678100586,264.9422912597656,137.15182495117188,368.5778198242187,29.261796951293945,40.614837646484375,98.14701080322266,68.76160430908203,51.64141845703125,17.10489273071289,123.37102508544922,160.83999633789062,364.5615234375
2021-03-10,117.49835968017578,102.49978637695312,264.1048278808594,140.1328125,373.6486206054687,29.66950225830078,41.65154647827149,99.27999114990234,65.07794952392578,53.2269401550293,17.306875228881836,123.61819458007812,161.66000366210938,366.8307189941406
2021-03-11,119.4374008178711,105.4794692993164,273.057861328125,139.40110778808594,376.2720642089844,29.48263359069824,41.63578414916992,98.85628509521484,60.26463317871094,52.83056640625,17.04718589782715,122.72652435302734,161.52000427246094,370.550048828125
2021-03-12,118.52664184570312,102.84342956542967,267.59429931640625,141.05416870117188,374.6372375488281,29.67799949645996,42.26285934448242,99.30764770507812,61.78721237182617,53.3992805480957,17.203001022338867,120.1221160888672,161.49000549316406,371.0491638183594
2021-03-15,121.4254150390625,103.07137298583984,272.9282531738281,140.349609375,373.7073974609375,30.077219009399418,42.0454330444336,100.31168365478516,65.56909942626953,52.03779983520508,17.27225112915039,120.8283920288086,162.1999969482422,373.2619323730469
2021-03-16,122.97273254394533,104.36968231201172,278.441650390625,138.66940307617188,374.3142700195313,30.43396377563477,42.03282928466797,102.55925750732422,64.5867919921875,50.934837341308594,17.306875228881836,120.34282684326172,162.35000610351562,372.7910461425781
2021-03-17,122.17949676513672,104.29786682128906,283.157470703125,140.09666442871094,370.6922607421875,30.39999008178711,41.68306350708008,101.74864196777344,66.8460922241211,51.15887069702149,17.39920997619629,119.44226837158205,163.50999450683594,374.0623474121094
2021-03-18,118.03697967529295,101.56158447265624,277.7836608886719,142.40914916992188,359.2587280273437,30.38300323486328,41.138797760009766,99.13262176513672,65.07794952392578,48.95292282104492,17.31842041015625,118.23274993896484,162.55999755859375,368.6198120117188
2021-03-19,117.5081558227539,101.90973663330078,289.2391357421875,140.14183044433594,348.989990234375,30.17914390563965,41.68621826171875,97.95357513427734,64.93061828613281,48.67719268798828,17.17414665222168,118.96554565429688,163.24000549316406,367.9377746582031
2021-03-22,120.83781433105467,101.6797866821289,292.65887451171875,136.37498474121094,350.840087890625,30.57836532592773,41.88556671142578,99.08655548095705,64.48855590820312,48.17740631103515,17.306875228881836,120.29865264892578,163.0,370.8757934570313
2021-03-23,120.0054168701172,102.39653778076172,289.757568359375,135.0109405517578,347.7760925292969,30.034744262695312,42.38236618041992,97.87066650390624,62.180137634277344,47.58283996582031,17.312644958496094,121.38461303710938,161.80999755859375,367.9566650390625
2021-03-24,117.60606384277344,102.00250244140624,281.2930603027344,136.0587921142578,352.06365966796875,30.24710273742676,42.119720458984375,96.69161224365234,61.3942756652832,48.54793930053711,17.306875228881836,122.03791046142578,162.3699951171875,366.086181640625
2021-03-25,118.0957489013672,101.96759033203124,277.9032592773437,137.80221557617188,350.8008728027344,30.298057556152344,42.40451049804688,98.8839340209961,63.11333084106445,48.41006851196289,17.358810424804688,121.07555389404295,161.77999877929688,368.1455993652344
2021-03-26,118.70291137695312,101.52816009521484,282.17041015625,140.09666442871094,358.4168701171875,30.790706634521484,42.75890350341797,101.23280334472656,63.80093002319336,49.728458404541016,17.491540908813477,120.6518096923828,162.24000549316406,374.0783081054688
2021-03-29,118.8791961669922,102.54566955566406,289.947021484375,137.91964721679688,355.2549743652344,31.1049861907959,43.2462158203125,100.52352905273438,63.604488372802734,49.46133804321289,17.635818481445312,119.6276626586914,160.30999755859375,373.8893432617188
2021-03-30,117.42000579833984,102.52521514892578,287.1354675292969,139.545654296875,350.644287109375,30.67179679870605,42.951927185058594,101.57363891601562,65.32352447509766,48.84953308105469,17.73392105102539,120.25457000732422,157.57000732421875,372.89739990234375
2021-03-31,119.62347412109376,103.17811584472656,293.6458740234375,137.5131378173828,348.5395812988281,30.77372169494629,42.98040771484375,100.6524887084961,64.48855590820312,48.10847091674805,17.46845817565918,119.5835189819336,159.9600067138672,374.4088439941406
2021-04-01,120.45590209960938,106.62564086914062,297.7634582519531,138.85011291503906,355.63671875,30.833179473876957,42.91395950317383,100.75382995605467,65.22527313232422,49.45272064208984,17.58387565612793,121.5682601928711,161.97999572753906,378.4521484375
2021-04-05,123.29591369628906,111.0048828125,307.98272705078125,139.58609008789062,360.5508728027344,30.81619453430176,44.11954498291016,102.26446533203124,66.109375,48.68580627441406,17.72237777709961,121.037841796875,161.9199981689453,383.8840942382813
2021-04-06,123.59950256347656,110.9649887084961,305.3406677246094,138.60472106933594,361.7744445800781,30.620824813842773,44.33155822753906,104.22650146484376,65.8146743774414,48.54793930053711,17.878196716308594,121.86003875732422,163.22000122070312,383.6574401855469
2021-04-07,125.2545394897461,112.20844268798828,312.150146484375,140.7764129638672,363.2525634765625,30.50191116333008,44.236629486083984,104.26335906982422,65.76554870605469,48.76335525512695,17.84933853149414,121.01136016845705,162.75999450683594,384.1013488769531
2021-04-08,127.66366577148438,112.9945068359375,312.0803527832031,140.94903564453125,370.2111206054687,30.54439163208008,44.208152770996094,104.12517547607422,66.06024932861328,48.25496673583984,17.706783294677734,122.0103530883789,164.50999450683594,385.9246826171875
2021-04-09,130.24905395507812,114.01399993896484,311.52203369140625,142.00308227539062,372.5044250488281,31.08799743652344,44.23030853271485,104.25414276123048,66.7969741821289,48.14294052124024,17.730396270751953,121.5682601928711,163.27000427246094,388.73040771484375
2021-04-12,128.5254364013672,112.46331787109376,310.60479736328125,141.70321655273438,372.2692565917969,31.40227699279785,44.236629486083984,104.83445739746094,66.74786376953125,47.82411956787109,17.68317985534668,121.51526641845705,162.27999877929688,388.8721008300781
2021-04-13,131.6494598388672,113.08578491210938,308.83013916015625,140.01315307617188,370.5933532714844,31.56365776062012,44.1005744934082,106.26222229003906,66.01114654541016,48.00506210327149,17.4884033203125,122.42581176757812,163.42999267578125,390.0246276855469
2021-04-14,129.2991180419922,112.4657974243164,301.9110107421875,137.39627075195312,370.7795104980469,31.572154998779297,44.08474349975586,106.07799530029295,67.18991088867188,49.392391204833984,17.547426223754883,122.0368194580078,162.72000122070312,388.6925659179688
2021-04-15,131.71800231933594,114.55168151855467,306.8959655761719,138.26853942871094,378.7866516113281,31.937397003173828,44.35054397583008,107.45970916748048,66.55142211914062,49.099422454833984,17.559232711791992,124.07904815673828,165.35000610351562,392.8681640625
2021-04-16,131.38507080078125,114.6065444946289,305.2608947753906,139.2953338623047,378.47308349609375,32.76131820678711,44.49293518066406,109.00719451904295,65.76554870605469,48.82368087768555,17.677274703979492,123.11539459228516,166.35000610351562,394.1812438964844
2021-04-19,132.0509796142578,114.83798217773438,301.33270263671875,138.7047119140625,374.5429992675781,33.06709671020508,44.208152770996094,108.3255615234375,66.109375,48.66857147216797,17.700883865356445,122.76181030273438,165.88999938964844,392.2446594238281
2021-04-20,130.3567657470703,114.40055084228516,301.7414855957031,135.63348388671875,369.1232299804687,33.15203857421875,44.54989242553711,107.1004409790039,64.1447525024414,47.64315414428711,17.641864776611328,123.3276138305664,166.47999572753906,389.3727111816406
2021-04-21,130.7386932373047,114.3835906982422,300.5650329589844,136.78744506835938,375.4642333984375,33.57674026489258,44.67963409423828,107.53337860107422,65.56909942626953,48.25496673583984,17.771709442138672,123.57508850097656,168.1300048828125,393.0570373535156
2021-04-22,129.2109832763672,113.1182098388672,295.6299133300781,133.9070587158203,375.7190856933594,32.82077407836914,44.195499420166016,106.77804565429688,65.8637924194336,47.62591552734375,18.50949478149414,124.11442565917967,167.0399932861328,389.4671630859375
2021-04-23,131.541748046875,115.4813995361328,300.22607421875,136.4694366455078,379.3453674316406,32.8377571105957,44.26826858520508,108.2887191772461,66.55142211914062,47.884422302246094,18.533103942871097,123.82263946533205,166.39999389648438,393.6900024414063
2021-04-26,131.9334716796875,116.05199432373048,302.1303100585937,136.8056182861328,379.7471008300781,32.85475540161133,43.63858413696289,106.77804565429688,66.64964294433594,47.97921752929688,18.2438907623291,123.64584350585938,166.83999633789062,394.5118713378906
2021-04-27,131.61029052734375,115.07340240478516,302.6587219238281,137.43260192871094,381.3153381347656,32.659385681152344,43.78730773925781,106.98990631103516,66.25670623779297,48.6082649230957,18.1612606048584,122.56726837158205,166.4199981689453,394.4269409179688
2021-04-28,130.8170928955078,118.70398712158205,306.1781311035156,138.3230438232422,387.76416015625,32.96517562866211,43.63225555419922,103.53567504882812,64.8323745727539,50.07313537597656,18.27340316772461,122.64684295654295,166.91000366210938,394.3134460449219
2021-04-29,130.7191162109375,121.19686126708984,328.5208740234375,141.01263427734375,381.19769287109375,32.78678512573242,44.18283462524414,105.58979034423828,64.8814926147461,50.78834533691406,18.4976863861084,122.28433990478516,166.22000122070312,396.8263549804688
2021-04-30,128.7408905029297,120.21077728271484,324.10418701171875,139.75872802734375,374.4449768066406,32.82926559448242,44.27143478393555,105.46082305908205,64.43944549560547,49.32345962524414,18.539005279541016,122.56726837158205,165.66000366210938,394.218994140625
2021-05-03,129.7985382080078,119.46511840820312,321.6116638183594,139.34983825683594,371.8379821777344,33.83156204223633,44.97074890136719,106.59382629394533,66.06024932861328,50.684940338134766,18.592124938964844,122.64080047607422,167.80999755859375,395.0692138671875
2021-05-04,125.2055892944336,117.42413330078124,317.404296875,141.27615356445312,368.4175415039063,33.93348693847656,44.52774429321289,105.11078643798828,64.43944549560547,51.0037727355957,18.89904403686523,123.47297668457033,166.5800018310547,392.6319274902344
2021-05-05,125.4503936767578,117.5483169555664,314.0743713378906,143.12979125976562,361.782470703125,33.95048141479492,44.489776611328125,104.53046417236328,64.8814926147461,52.5375862121582,18.90494537353516,123.67668914794922,167.27000427246094,392.7547912597656
2021-05-06,127.05652618408205,118.77581024169922,319.0593566894531,146.01019287109375,367.99615478515625,33.61594772338867,44.80744552612305,105.69112396240234,64.8814926147461,53.0373649597168,19.12923049926757,123.88027954101562,170.05999755859375,395.8911743164063
2021-05-07,127.73339080810548,119.64068603515624,318.1221618652344,146.5099639892578,367.9176940917969,33.95047378540039,44.53742599487305,105.32266235351562,65.32352447509766,53.79566192626953,18.981674194335938,123.26934814453124,171.58999633789062,398.7724304199219
2021-05-10,124.4372787475586,116.7961654663086,305.051513671875,146.4917755126953,359.038330078125,34.19064712524414,44.734375,105.28580474853516,65.56909942626953,53.92491149902344,19.25908088684082,122.02099609375,172.11000061035156,394.8236389160156
2021-05-11,123.51515197753906,115.15520477294922,305.6098327636719,144.05662536621094,360.282958984375,33.75318908691406,44.3309326171875,104.59496307373048,64.29209899902344,52.21013641357422,19.04069709777832,121.33041381835938,172.13999938964844,391.2999572753906
2021-05-12,120.43487548828124,111.67974090576172,301.6417541503906,143.06622314453125,349.51202392578125,34.044830322265625,43.18414306640625,101.53387451171876,62.96598815917969,52.48989868164063,18.86953353881836,120.05554962158205,170.42999267578125,382.9866027832031
2021-05-13,122.59303283691406,112.8214340209961,304.3436584472656,146.7462158203125,352.8442687988281,34.396514892578125,43.9147834777832,102.18122863769533,63.70270919799805,51.84295272827149,19.011186599731445,120.241455078125,171.1300048828125,387.5873718261719
2021-05-14,125.02584838867188,115.5242919921875,314.9916076660156,149.02688598632812,356.6567687988281,34.32788848876953,44.3213996887207,102.83782958984376,65.12705993652344,53.12810516357422,19.02889442443848,121.3658447265625,172.69000244140625,393.5388488769531
2021-05-17,123.8683090209961,115.78614807128906,314.5130310058594,149.62661743164062,356.05889892578125,34.40508270263672,44.12127685546875,102.63439178466795,64.5867919921875,54.36952972412109,18.51539802551269,121.10911560058594,174.6999969482422,392.5374755859375
2021-05-18,122.47530364990234,114.88935089111328,309.029541015625,147.51853942871094,355.8335266113281,34.35361862182617,45.08063888549805,102.71760559082033,63.70270919799805,52.83086013793945,17.441184997558594,120.7992172241211,175.0399932861328,389.1554870605469
2021-05-19,122.31834411621094,115.1527099609375,312.64862060546875,146.391845703125,353.7851257324219,34.16492462158203,45.08382415771485,101.42288970947266,64.29209899902344,51.56319427490234,17.092952728271484,120.50701141357422,175.16000366210938,388.1351623535156
2021-05-20,124.88853454589844,117.51589965820312,317.653564453125,146.1374053955078,360.3711853027344,34.413665771484375,45.24265670776367,103.03204345703124,64.1447525024414,51.44080352783203,17.494304656982422,121.4986572265625,175.9600067138672,392.3107604980469
2021-05-21,123.04428100585938,116.96774291992188,315.28076171875,147.8002471923828,360.2732238769531,34.267852783203125,45.02980422973633,102.57889556884766,64.9797134399414,51.51074600219727,17.712688446044922,121.88822174072266,176.0399932861328,391.9895629882813
2021-05-24,124.68250274658205,120.03871154785156,323.655517578125,148.599853515625,364.95794677734375,34.147762298583984,45.032989501953125,104.0585708618164,64.734130859375,52.11397552490234,17.559232711791992,122.33972930908205,176.35000610351562,395.9856262207031
2021-05-25,124.48632049560548,120.15840911865234,326.8060607910156,147.0642852783203,359.9008178710937,33.73603439331055,45.21723175048828,104.1603012084961,64.43944549560547,50.933738708496094,17.423479080200195,123.47297668457033,177.9499969482422,395.1069641113281
2021-05-26,124.4372787475586,121.37841033935548,326.6764221191406,147.04608154296875,355.421875,33.38434600830078,45.16322326660156,104.36375427246094,65.8146743774414,51.528228759765625,17.441184997558594,123.260498046875,177.63999938964844,395.8911743164063
2021-05-27,122.89714050292967,119.83121490478516,331.7511291503906,149.33584594726562,354.7848205566406,33.15274429321289,45.01075744628906,104.97412872314452,70.48063659667969,51.19601440429688,17.535621643066406,122.76473999023438,177.7100067138672,396.0989685058594
2021-05-28,122.23987579345705,120.2826156616211,327.74322509765625,149.23590087890625,353.39306640625,33.221378326416016,45.11875915527344,105.31629943847656,69.05628204345703,51.029903411865234,17.370363235473633,122.56990814208984,178.3800048828125,396.8074645996094
2021-06-01,121.9161376953125,121.19287109375,328.1419982910156,150.8805389404297,352.61883544921875,33.02408218383789,45.00121688842773,104.81690216064452,69.49833679199219,52.85708618164063,17.30543327331543,122.54248046875,177.89999389648438,396.45794677734375
2021-06-02,122.68130493164062,120.76741790771484,328.16192626953125,150.8896026611328,359.53814697265625,33.27284240722656,44.90274429321289,104.5024642944336,69.20364379882812,53.2767219543457,17.476598739624023,122.82616424560548,178.77000427246094,397.0814208984375
2021-06-03,121.19022369384766,119.93595886230467,325.061279296875,150.9895782470703,354.6083374023437,33.42723846435547,44.98216247558594,102.76384735107422,69.20364379882812,53.48654556274414,17.25231170654297,122.3651123046875,175.27000427246094,395.6077575683594
2021-06-04,123.49552917480467,122.28768157958984,329.3583679199219,151.23492431640625,358.7247314453125,33.58163833618164,45.06157302856445,103.56843566894533,68.56513977050781,53.72259140014648,17.275922775268555,124.04082489013672,177.16000366210938,399.2258911132813
2021-06-07,123.5053482055664,123.00242614746094,335.56964111328125,150.52618408203125,356.8233337402344,33.44439697265625,44.7597885131836,102.95807647705078,68.3195571899414,53.372894287109375,17.163776397705078,123.65959930419922,177.8699951171875,398.8385620117188
2021-06-08,124.32936096191406,123.83837890625,332.6783447265625,149.9264678955078,357.9798583984375,33.324302673339844,44.41988754272461,103.1337661743164,68.27043914794922,54.317081451416016,17.104753494262695,124.52848815917967,177.32000732421875,398.923583984375
2021-06-09,124.71192932128906,124.26482391357422,329.2586364746094,148.05467224121094,356.0882568359375,34.147762298583984,44.18162536621094,103.01354217529295,67.43548583984375,54.77168655395508,17.12246322631836,125.62799835205078,176.97999572753906,398.3283996582031
2021-06-10,123.71134185791016,125.77113342285156,331.4620056152344,145.7466583251953,357.0390014648437,34.89402389526367,44.435768127441406,103.77188873291016,66.9443359375,54.85911178588867,17.22279930114746,126.3816375732422,177.74000549316406,400.1800231933594
2021-06-11,124.92776489257812,125.3885726928711,330.265625,145.64675903320312,358.21502685546875,34.43940353393555,44.71213912963867,104.09555053710938,67.23902130126953,54.35205078125,17.30543327331543,126.1776885986328,175.74000549316406,400.8413696289063
2021-06-14,127.99819946289062,126.04246520996094,335.7590637207031,143.1752471923828,359.2146911621094,33.99336242675781,44.65179061889648,103.9938507080078,66.15850830078125,54.26463317871094,17.169677734375,125.21121215820312,174.7100067138672,401.7388000488281
2021-06-15,127.17420959472656,125.7242431640625,335.7391357421875,141.00357055664062,360.7828063964844,33.95905685424805,44.47389221191406,103.47594451904295,66.50228881835938,56.24043273925781,17.281824111938477,125.06050872802734,174.0500030517578,401.001953125
2021-06-16,127.67449951171876,125.3885726928711,330.08612060546875,141.99398803710938,356.5684814453125,33.71029281616211,43.56852722167969,102.98580169677734,66.01114654541016,56.03935241699219,17.151975631713867,124.95410919189452,171.11000061035156,398.7629699707031
2021-06-17,129.28329467773438,126.06141662597656,335.4998779296875,137.89599609375,359.9693603515625,33.86469650268555,43.749603271484375,103.01354217529295,63.85006332397461,54.19468307495117,16.963102340698242,126.82492065429688,165.85000610351562,398.6307373046875
2021-06-18,127.97862243652344,125.25988006591795,328.6704406738281,134.40679931640625,360.0967712402344,33.28999328613281,42.93953704833984,101.45063018798828,62.76951217651367,52.80463409423828,16.909984588623047,129.2099151611328,164.92999267578125,393.2530212402344
2021-06-21,129.78359985351562,126.14521026611328,331.2925109863281,136.68748474121094,365.6537780761719,33.813232421875,43.33026885986328,102.62512969970705,64.78326416015625,54.719234466552734,17.075241088867188,127.04660034179688,166.9499969482422,398.88287353515625
2021-06-22,131.43165588378906,126.68836975097656,338.0122985839844,136.4875946044922,370.5050964355469,33.97620391845703,43.53040313720703,103.43896484375,63.99739837646485,55.768341064453125,16.986711502075195,127.35693359375,166.25,401.0153198242188
2021-06-23,131.156982421875,126.15169525146484,339.56756591796875,137.314453125,367.6629028320313,33.49586486816406,43.19049835205078,103.17076110839844,63.604488372802734,56.17923355102539,16.909984588623047,127.0289077758789,166.13999938964844,400.5319519042969
2021-06-24,130.87249755859375,126.97018432617188,342.1498107910156,138.57749938964844,367.28070068359375,33.61594772338867,43.492286682128906,103.56843566894533,64.5867919921875,56.40652847290039,16.992610931396484,127.23271942138672,166.0399932861328,402.90142822265625
2021-06-25,130.5782012939453,126.68389129638672,340.3452453613281,139.97682189941406,372.0438232421875,33.43581008911133,44.00690841674805,104.53946685791016,64.68509674072266,56.5289306640625,17.051637649536133,125.9117202758789,166.58999633789062,404.3325805664063
2021-06-28,132.2164306640625,126.50881958007812,354.5724182128906,140.23123168945312,360.3515625,33.5558967590332,43.87031555175781,103.79962921142578,63.35797500610352,55.0864143371582,16.986711502075195,127.20616149902344,166.5800018310547,405.147705078125
2021-06-29,133.73695373535156,125.70977783203124,350.83367919921875,140.05859375,360.6652526855469,33.53874206542969,43.616172790527344,103.8273696899414,64.34103393554688,54.74546432495117,16.915884017944336,127.41897583007812,164.8300018310547,405.3656921386719
2021-06-30,134.35499572753906,125.00900268554688,346.66619873046875,141.33067321777344,357.81317138671875,33.5902099609375,44.79791641235352,103.4019546508789,66.15968322753906,55.14761734008789,16.986711502075195,127.98643493652344,165.6300048828125,405.7068786621094
2021-07-01,134.6591033935547,126.05892181396484,353.3262023925781,142.72999572753906,363.32122802734375,33.93331527709961,44.25787353515625,104.88166046142578,66.25799560546875,55.30497741699219,17.181488037109375,127.99346160888672,166.1999969482422,407.9530334472656
2021-07-02,137.29794311523438,128.40365600585938,353.6352844238281,142.5928955078125,367.55511474609375,34.079139709472656,44.50883102416992,106.32432556152344,65.66814422607422,55.22629928588867,17.25231170654297,128.76589965820312,167.2899932861328,411.0712585449219
2021-07-06,139.31874084472656,129.4530792236328,351.72100830078125,140.1985321044922,368.6233520507813,33.701717376708984,44.45483016967773,107.02718353271484,63.50542449951172,53.652645111083984,17.128360748291016,130.27516174316406,168.1199951171875,410.3225402832031
2021-07-07,141.82025146484375,129.7588348388672,349.4378662109375,140.363037109375,366.4672546386719,33.75318908691406,44.38176345825195,108.33114624023438,63.800331115722656,52.81337356567383,17.075241088867188,131.42930603027344,168.75999450683594,411.7726440429688
2021-07-08,140.51551818847656,128.86053466796875,344.6123962402344,137.94126892089844,363.239013671875,33.66741180419922,44.34363555908203,107.26763153076172,63.25966262817383,52.57732772827149,17.038047790527344,131.9442138671875,168.64999389648438,408.4175720214844
2021-07-09,142.3499755859375,129.25706481933594,349.3681030273437,142.35531616210938,365.9373779296875,33.97620391845703,44.56919097900391,108.6363296508789,64.68509674072266,53.5302619934082,17.2012939453125,130.0886993408203,169.2100067138672,412.77734375
2021-07-12,141.75155639648438,130.244140625,352.0998840332031,144.3932342529297,368.5081176757813,34.1048698425293,44.48977279663086,109.55189514160156,64.4393310546875,53.4777946472168,17.219432830810547,129.9200439453125,169.0,414.255859375
2021-07-13,142.86988830566406,130.67359924316406,351.0330505371094,142.24563598632812,376.5051879882813,34.010520935058594,44.65813446044922,110.55992126464844,63.35797500610352,53.224266052246094,17.09246253967285,128.92572021484375,169.22000122070312,412.8436584472656
2021-07-14,146.31314086914062,131.75892639160156,346.5864562988281,141.76126098632812,383.4619445800781,34.267852783203125,44.966285705566406,110.7911148071289,62.96474456787109,52.044036865234375,17.0864200592041,130.39051818847656,171.0399932861328,413.459716796875
2021-07-15,145.65585327148438,130.94491577148438,343.42596435546875,142.07199096679688,382.9027404785156,34.387939453125,45.00121688842773,110.0235366821289,62.71897888183594,51.53697204589844,17.18920135498047,131.8287811279297,171.07000732421875,412.0474853515625
2021-07-16,143.60560607910156,131.52252197265625,340.1358947753906,138.8277587890625,379.8511047363281,34.61094665527344,44.96946334838867,109.80158996582033,61.68677520751953,50.1119384765625,17.134788513183594,131.5802459716797,169.41000366210938,408.8156127929688
2021-07-19,139.74057006835938,128.93736267089844,335.9385681152344,134.3131561279297,358.5880126953125,34.43940353393555,44.8646240234375,106.64801788330078,58.98336791992188,48.3896713256836,16.802248001098633,134.46554565429688,169.61000061035156,402.77825927734375
2021-07-20,143.37017822265625,130.78033447265625,340.6343994140625,136.81719970703125,367.3601989746094,35.211395263671875,45.06792831420898,108.59009552001952,62.42406463623047,48.92296600341797,16.874801635742188,133.16932678222656,169.38999938964844,408.5502014160156
2021-07-21,142.6344451904297,132.27565002441406,345.190673828125,139.6959228515625,372.9236450195313,35.18565368652344,44.84556579589844,110.30098724365234,64.29187774658203,50.49660873413086,16.868757247924805,131.48257446289062,168.75999450683594,411.85784912109375
2021-07-22,144.0078125,133.0018768310547,350.13580322265625,137.9320831298828,374.9842529296875,35.571651458740234,44.87733459472656,113.40830993652344,62.42406463623047,49.9283561706543,16.935264587402344,132.72543334960938,169.08999633789062,412.7204284667969
2021-07-23,145.7343292236328,137.47837829589844,368.679931640625,137.66709899902344,385.8757934570313,35.75178527832031,45.245826721191406,116.49713897705078,62.47322082519531,49.86715698242188,17.019908905029297,131.83770751953125,168.55999755859375,416.9664916992188
2021-07-26,146.1561279296875,139.30239868164062,371.3419494628906,138.59011840820312,385.4244689941406,35.863304138183594,45.30936050415039,116.58038330078124,63.50542449951172,51.126068115234375,17.038047790527344,131.44700622558594,168.16000366210938,417.9900817871094
2021-07-27,143.9783935546875,136.4613800048828,366.7059020996094,138.40733337402344,382.9419555664063,36.11205291748047,45.31254196166992,116.55261993408205,64.29187774658203,50.55781173706055,17.050142288208008,132.84979248046875,168.44000244140625,416.08502197265625
2021-07-28,142.22242736816406,136.04739379882812,372.1594543457031,138.6358184814453,376.240234375,37.2700424194336,45.12829208374024,113.2048568725586,64.53762817382812,50.89876937866211,16.935264587402344,132.858642578125,169.2899932861328,415.9143981933594
2021-07-29,142.86988830566406,136.2060089111328,357.2443542480469,139.8238525390625,381.5093688964844,37.03634262084961,45.18547058105469,113.1771011352539,65.32408905029297,51.51947784423828,17.104555130004883,132.12176513671875,171.1699981689453,417.6394348144531
2021-07-30,143.085693359375,134.8897247314453,355.2304382324219,138.7089080810547,378.69329833984375,37.05365753173828,45.28395080566406,112.2985382080078,63.65288925170898,50.33051300048828,16.959447860717773,132.74327087402344,169.82000732421875,415.6111755371094
2021-08-02,142.7521514892578,135.65635681152344,350.8934936523437,138.1514434814453,368.2138671875,38.04902648925781,45.17911529541016,111.31825256347656,61.80965042114258,50.33924865722656,16.995723724365234,133.92718505859375,169.61000061035156,414.7392883300781
2021-08-03,144.55715942382812,135.94613647460938,350.1856384277344,139.7233123779297,360.69769287109375,39.53774642944336,45.68738555908203,110.17149353027344,63.321102142333984,50.88128280639648,17.044095993041992,133.9983367919922,169.49000549316406,418.11328125
2021-08-04,144.15493774414062,135.6952667236328,357.84259033203125,138.21542358398438,361.099853515625,39.11363220214844,45.376075744628906,109.35768127441406,63.22893142700195,49.69230651855469,16.838525772094727,134.27381896972656,169.52999877929688,416.0566101074219
2021-08-05,144.26287841796875,136.60452270507812,361.8804321289063,139.9609375,364.9561767578125,39.00111770629883,46.2178955078125,110.07902526855467,63.29652404785156,50.00703811645508,16.892942428588867,133.5894317626953,168.86000061035156,418.69146728515625
2021-08-06,143.5751495361328,136.70028686523438,362.4187927246094,143.9363250732422,367.49749755859375,39.00977325439453,46.13530349731445,110.09752655029295,64.21813201904297,50.58404159545898,16.905033111572266,131.3583526611328,164.63999938964844,419.3833312988281
2021-08-09,143.52603149414062,137.66392517089844,360.5245056152344,143.7809600830078,363.71978759765625,39.79740524291992,46.24648666381836,109.07099151611328,63.720458984375,50.00703811645508,16.838525772094727,130.88719177246094,161.72000122070312,419.0421447753906
2021-08-10,143.0446319580078,137.75819396972656,360.04595947265625,145.5447540283203,360.93310546875,41.71024703979492,47.23126983642578,107.63756561279295,65.17662811279297,50.8637924194336,16.983631134033203,130.2828369140625,161.77000427246094,419.56341552734375
2021-08-11,143.3000946044922,137.35218811035156,358.8794250488281,147.2811279296875,357.40069580078125,40.083038330078125,47.653770446777344,108.1574478149414,65.15205383300781,51.01242065429688,17.025955200195312,130.20278930664062,164.0,420.60589599609375
2021-08-12,146.2769012451172,138.0504608154297,361.5613708496094,147.85687255859375,355.1831970214844,40.88798904418945,47.52624130249024,107.46115112304688,65.44694519042969,50.89704513549805,16.941308975219727,129.98944091796875,164.0399932861328,421.8665466308594
2021-08-13,146.48318481445312,138.0669403076172,362.0898132324219,146.20274353027344,355.9386901855469,41.96125030517578,47.67608642578125,108.39884185791016,64.46391296386719,50.38230514526367,17.044095993041992,132.04273986816406,166.38999938964844,422.63427734375
2021-08-16,148.46775817871094,138.57568359375,365.4596252441406,145.24314880371094,356.73345947265625,42.33343124389648,48.0650749206543,109.12297821044922,63.4992790222168,49.645694732666016,17.050142288208008,132.36277770996094,167.22000122070312,423.6293640136719
2021-08-17,147.5540771484375,136.96414184570312,357.3739929199219,143.488525390625,356.4097595214844,43.64039611816406,48.04912567138672,108.2224349975586,62.43635940551758,49.30845260620117,17.044095993041992,132.30941772460938,166.97000122070312,420.8523559570313
2021-08-18,143.79129028320312,136.23544311523438,354.38299560546875,142.18167114257812,354.17254638671875,42.67964553833008,47.53898620605469,107.39617919921876,62.30732345581055,48.27010345458984,16.826431274414062,132.7538604736328,167.10000610351562,416.2461853027344
2021-08-19,144.1253204345703,136.5780792236328,354.053955078125,140.99362182617188,350.60089111328125,42.238224029541016,47.86101531982422,106.13356018066406,61.08464813232422,46.7968864440918,16.645048141479492,133.73159790039062,166.61000061035156,416.8906555175781
2021-08-20,145.58917236328125,138.0978546142578,358.2912292480469,141.39576721191406,348.3244323730469,42.16897964477539,48.28825759887695,106.42135620117188,61.47172927856445,46.805763244628906,16.669233322143555,133.82054138183594,166.6999969482422,420.2078552246094
2021-08-23,147.08250427246094,140.7538299560547,362.25927734375,143.20518493652344,354.2313842773437,43.21627807617188,47.96942138671875,106.90413665771484,62.036991119384766,48.73159790039063,16.63899803161621,133.73159790039062,168.72999572753906,423.904296875
2021-08-24,146.99407958984375,142.0496368408203,364.4128112792969,144.0916748046875,354.9869079589844,41.874698638916016,47.475223541259766,106.8391342163086,63.45012664794922,49.13096618652344,16.5966796875,132.6916046142578,168.64999389648438,424.5771789550781
2021-08-25,145.75621032714844,142.59979248046875,367.2841796875,147.06179809570312,352.35723876953125,41.121681213378906,47.49434661865234,107.29405212402344,64.32874298095703,49.21971130371094,16.58458709716797,131.5894775390625,167.47999572753906,425.4680786132813
2021-08-26,144.95059204101562,141.7748260498047,363.28619384765625,147.8203125,346.234375,41.0091667175293,46.98101425170898,106.13356018066406,63.517723083496094,48.55409622192383,16.33669662475586,131.95387268066406,167.6699981689453,422.9564514160156
2021-08-27,145.99200439453125,144.19638061523438,371.5114440917969,149.0083770751953,349.05047607421875,40.33403778076172,46.71638488769531,106.87627410888672,65.1827621459961,49.49483108520508,16.403202056884766,132.8517303466797,170.19000244140625,426.7380676269531
2021-08-30,150.43264770507812,145.11312866210938,379.517333984375,146.6231231689453,346.4208374023437,40.47252655029297,47.09261322021485,107.33119201660156,64.62979888916016,48.95347213745117,16.46366310119629,133.19833374023438,169.35000610351562,428.61474609375
2021-08-31,149.16529846191406,145.10565185546875,378.2411804199219,146.17535400390625,339.7289123535156,39.87530517578125,47.22014999389648,109.07655334472656,64.76497650146484,48.385475158691406,16.57854461669922,132.29165649414062,169.69000244140625,427.979736328125
2021-09-01,149.83335876464844,145.48471069335938,380.9031372070313,145.96514892578125,343.0061950683594,39.849342346191406,47.11811828613281,109.03942108154295,63.68975067138672,47.71986389160156,16.43947982788086,132.5132598876953,169.6999969482422,428.2071228027344
2021-09-02,150.9533233642578,143.86569213867188,374.1534729003906,146.6414031982422,334.871826171875,40.541770935058594,47.36681365966797,108.96514129638672,65.28722381591797,48.882469177246094,16.7115535736084,133.09178161621094,169.25,429.524658203125
2021-09-03,151.5919647216797,144.42031860351562,375.1305236816406,145.75494384765625,333.841552734375,40.541770935058594,47.58681488037109,108.79804229736328,64.35945892333984,48.69609451293945,16.66318702697754,131.8813934326172,171.05999755859375,429.4202880859375
2021-09-07,153.9399871826172,145.16250610351562,381.03271484375,145.4990997314453,338.2374267578125,40.46387481689453,46.95551300048828,107.498291015625,63.4624137878418,48.4120979309082,16.57854461669922,130.76885986328125,167.7100067138672,427.8849182128906
2021-09-08,152.38775634765625,144.528564453125,376.43658447265625,144.85018920898438,344.44854736328125,40.25613784790039,47.01608657836914,109.5871810913086,63.02618789672851,47.96835708618164,16.687368392944336,131.65890502929688,167.2899932861328,427.3636169433594
2021-09-09,151.36599731445312,144.55848693847656,376.86529541015625,145.4807891845703,344.81158447265625,39.8406867980957,46.68450164794922,110.2834701538086,63.4624137878418,48.00385665893555,16.57854461669922,133.2519989013672,168.02999877929688,425.5343933105469
2021-09-10,146.35548400878906,141.57333374023438,377.55322265625,143.80838012695312,340.8671264648437,39.4598503112793,46.5155143737793,110.79407501220705,62.66983795166016,47.9062385559082,16.433435440063477,132.0771942138672,167.17999267578125,422.1792297363281
2021-09-13,146.9253387451172,143.11354064941406,375.3797607421875,146.09307861328125,341.2890625,38.58565902709961,46.25087738037109,110.64554595947266,64.18128204345703,49.139835357666016,16.63899803161621,132.8782196044922,167.74000549316406,423.2597351074219
2021-09-14,145.52041625976562,143.0546875,375.3997192382813,143.54335021972656,339.3069152832031,38.69816970825195,46.00855255126953,110.34844970703124,61.67449188232422,48.43872833251953,16.524127960205078,134.48910522460938,168.82000732421875,420.9755859375
2021-09-15,146.41445922851562,144.8502655029297,372.7975463867187,144.5394744873047,338.2767028808594,38.75010299682617,46.08827209472656,106.4306411743164,62.76813125610352,50.071685791015625,16.669233322143555,134.0174102783203,167.8300018310547,424.491943359375
2021-09-16,146.1786346435547,144.01980590820312,371.9401245117187,144.47549438476562,339.8074035644531,38.49044799804688,46.24131393432617,106.45848083496094,62.26432037353515,49.53919982910156,16.687368392944336,133.4032745361328,164.02999877929688,423.8189697265625
2021-09-17,143.49655151367188,141.116943359375,363.6251831054687,144.10081481933594,336.5987548828125,37.98843765258789,46.14566040039063,105.28872680664062,61.72977828979492,48.95347213745117,16.645048141479492,132.76246643066406,163.77000427246094,419.69049072265625
2021-09-20,140.4313201904297,138.67642211914062,354.6322326660156,139.7873077392578,333.3116760253906,38.25674819946289,45.51116561889648,103.81259155273438,61.32427978515625,47.64886474609375,16.45157241821289,134.40904235839844,164.94000244140625,412.69244384765625
2021-09-21,140.9127197265625,139.30438232421875,356.40692138671875,139.80555725097656,331.0450439453125,38.01440048217773,45.60043716430664,104.1839370727539,59.4871826171875,47.60449600219727,16.300416946411133,134.29327392578125,166.0399932861328,412.30267333984375
2021-09-22,143.290283203125,140.59323120117188,342.1797180175781,142.4832763671875,336.9618225097656,38.04037094116211,45.49522399902344,104.97307586669922,60.5439682006836,48.997840881347656,16.330650329589844,135.09429931640625,165.4199981689453,416.3246154785156
2021-09-23,144.25308227539062,141.47906494140625,344.9214782714844,147.29940795898438,347.421630859375,38.24809646606445,45.52073669433594,105.96646118164062,63.25966262817383,50.65743255615234,16.43947982788086,132.0415496826172,163.50999450683594,421.3829650878906
2021-09-24,144.34146118164062,142.2835693359375,351.90045166015625,148.9991912841797,351.4349365234375,38.03171157836914,45.64826965332031,105.93860626220705,63.82536697387695,51.11004257202149,16.403202056884766,130.7510986328125,163.3000030517578,422.0770568847656
2021-09-27,142.81869506835938,141.15435791015625,352.51861572265625,152.5998992919922,350.07098388671875,37.711463928222656,45.35493850708008,105.53938293457033,64.77842712402344,52.62763595581055,16.566450119018555,130.27044677734375,163.63999938964844,420.86956787109375
2021-09-28,139.4193878173828,135.85037231445312,339.6273803710937,151.77745056152344,344.5859680175781,37.25273132324219,44.79696273803711,103.7104721069336,65.0121078491211,53.17787551879883,16.469707489013672,128.2412872314453,162.0500030517578,412.3882141113281
2021-09-29,140.32325744628906,134.19143676757812,338.59051513671875,151.6586151123047,346.5581970214844,37.67683792114258,44.77783203125,104.13751220703124,65.35028076171875,53.14237976074219,16.566450119018555,128.46372985839844,161.32000732421875,413.0823059082031
2021-09-30,139.01661682128906,132.93902587890625,338.3712158203125,149.59326171875,341.1516418457031,37.22676086425781,44.43986511230469,102.41071319580078,63.351898193359375,52.20164489746094,16.330650329589844,128.44593811035156,164.22000122070312,408.0335693359375
2021-10-01,140.14639282226562,136.12818908691406,341.9803466796875,152.7370147705078,353.4169311523437,37.15751266479492,43.69697189331055,104.83381652832033,65.06743621826172,54.07423400878906,16.42133903503418,129.52694702148438,164.58999633789062,412.8826904296875
2021-10-04,136.69802856445312,133.4373016357422,325.250732421875,152.57249450683594,337.7370300292969,36.716094970703125,43.276100158691406,103.47836303710938,64.50174713134766,54.77534103393555,16.475757598876953,129.19717407226562,165.36000061035156,407.5580749511719
2021-10-05,138.63343811035156,135.84339904785156,331.96051025390625,155.0640411376953,336.7655944824219,36.629539489746094,43.55986785888672,102.91204071044922,64.50174713134766,54.68659210205078,16.536218643188477,127.94961547851562,164.58999633789062,411.7987976074219
2021-10-06,139.5078125,137.01751708984375,332.63848876953125,155.39500427246094,342.1427001953125,36.3698844909668,43.87871551513672,103.64546966552734,64.1512451171875,53.683738708496094,16.512035369873047,128.67140197753906,165.02999877929688,413.51025390625
2021-10-07,140.77517700195312,138.8445281982422,328.2317199707031,156.3787841796875,347.7034912109375,36.99306488037109,44.39522171020508,104.17464447021484,64.8768310546875,53.83460235595703,16.8026065826416,127.3257827758789,164.16000366210938,417.0852966308594
2021-10-08,140.3920135498047,139.712890625,329.0592041015625,156.49826049804688,348.7350769042969,36.74205780029297,44.529144287109375,103.25554656982422,64.39105224609375,55.18358612060547,16.604127883911133,126.4346694946289,164.22999572753906,416.3246154785156
2021-10-11,140.30360412597656,138.50735473632812,324.4730834960937,153.2068634033203,341.0619812011719,36.40449905395508,44.48769378662109,102.99562072753906,63.997535705566406,54.63334655761719,16.145145416259766,126.11382293701172,163.9199981689453,413.3105163574219
2021-10-12,139.02642822265625,136.37808227539062,322.798095703125,152.03004455566406,339.2837219238281,36.22274017333984,44.43986511230469,103.05130767822266,63.16128540039063,54.3493537902832,15.772992134094238,128.27041625976562,164.66000366210938,412.2931518554688
2021-10-13,138.4369354248047,137.5621795654297,323.5657653808594,148.02151489257812,336.34619140625,35.85055923461914,44.11783599853515,102.82848358154295,62.93992614746094,54.1984748840332,15.692359924316406,129.51800537109375,167.58999633789062,413.77642822265625
2021-10-14,141.23690795898438,141.06556701660156,327.5438232421875,150.2924041748047,338.537109375,36.06694412231445,44.59609603881836,103.85901641845705,63.173583984375,55.023834228515625,15.89083766937256,129.9991455078125,168.0,420.73638916015625
2021-10-15,142.29795837402344,141.3279266357422,323.78515625,153.1792755126953,349.7567749023437,35.91114807128906,44.81291198730469,103.46908569335938,64.200439453125,55.54744338989258,15.940459251403809,129.2417449951172,165.3300018310547,423.940673828125
2021-10-18,143.9779815673828,142.6102752685547,334.3333740234375,153.12416076660156,352.1540222167969,35.76400375366211,45.17319107055664,105.25159454345705,64.0221176147461,55.52082061767578,15.710966110229492,129.84771728515625,164.9199981689453,425.19573974609375
2021-10-19,146.149169921875,143.46966552734375,338.9693908691406,154.98129272460938,355.7498474121094,36.43046951293945,46.132904052734375,105.36298370361328,64.39720153808594,56.35506439208984,15.872233390808104,128.05653381347656,165.4499969482422,428.4761047363281
2021-10-20,146.64039611816406,142.06610107421875,339.75701904296875,157.06829833984375,350.5132751464844,37.04499816894531,46.55058288574219,105.7064971923828,65.17811584472656,56.66567993164063,16.070709228515625,127.19210052490234,166.89999389648438,430.1590270996094
2021-10-21,146.8565216064453,142.43072509765625,340.853759765625,155.83631896972656,349.9631042480469,37.0969352722168,46.80884552001953,106.24497985839844,63.42569351196289,55.63619995117188,15.977676391601562,127.04059600830078,166.75,431.2809143066406
2021-10-22,146.0803985595703,138.285400390625,323.63555908203125,157.9325408935547,352.37994384765625,37.35659408569336,47.296669006347656,106.34709167480467,63.97908782958984,56.017822265625,15.810205459594728,128.4397430419922,167.77000427246094,430.8340759277344
2021-10-25,146.03126525878906,138.43301391601562,327.70330810546875,157.1602325439453,354.531494140625,37.347938537597656,47.84507751464844,106.4956283569336,64.74768829345703,57.10942077636719,15.903242111206056,128.24365234375,168.92999267578125,433.1445007324219
2021-10-26,146.69935607910156,139.329833984375,314.8619689941406,157.58314514160156,351.0535583496094,37.70280456542969,47.42739868164063,106.6905746459961,66.06355285644531,58.43175506591797,15.735776901245115,129.3040771484375,167.67999267578125,433.5344543457031
2021-10-27,146.23757934570312,146.06878662109375,311.28277587890625,154.30096435546875,329.8324279785156,37.19214630126953,47.03840637207031,105.3815689086914,63.85610580444336,56.9141731262207,15.543498039245604,131.65672302246094,168.1199951171875,431.61376953125
2021-10-28,149.89231872558594,145.77101135253906,315.9686584472656,156.6269989013672,327.1895751953125,37.37390899658203,47.33174514770508,105.09374237060548,64.72309875488281,57.07390594482422,15.84742259979248,131.21112060546875,168.0800018310547,435.7783508300781
2021-10-29,147.17092895507812,147.90725708007812,322.5987243652344,156.19488525390625,329.6359558105469,37.85860824584961,47.64101791381836,98.47433471679688,64.48329162597656,57.215911865234375,15.667548179626465,131.6121826171875,166.64999389648438,436.6625671386719
2021-11-01,146.34567260742188,143.42178344726562,328.989501953125,156.1121368408203,328.1917419433594,37.77205276489258,47.75897979736328,101.93724822998048,65.31953430175781,58.24539566040039,15.735776901245115,130.66456604003906,167.52000427246094,437.4137268066406
2021-11-02,147.38706970214844,145.5056610107422,327.0951232910156,156.72811889648438,322.7193908691406,39.33867645263672,47.736663818359375,103.46908569335938,65.60237884521484,57.52652740478515,15.648941040039062,131.24453735351562,167.16000366210938,439.1822814941406
2021-11-03,148.83126831054688,146.43038940429688,330.62451171875,156.78329467773438,323.6528015136719,38.79338455200195,47.883331298828125,104.54600524902344,65.15966033935547,56.73667526245117,15.617927551269531,129.8883056640625,165.77000427246094,441.8635864257813
2021-11-04,148.31056213378906,148.31875610351562,334.8418273925781,154.72386169433594,329.5475769042969,38.286956787109375,48.23405838012695,104.12822723388672,64.6923599243164,57.16266250610352,15.382234573364258,131.25344848632812,167.64999389648438,443.9458618164063
2021-11-05,148.84185791015625,148.87539672851562,340.1059875488281,154.50320434570312,342.6732177734375,42.443092346191406,47.89927673339844,108.53809356689452,66.86292266845703,57.70402908325195,15.568307876586914,133.21644592285156,169.83999633789062,445.4861755371094
2021-11-08,148.01541137695312,148.98561096191406,337.603515625,155.4318084716797,343.537841796875,42.1986083984375,47.59318542480469,106.91340637207033,66.66614532470703,58.32526779174805,15.431854248046877,132.96669006347656,170.4499969482422,445.8664855957031
2021-11-09,148.37942504882812,148.88287353515625,334.36328125,154.25498962402344,338.6058349609375,41.29928207397461,47.75897979736328,105.9571762084961,68.43087005615234,58.893253326416016,15.326406478881836,134.69764709472656,171.2899932861328,444.3927307128906
2021-11-10,145.53599548339844,146.26681518554688,326.656494140625,154.10787963867188,351.6627502441406,42.80107116699219,47.32855224609375,105.59353637695312,66.99817657470703,57.7330207824707,15.475272178649902,132.23497009277344,173.14999389648438,440.8176574707031
2021-11-11,145.48681640625,146.38848876953125,326.75616455078125,154.0986785888672,348.1259155273437,43.81391525268555,47.3476791381836,103.90589141845705,65.79299926757812,57.840938568115234,15.456661224365234,132.03866577148438,174.1199951171875,440.9603271484375
2021-11-12,147.57264709472656,149.27890014648438,339.8667297363281,153.4091339111328,357.1252746582031,43.420997619628906,47.11174011230469,104.16695404052734,66.15579223632812,57.400238037109375,15.46906852722168,131.458740234375,174.4499969482422,444.2880859375
2021-11-15,147.58250427246094,149.02203369140625,346.5166931152344,153.13330078125,355.0227966308594,43.35115432739258,46.840728759765625,104.30684661865234,65.59010314941406,57.89491271972656,15.382234573364258,129.8079376220703,174.17999267578125,444.4403381347656
2021-11-16,148.56639099121094,148.71080017089844,341.93048095703125,152.03004455566406,363.0790100097656,43.30748748779297,45.64826965332031,104.64249420166016,63.54866790771485,58.479530334472656,15.295398712158203,129.4778289794922,172.9199981689453,446.1993408203125
2021-11-17,151.01626586914062,148.6968231201172,339.7470703125,151.21180725097656,352.8712463378906,44.41637420654297,45.2560920715332,104.9128875732422,62.71242141723633,57.840938568115234,15.295398712158203,130.50393676757812,174.5,445.1153869628906
2021-11-18,155.32565307617188,150.33978271484375,337.6733093261719,149.90626525878906,342.1132507324219,44.88786315917969,45.64507675170898,105.2671890258789,61.9007682800293,57.21136474609375,15.12792682647705,130.9947052001953,173.94000244140625,446.6271362304688
2021-11-19,157.96246337890625,149.58514404296875,344.2634582519531,147.94798278808594,333.7622985839844,44.35525131225586,45.39957046508789,103.29052734375,61.46418762207031,54.56710433959961,14.966665267944336,132.37770080566406,172.61000061035156,445.8284606933594
2021-11-22,158.42489624023438,146.71820068359375,339.9863586425781,151.1014862060547,315.665283203125,44.70450973510742,46.161598205566406,103.91522216796876,62.12826919555664,55.322601318359375,15.320204734802246,130.8251953125,168.74000549316406,444.5733642578125
2021-11-23,158.80860900878906,146.39747619628906,336.2376403808594,154.7146759033203,323.2303161621094,44.599735260009766,46.4900016784668,105.90121459960938,62.76775360107422,56.77964782714844,15.357423782348633,128.9335479736328,167.27999877929688,445.1629333496094
2021-11-24,159.330078125,146.3580780029297,340.03619384765625,153.50106811523438,334.0373840332031,44.433837890625,46.72276306152344,106.26486206054688,62.859981536865234,57.09444427490234,15.1775484085083,131.003662109375,167.1199951171875,446.3514404296875
2021-11-26,154.28273010253906,142.45614624023438,332.1200561523437,148.8765411376953,318.4850158691406,47.1492805480957,46.19985961914063,103.17864227294922,60.16062927246094,55.08876037597656,15.02248477935791,134.31396484375,166.85000610351562,436.3963623046875
2021-11-29,157.65745544433594,145.7560577392578,337.0152587890625,148.2329864501953,317.3453369140625,45.75226593017578,45.47609329223633,103.24390411376952,60.50495910644531,55.394561767578125,14.817800521850586,133.2342987060547,166.6199951171875,441.74945068359375
2021-11-30,162.63589477539062,142.10301208496094,323.48602294921875,146.02645874023438,309.3972473144531,46.913536071777344,44.83842086791992,102.22757720947266,58.4081916809082,53.820594787597656,14.160338401794434,135.259765625,165.5,433.154052734375
2021-12-01,162.11444091796875,141.2710723876953,309.6676330566406,145.16221618652344,300.9087829589844,47.74301528930664,43.72566986083984,101.3138427734375,57.1845703125,53.7756233215332,13.788185119628906,136.09417724609375,166.16000366210938,428.3429870605469
2021-12-02,161.12071228027344,143.42428588867188,309.458251953125,148.214599609375,314.5845947265625,46.311073303222656,43.19320297241211,103.88724517822266,58.55576705932617,55.11573791503906,14.296793937683104,136.26390075683594,165.24000549316406,434.903564453125
2021-12-03,159.23165893554688,142.1713409423828,305.9188842773437,145.52996826171875,316.46112060546875,47.385032653808594,43.843631744384766,103.71941375732422,57.04314804077149,54.76496505737305,14.551095962524414,137.8898468017578,166.6300048828125,431.1193542480469
2021-12-06,162.6555633544922,143.4442138671875,316.9158020019531,147.24923706054688,327.4843444824219,44.94898223876953,44.31870269775391,105.69608306884766,59.03539276123047,55.38556671142578,14.439452171325684,135.99588012695312,166.22000122070312,436.2252197265625
2021-12-07,168.42112731933594,147.673828125,321.8409423828125,149.46498107910156,333.55596923828125,45.15854263305664,44.17523193359375,108.40003204345705,59.98231506347656,56.00615692138672,14.315400123596191,134.8970947265625,166.80999755859375,445.24847412109375
2021-12-08,172.2582550048828,148.3561553955078,329.56768798828125,147.75489807128906,336.3363342285156,44.8791389465332,43.72885894775391,108.39070129394533,60.43117904663086,56.16804504394531,14.371223449707031,132.56539916992188,166.89999389648438,446.427490234375
2021-12-09,171.74667358398438,147.7431640625,328.8299560546875,147.5250701904297,338.4781799316406,45.47286987304688,44.33708953857422,107.55156707763672,60.15447616577149,56.31195831298828,14.228565216064451,133.30685424804688,165.8800048828125,443.413330078125
2021-12-10,176.55783081054688,148.31077575683594,328.7601623535156,146.93663024902344,343.7834167480469,46.08406066894531,45.147003173828125,108.83826446533205,59.613380432128906,56.671722412109375,14.166540145874023,132.9852752685547,166.5800018310547,447.5874938964844
2021-12-13,172.90765380859375,146.34510803222656,333.48590087890625,145.18983459472656,339.2543029785156,48.197052001953125,45.96010971069336,107.74734497070312,57.26451110839844,55.430545806884766,13.918439865112305,134.95066833496094,167.0,443.62255859375
2021-12-14,171.5203857421875,144.6153564453125,332.7381591796875,146.30227661132812,334.5777282714844,48.49391555786133,46.398681640625,106.95481872558594,56.6373176574707,55.34959030151367,13.825401306152344,134.62904357910156,165.44000244140625,440.5704040527344
2021-12-15,176.4102783203125,147.00747680664062,340.6343994140625,145.20819091796875,340.2760314941406,51.34033203125,46.66438293457031,106.92683410644533,56.61887741088867,55.10675048828125,13.750974655151367,133.33364868164062,166.14999389648438,447.4544067382813
2021-12-16,169.4837188720703,144.48367309570312,333.8946838378906,147.47909545898438,346.7308044433594,53.4795150756836,45.8864860534668,105.91055297851562,56.89557647705078,55.19668197631836,14.706156730651855,133.38555908203125,168.16000366210938,443.5084838867188
2021-12-17,168.38177490234375,142.45315551757812,332.7880249023437,144.123291015625,343.1841735839844,51.934059143066406,44.4171257019043,101.28585052490234,56.23149490356445,53.991485595703125,14.749576568603516,134.89706420898438,167.8000030517578,438.7882080078125
2021-12-20,167.01417541503906,142.05264282226562,324.4730834960937,141.53062438964844,331.1095886230469,53.27869415283203,44.56117630004883,100.7823715209961,55.37604904174805,53.20899963378906,15.00387954711914,133.88641357421875,167.08999633789062,434.1224365234375
2021-12-21,170.2019805908203,143.86720275878906,333.1968078613281,143.50729370117188,344.5889892578125,51.4713020324707,44.69562530517578,102.90824127197266,57.27156448364258,54.41419982910156,15.1775484085083,133.3766632080078,167.02000427246094,441.83203125
2021-12-22,172.8092803955078,146.58900451660156,329.4580383300781,144.06814575195312,351.2108154296875,51.99518203735352,44.75324630737305,104.18561553955078,57.27772521972656,54.85491180419922,15.369831085205078,133.9937286376953,168.58999633789062,446.2497863769531
2021-12-23,173.43893432617188,146.7820281982422,334.233642578125,144.58302307128906,354.2564697265625,51.261756896972656,44.65401077270508,104.77302551269533,57.85007095336914,54.88189697265625,15.42564868927002,132.83102416992188,168.97000122070312,449.0263977050781
2021-12-27,177.42369079589844,147.70126342773438,345.14080810546875,145.4104766845703,353.9911804199219,51.68959426879883,45.06056594848633,106.4979476928711,58.23163604736328,55.66437530517578,15.369831085205078,133.1530303955078,169.3699951171875,455.3810729980469
2021-12-28,176.4004364013672,146.0892333984375,345.1806945800781,145.85177612304688,354.4530334472656,50.65055465698242,45.707218170166016,107.75668334960938,58.65011596679688,55.48450469970703,15.394638061523438,132.62530517578125,168.63999938964844,455.0089416503906
2021-12-29,176.48898315429688,146.14559936523438,341.9105529785156,145.77822875976562,354.9540405273437,50.27511215209961,45.6848030090332,108.5119171142578,58.33625030517578,54.99882125854492,15.282992362976074,131.17648315429688,168.58999633789062,455.5909729003906
2021-12-30,175.32798767089844,145.6448211669922,343.3262634277344,145.7046661376953,354.6592712402344,50.9910774230957,45.83205795288086,108.3813934326172,58.28086853027344,54.67503356933594,15.369831085205078,132.27650451660156,169.8000030517578,454.3314514160156
2021-12-31,174.70816040039062,144.3250732421875,335.3403625488281,145.5851287841797,353.0185852050781,51.55861282348633,46.31865692138672,109.0620346069336,58.13932418823242,55.034793853759766,15.258183479309082,132.53591918945312,170.9600067138672,453.1864318847656
2022-01-03,179.0765838623047,144.71908569335938,337.5237731933594,148.66506958007812,364.4446105957031,49.46309661865234,46.30585479736328,108.79163360595705,59.22862243652344,57.14840316772461,15.772992134094238,129.05685424804688,168.3300018310547,455.8103942871094
2022-01-04,176.80384826660156,144.06271362304688,335.519775390625,154.30096435546875,368.8067932128906,47.61204528808594,45.45752334594727,106.51660919189452,61.15489959716797,59.29798889160156,15.903242111206056,128.52024841308594,169.57000732421875,455.6577453613281
2022-01-05,172.10084533691406,137.3162841796875,323.1968994140625,151.47999572753906,367.3428955078125,48.57249450683594,46.0721549987793,102.97349548339844,61.15489959716797,60.03549575805664,16.25678825378418,127.82257843017578,169.05999755859375,446.9081726074219
2022-01-06,169.22793579101562,137.2140350341797,331.4620056152344,153.08935546875,363.9882507324219,47.88272476196289,45.94410705566406,103.62619018554688,61.5118522644043,61.44756317138672,16.19476318359375,128.1535186767578,166.99000549316406,446.4883117675781
2022-01-07,169.3952178955078,136.6688690185547,330.7940368652344,154.60618591308594,363.6439514160156,48.65108108520508,46.38266754150391,100.29753112792967,62.40422058105469,61.95124053955078,16.748027801513672,127.2322998046875,167.75,444.7231140136719
2022-01-10,169.4148712158203,138.23452758789062,327.085205078125,154.75416564941406,357.9972839355469,49.1051139831543,46.29304504394531,98.86164855957033,61.18567657470703,61.58248901367188,16.856327056884766,127.54541015625,168.25999450683594,444.1697082519531
2022-01-11,172.2582550048828,139.6744842529297,333.3662414550781,154.91140747070312,360.3385620117187,49.49801635742188,46.16178131103515,97.00619506835938,62.64424133300781,64.17279052734375,16.77988052368164,128.39501953125,170.2899932861328,448.21533203125
2022-01-12,172.7010498046875,141.3009796142578,332.2596130371094,155.79005432128906,361.3419494628906,49.46309661865234,45.91849899291992,96.84768676757812,62.92117691040039,63.98390197753906,16.849956512451172,127.9030990600586,170.74000549316406,449.4270935058594
2022-01-13,169.4148712158203,138.7901611328125,325.4999694824219,155.59580993652344,363.5160827636719,48.49391555786133,46.5683479309082,95.47706604003906,63.056583404541016,63.52521514892578,17.072919845581055,129.0389404296875,170.16000366210938,443.234619140625
2022-01-14,170.2806854248047,139.4440460205078,330.9036865234375,146.03233337402344,366.0935363769531,47.978763580322266,46.43709182739258,93.35121154785156,63.48737335205078,64.6404800415039,17.315000534057617,127.0892333984375,169.6699981689453,443.41595458984375
2022-01-18,167.06338500976562,135.95660400390625,317.1949462890625,139.9095001220703,360.3484191894531,47.24533462524414,45.623985290527344,91.12278747558594,63.32120132446289,65.728759765625,17.397817611694336,125.30050659179688,169.38999938964844,435.563232421875
2022-01-19,163.5509490966797,135.31967163085938,318.6306457519531,137.74522399902344,354.8689270019531,46.74764633178711,46.07856369018555,90.3209457397461,61.92418670654297,65.75572967529297,17.378705978393555,126.16803741455078,172.0800018310547,431.0404968261719
2022-01-20,161.85862731933594,133.179443359375,315.6097412109375,136.5706329345703,358.0857849121094,47.19294738769531,45.207820892333984,89.24866485595703,60.465633392333984,65.8996353149414,17.213071823120117,126.94613647460938,171.64999389648438,426.2697448730469
2022-01-21,159.79249572753906,129.77330017089844,302.25994873046875,134.1843719482422,349.3107604980469,46.09278869628906,44.87810134887695,89.79877471923828,59.26555252075195,64.9103012084961,16.951879501342773,128.45762634277344,171.08999633789062,417.9017333984375
2022-01-24,159.01519775390625,130.05259704589844,307.7833251953125,134.06417846679688,343.7426452636719,45.001373291015625,44.88129806518555,91.46776580810548,59.640960693359375,65.46794128417969,16.77988052368164,127.4022445678711,172.02999877929688,419.6764831542969
2022-01-25,157.20486450195312,126.42501831054688,299.2489929199219,135.52549743652344,333.2558898925781,45.874507904052734,43.9049186706543,90.45146942138672,56.07149124145508,67.3926773071289,16.86906623840332,127.1965789794922,172.5800018310547,414.5527038574219
2022-01-26,157.11631774902344,128.92340087890625,293.7455749511719,136.81109619140625,339.0600280761719,46.28487396240234,43.45675659179688,89.1181411743164,54.96987533569336,66.7091293334961,15.448445320129396,125.65827941894533,169.7899932861328,413.51263427734375
2022-01-27,156.65390014648438,128.80467224121094,293.75555419921875,134.39710998535156,344.8346252441406,46.95350646972656,43.48555755615234,88.87572479248047,55.32681655883789,67.56355285644531,15.36563205718994,127.96573638916016,167.60000610351562,411.4707336425781
2022-01-28,167.58482360839844,132.9629669189453,300.8042907714844,135.59947204589844,376.2950439453125,47.798095703125,44.02336120605469,90.63793182373048,56.680755615234375,67.70745086669922,16.060016632080078,128.01043701171875,167.10000610351562,421.6897888183594
2022-01-31,171.96311950683594,135.36607360839844,312.3196716308594,137.44004821777344,380.1022033691406,46.355262756347656,44.756439208984375,91.6728973388672,58.14547348022461,68.31905364990234,16.2447566986084,127.34860229492188,168.08999633789062,429.2848815917969
2022-02-01,171.7958526611328,137.54071044921875,318.0424194335937,139.7985382080078,385.6899108886719,46.6895751953125,45.108585357666016,92.08316040039062,60.281009674072266,72.69917297363281,15.556744575500488,126.92586517333984,168.22999572753906,432.1855163574219
2022-02-02,173.0060577392578,147.673828125,322.0304260253906,138.67941284179688,390.30364990234375,47.38460159301758,45.0893783569336,91.12278747558594,60.33638381958008,72.51029968261719,15.633190155029297,127.35576629638672,168.83999633789062,436.3837890625
2022-02-03,170.11341857910156,142.30104064941406,237.04627990722656,137.53253173828125,383.7322082519531,46.96230697631836,45.13419723510742,89.45381164550781,60.50871276855469,71.66485595703125,15.6459321975708,126.3616714477539,168.60000610351562,426.1266174316406
2022-02-04,169.82772827148438,142.66563415527344,236.37828063964844,141.10263061523438,375.9901123046875,46.62799835205078,44.6027946472168,88.57735443115234,60.93335723876953,73.22084045410156,15.340147972106934,124.498779296875,168.86000061035156,428.13031005859375
2022-02-07,169.10861206054688,138.59762573242188,224.23484802246097,141.57432556152344,370.0187377929687,46.812744140625,44.16422271728515,88.75450134277344,61.481082916259766,74.10224151611328,15.244589805603027,124.57933044433594,170.11000061035156,426.7563781738281
2022-02-08,172.23147583007812,138.87196350097656,219.51904296875,144.238037109375,368.2873229980469,45.48429489135742,44.173828125,88.50275421142578,61.11798095703125,72.18650817871094,15.25096035003662,123.74645233154295,170.6300048828125,430.2676696777344
2022-02-09,173.659912109375,141.10647583007812,231.30355834960932,144.83921813964844,375.1735534667969,45.28194427490234,44.07778930664063,90.5633544921875,61.0810546875,71.8409423828125,15.607711791992188,123.97928619384766,171.2100067138672,436.5651245117188
2022-02-10,169.56173706054688,138.262939453125,227.3853759765625,144.238037109375,368.3070068359375,44.51653671264648,43.56239318847656,89.31697845458984,60.79795837402344,71.14981842041016,15.448445320129396,122.0089874267578,170.55999755859375,428.7219543457031
2022-02-11,166.13348388671875,133.80140686035156,218.8909454345703,142.36048889160156,363.7620239257813,44.674896240234375,43.322303771972656,87.83633422851562,59.59172439575195,72.94129943847656,15.372000694274902,123.81814575195312,173.80999755859375,420.2680358886719
2022-02-14,166.3699188232422,134.96853637695312,217.04649353027344,141.0379180908203,368.0806579589844,43.81271743774414,42.88053131103515,87.7613525390625,59.45018768310547,71.82276153564453,15.321037292480469,122.2777099609375,174.74000549316406,418.89404296875
2022-02-15,170.2218017578125,136.09127807617188,220.3365936279297,143.10043334960938,375.3408203125,43.80392074584961,43.01498794555664,88.56727600097656,62.10882186889648,70.92247772216797,15.505782127380373,120.88945770263672,173.0800018310547,425.6495361328125
2022-02-16,169.9853515625,137.1506805419922,215.8899688720703,143.35939025878906,376.708251953125,43.707149505615234,42.746070861816406,89.19515228271484,62.410377502441406,71.2498550415039,15.25096035003662,121.60594177246094,174.86000061035156,426.1266174316406
2022-02-17,166.3699188232422,131.984375,207.08648681640625,140.05747985839844,367.628173828125,43.02092361450195,44.4587287902832,87.19908905029297,60.594871520996094,71.1407241821289,15.1362943649292,122.51052856445312,177.25,417.02392578125
2022-02-18,164.81336975097656,130.1478729248047,205.5411529541016,140.7141876220703,363.9391174316406,42.69540023803711,44.173828125,87.47084045410156,57.04384994506836,70.34957885742188,15.20636749267578,123.80023193359376,177.1199951171875,414.3236999511719
2022-02-22,161.87767028808594,129.0854949951172,201.473388671875,140.4644317626953,362.3061218261719,41.81563186645508,43.68083190917969,87.25531768798828,57.9423828125,69.53112030029297,15.12992000579834,124.12259674072266,177.49000549316406,409.8772888183594
2022-02-23,157.6908416748047,127.2724380493164,197.8542938232422,137.52328491210938,355.3608093261719,41.23497772216797,43.23265838623047,84.01287078857422,57.01924133300781,69.81302642822266,14.97702980041504,122.4119873046875,178.2899932861328,402.6066284179688
2022-02-24,160.32118225097656,132.3484649658203,206.9768218994141,133.6941680908203,363.37835693359375,40.43439102172851,43.066192626953125,85.287353515625,56.95154571533203,68.93096160888672,14.798653602600098,122.49260711669922,177.13999938964844,408.66552734375
2022-02-25,162.39981079101562,134.18994140625,209.84817504882807,136.85733032226562,363.0931396484375,41.982791900634766,43.65842819213867,86.7586441040039,59.308624267578125,70.78607177734375,15.231851577758787,122.58216094970705,176.5500030517578,417.6823425292969
2022-02-28,162.665771484375,134.56056213378906,210.3965301513672,131.1507110595703,354.9574890136719,41.29656219482422,43.26787567138672,86.01832580566406,58.77936553955078,71.31349182128906,15.09170150756836,125.26898956298828,178.3800048828125,416.6136169433594
2022-03-01,160.77432250976562,133.83932495117188,202.8791656494141,126.2025146484375,338.88299560546875,40.2496337890625,43.53358459472656,84.4720687866211,56.82231140136719,71.99554443359375,14.989770889282228,126.71736907958984,181.6199951171875,410.2684631347656
2022-03-02,164.0843963623047,134.42138671875,207.4852752685547,128.8199920654297,338.49932861328125,41.9651985168457,43.58799362182617,86.93668365478516,57.94852828979492,73.23229217529297,15.174510955810549,122.38580322265624,179.72999572753906,417.81585693359375
2022-03-03,163.75929260253906,133.97897338867188,202.3607177734375,127.90432739257812,335.4496459960937,42.079566955566406,44.58998489379883,85.774658203125,56.89615631103515,73.69608306884766,15.231851577758787,123.6323471069336,180.8000030517578,415.7358093261719
2022-03-04,160.74476623535156,131.79832458496094,199.45944213867188,124.30645751953124,325.38592529296875,42.80097579956055,45.72002029418945,84.36898040771484,54.85910034179688,76.46968078613281,15.20636749267578,125.7667007446289,183.67999267578125,412.3580932617188
2022-03-07,156.93228149414062,126.1546859741211,186.90724182128903,119.50625610351562,307.8357238769531,42.21153259277344,45.35187911987305,79.14922332763672,52.5922966003418,79.22511291503906,15.015252113342283,124.80712890625,186.41000366210935,400.2021179199219
2022-03-08,155.09994506835938,126.96669006347656,189.71876525878903,118.66458892822266,309.2228088378906,41.7364501953125,44.41391754150391,78.71814727783203,54.29855728149414,79.82530212402344,14.652132987976074,123.55162048339844,191.50999450683597,397.16790771484375
2022-03-09,160.52801513671875,133.53805541992188,197.90414428710932,123.41854858398438,322.7986145019531,42.88895034790039,44.64440155029297,82.0917739868164,56.20808792114258,75.28749084472656,14.817767143249512,122.3409423828125,185.82000732421875,407.8163757324219
2022-03-10,156.16387939453125,132.35696411132812,194.62400817871097,121.95723724365234,319.31610107421875,43.284854888916016,45.65919494628906,81.67945098876953,56.25736999511719,77.62460327148438,14.773173332214355,120.58325958251952,186.3999938964844,405.9747619628906
2022-03-11,152.43020629882812,130.15585327148438,187.0468292236328,119.21027374267578,319.51287841796875,44.22621536254883,45.47993087768555,77.52799987792969,56.842552185058594,77.22447204589844,14.773173332214355,120.98680877685548,185.08999633789065,400.8128051757813
2022-03-14,148.38131713867188,126.43051147460938,186.0697784423828,120.39415740966795,323.2510986328125,45.96816253662109,46.11376953125,74.30430603027344,56.947265625,74.4599609375,14.582059860229492,118.16191864013672,182.3000030517578,397.883544921875
2022-03-15,152.7848358154297,129.34286499023438,191.45355224609372,122.5306625366211,329.5569763183594,45.93297958374024,46.66758728027344,77.89348602294922,56.88566970825195,70.22224426269531,14.709467887878418,117.95565032958984,178.88999938964844,406.6331787109375
2022-03-16,157.21795654296875,133.3629913330078,203.01873779296875,128.0060577392578,339.0796813964844,46.557613372802734,46.52993774414063,81.91372680664062,58.33322143554688,69.95854187011719,14.773173332214355,119.11248016357422,180.00999450683594,415.6499633789063
2022-03-17,158.23269653320312,134.270751953125,207.21609497070312,129.62461853027344,340.8110656738281,47.71891403198242,46.60063934326172,82.14799499511719,58.84447860717773,71.82276153564453,14.773173332214355,118.22468566894533,180.88999938964844,420.8501281738281
2022-03-18,161.54275512695312,136.4663543701172,215.84014892578125,129.57839965820312,344.4017944335937,47.95644760131836,46.73881912231445,83.96601104736328,58.881439208984375,71.54085540771484,14.79228687286377,119.66851043701172,179.3000030517578,425.4595947265625
2022-03-21,162.92193603515625,136.14414978027344,210.8551483154297,129.16217041015625,339.965087890625,47.674922943115234,46.3499755859375,81.39830780029297,58.40713882446289,74.7509765625,14.754060745239258,116.8974380493164,180.6699981689453,425.3351745605469
2022-03-22,166.31080627441406,139.933837890625,215.9996490478516,131.9091339111328,343.8508605957031,46.663185119628906,46.21178817749024,82.36354064941406,58.45641326904297,74.42359161376953,14.78591537475586,115.39973449707033,179.36000061035156,430.3121643066406
2022-03-23,167.68014526367188,138.16419982910156,212.81922912597656,129.28244018554688,336.6203308105469,45.915374755859375,45.61726760864258,80.79855346679688,57.717247009277344,75.59667205810547,14.78591537475586,117.92872619628906,181.80999755859372,424.77044677734375
2022-03-24,171.48275756835938,140.96580505371094,218.910888671875,130.1240692138672,343.6738586425781,46.26728439331055,45.90007019042969,81.6419677734375,57.97594833374024,75.82402801513672,14.862360954284668,117.0050048828125,183.1300048828125,431.173583984375
2022-03-25,172.1230926513672,141.1748046875,221.15414428710932,131.26168823242188,343.3491516113281,46.43444061279297,46.09931182861328,81.95121002197266,57.91434860229492,77.47909545898438,15.187256813049316,115.38184356689452,182.3800048828125,433.2792663574219
2022-03-28,172.99002075195312,141.6022491455078,222.91880798339844,130.29055786132812,344.7952575683594,46.87432861328125,46.91878128051758,82.82273864746094,56.67007446289063,75.30567932128906,15.20636749267578,116.3682632446289,179.05999755859375,436.3612060546875
2022-03-29,176.3000946044922,142.89906311035156,229.1699981689453,130.57725524902344,361.5780944824219,46.39925384521485,47.314056396484375,85.4935302734375,58.30241394042969,74.90555572509766,15.282812118530272,117.2471694946289,179.13999938964844,441.7593078613281
2022-03-30,175.12777709960938,142.2950439453125,227.16603088378903,129.98532104492188,356.3543701171875,46.13531875610352,48.16245269775391,85.30609893798828,58.25929641723633,76.18778228759766,15.378369331359863,118.16191864013672,180.5800018310547,439.0316467285156
2022-03-31,172.01473999023438,139.30738830566406,221.6925048828125,126.08228302001952,351.5733337402344,45.54587173461914,47.85715103149414,85.24988555908203,56.362083435058594,75.1056137084961,15.053475379943848,118.44886016845705,180.6499938964844,432.27435302734375
2022-04-01,171.7191925048828,140.35531616210938,224.175048828125,125.14811706542967,358.0562744140625,45.36991882324219,48.52880096435547,85.73717498779297,56.97190475463867,75.58759307861328,15.276442527770996,118.89974975585938,179.5,433.4994201660156
2022-04-04,175.7877960205078,143.2906036376953,233.1878967285156,125.70306396484376,360.9485168457031,44.81565475463867,48.53844833374024,82.55096435546875,56.682395935058594,75.62397766113281,15.403852462768556,118.07342529296876,180.3699951171875,437.2130432128906
2022-04-05,172.4580535888672,140.71742248535156,231.14405822753903,124.24020385742188,357.4168395996094,45.07958984375,48.67663192749024,78.8305892944336,55.49972152709961,75.2329330444336,15.219104766845703,115.4058609008789,179.24000549316406,431.6904296875
2022-04-06,169.2760772705078,136.83993530273438,222.6296844482422,122.5164566040039,347.8055419921875,46.51362228393555,49.80782699584961,78.1183853149414,55.3826789855957,76.0695571899414,15.30829620361328,114.47178649902344,179.66000366210938,427.3738098144531
2022-04-07,169.5814208984375,136.13067626953125,222.28073120117188,122.14376068115234,344.3478088378906,48.52830123901367,50.305931091308594,77.89348602294922,55.10548782348633,77.34270477294922,15.117179870605469,113.60950469970705,180.33999633789065,429.5273132324219
2022-04-08,167.56190490722656,133.68218994140625,221.66259765625,124.3799819946289,347.02734375,48.53710174560547,50.58552169799805,76.3940658569336,55.27796936035156,78.97046661376953,15.378369331359863,112.3790283203125,181.47000122070312,428.3787841796875
2022-04-11,163.2864227294922,129.478515625,215.81024169921875,123.92340087890624,342.20025634765625,47.44618225097656,49.58286666870117,75.60689544677734,55.23484420776367,76.25142669677734,16.556989669799805,110.60066223144533,182.3699951171875,421.056884765625
2022-04-12,165.16806030273438,128.05999755859375,213.4971923828125,122.56305694580078,340.6535949707031,46.72476959228515,49.242225646972656,74.77286529541016,55.43811798095703,77.84284210205078,16.49794578552246,110.44795989990234,183.7700042724609,419.4967651367188
2022-04-13,167.86732482910156,129.96682739257812,214.3446502685547,118.6124038696289,349.8546447753906,46.71597290039063,50.52445602416992,75.83180236816406,55.90009689331055,78.94319152832031,16.61602210998535,110.67253112792967,184.6499938964844,424.301513671875
2022-04-14,162.83326721191406,126.94125366210938,209.549072265625,117.512939453125,352.4947509765625,46.73357009887695,50.479469299316406,74.5010986328125,55.94937896728515,79.87076568603516,16.71869659423828,108.45404815673828,184.0399932861328,419.0181579589844
2022-04-18,162.61654663085938,127.64752197265624,210.13731384277344,119.69325256347656,351.48992919921875,45.607460021972656,50.09383773803711,74.59481048583984,55.68450546264648,80.5255355834961,16.650243759155273,107.91513061523438,184.6100006103516,419.1904296875
2022-04-19,164.91188049316406,130.2112274169922,216.6576690673828,122.17170715332033,358.4546813964844,44.14703750610352,50.66264343261719,76.11296081542969,56.60847854614258,79.80711364746094,16.67591667175293,107.10677337646484,181.82000732421875,425.9573059082031
2022-04-20,164.74440002441406,127.93132781982422,199.81837463378903,122.6003189086914,359.8535461425781,43.76873016357422,51.29893493652344,75.12897491455078,56.30048751831055,79.9889907836914,16.624574661254883,109.26239013671876,182.7100067138672,425.6413879394531
2022-04-21,163.9464569091797,124.63142395019533,187.5054473876953,121.6499481201172,359.0162048339844,43.2056770324707,51.37606430053711,73.99504852294922,56.49760437011719,79.14324951171875,17.29195213317871,108.45404815673828,182.05999755859372,419.2765808105469
2022-04-22,159.38526916503906,119.32096099853516,183.5573272705078,118.15585327148438,345.9535827636719,42.34350204467773,50.40876770019531,73.02045440673828,54.8652572631836,77.4154281616211,16.701583862304688,107.77142333984376,180.2899932861328,407.77197265625
2022-04-25,160.45909118652344,122.94806671142578,186.42868041992188,118.11857604980467,349.3226013183594,43.064918518066406,50.43447494506836,73.07667541503906,55.36419296264648,74.80553436279297,16.69302749633789,108.84923553466795,177.0500030517578,410.1360778808594
2022-04-26,154.46945190429688,119.21322631835938,180.4068145751953,114.62449645996094,338.9887390136719,43.135292053222656,49.907447814941406,70.87444305419922,49.641746520996094,74.83280944824219,16.513349533081055,109.94499206542967,177.32000732421875,398.2582092285156
2022-04-27,154.2428741455078,114.7387237548828,174.4248046875,113.13369750976562,356.1889343261719,43.75993347167969,49.566802978515625,70.04039764404297,48.17573165893555,76.9698486328125,16.316558837890625,108.5348663330078,175.97999572753906,399.3780822753906
2022-04-28,161.20777893066406,119.11896514892578,205.1124267578125,114.9226531982422,373.1920166015625,44.43736267089844,50.19987869262695,71.76470184326172,47.88004684448242,79.2978515625,16.61602210998535,108.69654846191406,176.92999267578125,409.4660949707031
2022-04-29,155.30682373046875,114.68485260009766,199.8682098388672,111.21427154541016,357.97198486328125,43.17047882080078,49.16510009765625,69.94669342041016,45.92124176025391,77.5245590209961,16.136877059936523,107.28639221191406,176.91000366210938,394.33404541015625
2022-05-02,155.61221313476562,116.86997985839844,210.4962310791016,112.22988891601562,353.6966552734375,42.52825546264648,48.84053039550781,70.63079833984375,46.537227630615234,78.5794448852539,16.359336853027344,105.42672729492188,173.6300048828125,396.7077331542969
2022-05-03,157.109619140625,117.8401107788086,211.3935089111328,114.63381958007812,352.46514892578125,43.364036560058594,49.01084518432617,69.65619659423828,47.8369369506836,80.1981430053711,16.539016723632812,106.13750457763672,174.08999633789062,398.5262145996094
2022-05-04,163.55239868164062,122.27471160888672,222.7393798828125,118.42605590820312,363.0354309082031,43.68954849243164,49.68891525268555,76.50653076171875,49.54319763183594,83.39006805419922,17.06949806213379,106.72229766845705,175.8000030517578,410.6625061035156
2022-05-05,154.43988037109375,116.4604949951172,207.65476989746097,115.46308135986328,348.1109313964844,42.62502670288086,49.26318359375,72.60811614990234,48.409793853759766,82.12602233886719,17.06949806213379,103.79828643798828,175.1300048828125,396.0663757324219
2022-05-06,155.1699676513672,115.37665557861328,203.15830993652344,115.27672576904295,341.9539794921875,43.14408874511719,48.23752975463867,71.7084732055664,48.18804168701172,83.38096618652344,17.13794708251953,102.26876831054688,175.4199981689453,393.7023010253906
2022-05-09,150.01998901367188,112.80696105957033,195.6210174560547,113.5436553955078,323.108642578125,42.79218292236328,48.80196380615234,68.86901092529297,44.94799041748047,76.80614471435547,16.727251052856445,103.16849517822266,172.8800048828125,381.0970458984375
2022-05-10,152.4371337890625,114.30379486083984,197.0566864013672,110.77635192871094,320.4882507324219,43.53999710083008,48.11497497558594,67.34149932861328,45.15742874145508,77.31541442871094,16.564685821533203,104.10419464111328,171.4199981689453,381.97760009765625
2022-05-11,144.53456115722656,113.68181610107422,188.1734313964844,110.0775375366211,321.0202331542969,43.50479888916016,47.6118278503418,65.6546859741211,44.621524810791016,78.92500305175781,16.624574661254883,106.11051940917967,172.82000732421875,375.909423828125
2022-05-12,140.64743041992188,112.88378143310548,190.6659393310547,109.98435974121094,316.4590759277344,44.69330978393555,47.566673278808594,65.96611785888672,45.138946533203125,79.28329467773438,16.87270736694336,105.91259002685548,170.1699981689453,375.51702880859375
2022-05-13,145.13638305664062,116.23006439208984,198.02377319335932,110.9626922607422,327.8470764160156,44.27643966674805,47.75050735473633,71.3453140258789,46.22923278808594,81.6351547241211,16.975379943847656,104.34709167480467,168.7899932861328,384.4948120117188
2022-05-16,143.5874481201172,114.51128387451172,199.4394989013672,110.18936157226562,324.82275390625,44.941654205322266,47.8021240234375,68.34428405761719,45.97052383422851,83.55523681640625,17.351850509643555,104.23912048339844,170.39999389648438,382.9347229003906
2022-05-17,147.23782348632812,116.41560363769533,202.01174926757807,113.84182739257812,333.81689453125,45.535911560058594,42.3642692565918,69.57112121582031,47.0608024597168,84.62091064453125,17.5999755859375,102.97953033447266,169.3300018310547,390.811767578125
2022-05-18,138.93077087402344,112.12564086914062,191.66294860839844,111.89444732666016,330.90087890625,44.70218276977539,39.48730850219727,67.26844024658203,46.32162857055664,83.27962493896484,17.309064865112305,105.17481994628906,169.4199981689453,375.0576171875
2022-05-19,135.50735473632812,110.47419738769533,190.71575927734372,110.23594665527344,327.2757263183594,44.92391586303711,38.40361022949219,67.8818588256836,46.65425491333008,83.72976684570312,17.29195213317871,105.42672729492188,171.91000366210938,372.7605285644531
2022-05-20,135.74411010742188,109.04520416259766,192.95899963378903,109.3321304321289,331.1767883300781,46.53816223144531,38.44553756713867,69.25968170166016,46.3524284362793,84.39124298095703,17.45452308654785,106.6233139038086,172.02999877929688,372.9232482910156
2022-05-23,141.19004821777344,111.39292907714844,195.6409454345703,116.0966796875,343.2444763183594,46.90180969238281,39.54213333129883,69.28800201416016,46.48177719116211,86.2562026977539,17.74542999267578,104.86891174316406,172.8300018310547,379.900634765625
2022-05-24,138.47698974609375,105.66650390625,180.73582458496097,117.73656463623048,335.61968994140625,47.37189483642578,40.035606384277344,68.62741088867188,45.90275955200195,86.72471618652344,18.10479164123535,106.938232421875,174.1300048828125,377.0005493164063
2022-05-25,138.6348114013672,105.58021545410156,183.27816772460932,118.55650329589844,339.6291198730469,47.637977600097656,39.790489196777344,68.40091705322266,45.9089241027832,88.47024536132812,18.22457504272461,107.36107635498048,173.0800018310547,380.331298828125
2022-05-26,141.85108947753906,108.03069305419922,191.0547637939453,120.60636138916016,344.6827392578125,47.886322021484375,40.63873672485352,70.29779052734375,47.43654251098633,88.78260040283203,18.241687774658203,106.87525177001952,172.75999450683594,387.9308471679688
2022-05-27,147.63246154785156,112.52266693115234,194.54425048828125,122.31148529052734,352.4553527832031,47.81536865234375,41.43861389160156,72.3928451538086,48.51451873779297,89.65535736083984,18.216020584106445,107.13614654541016,172.85000610351562,397.4542236328125
2022-05-31,146.84317016601562,113.75962829589844,193.0587158203125,123.2059555053711,352.54400634765625,47.043724060058594,41.48699188232422,74.08210754394531,48.225006103515625,88.19463348388672,18.216020584106445,104.86891174316406,171.13999938964844,395.22412109375
2022-06-01,146.71495056152344,113.85738372802734,188.07371520996097,121.04430389404295,351.7460327148437,46.449466705322266,40.46134567260742,71.98704528808594,47.75070571899414,89.88501739501953,18.156126022338867,104.74903106689452,172.22999572753906,392.02734375
2022-06-02,149.18141174316406,117.45755004882812,198.26304626464844,122.99166870117188,357.6764221191406,46.724422454833984,41.12575912475586,74.9503402709961,48.04636764526367,89.72885131835938,18.13045692443848,104.80314636230467,174.35000610351562,399.4928894042969
2022-06-03,143.42965698242188,114.2833480834961,190.2073211669922,121.2772445678711,352.4947509765625,47.18563079833984,40.41941833496094,74.60115814208984,47.41190719604492,91.03339385986328,17.8823299407959,104.57780456542967,172.5800018310547,392.9366149902344
2022-06-06,144.1793975830078,116.72384643554688,193.66688537597656,120.87655639648438,354.7801818847656,47.23885345458984,40.27427673339844,74.53510284423828,47.43038940429688,90.8037109375,17.916555404663086,102.64900970458984,171.82000732421875,394.1329956054688
2022-06-07,146.71495056152344,116.94231414794922,195.0626983642578,121.1933822631836,358.6024475097656,47.85971450805664,39.790489196777344,74.99752044677734,48.04636764526367,94.96540832519533,18.08767509460449,103.7576141357422,172.94000244140625,397.9136047363281
2022-06-08,145.9750213623047,116.9507827758789,196.0497131347656,119.26463317871094,356.9375915527344,47.42510986328125,39.44537734985352,74.05377960205078,47.5289421081543,96.08621215820312,18.010671615600586,102.83828735351562,172.77999877929688,393.5874938964844
2022-06-09,140.7263946533203,114.636474609375,183.44764709472656,116.75822448730467,343.80596923828125,45.92616653442383,39.03253936767578,74.46903991699219,46.06292343139648,94.0099639892578,17.865215301513672,103.18080139160156,172.22999572753906,384.2267761230469
2022-06-10,135.290283203125,111.1545181274414,175.04296875,111.39131927490234,329.76806640625,44.3207893371582,39.251861572265625,71.411376953125,43.87619018554688,92.2920150756836,17.702651977539062,102.54087829589844,174.5399932861328,373.0859375
2022-06-13,130.11073303222656,106.61467742919922,163.76690673828125,108.07424926757812,314.9814453125,42.49367904663086,38.51325988769531,68.28765869140625,41.71410369873047,88.05683135986328,16.906930923461914,99.32320404052734,169.92999267578125,358.9205322265625
2022-06-14,130.97891235351562,106.931396484375,163.23849487304688,106.27597045898438,317.345703125,42.502540588378906,38.52939224243164,68.24048614501953,41.91737747192383,88.2864990234375,16.641691207885742,98.07038879394533,168.57000732421875,357.8389892578125
2022-06-15,133.61306762695312,110.1200714111328,168.84164428710938,107.53382873535156,320.54736328125,43.02584838867188,38.50358581542969,70.01468658447266,42.56414794921875,87.17488098144531,16.633134841918945,99.90005493164062,170.77000427246094,362.9404602050781
2022-06-16,128.3151397705078,106.37476348876952,160.3870849609375,105.68896484375,304.1845397949219,42.1122932434082,38.90353393554688,66.9570083618164,40.2172737121582,83.9594497680664,16.22243881225586,100.69320678710938,172.69000244140625,350.92852783203125
2022-06-17,129.7949981689453,107.60125732421876,163.2484893798828,105.31626892089844,306.0661926269531,41.26969528198242,38.15203094482422,67.82524871826172,40.65461349487305,79.11795043945312,16.581796646118164,101.0176773071289,171.27000427246094,351.6850280761719
2022-06-21,134.0471954345703,111.74058532714844,156.57858276367188,107.92518615722656,312.67626953125,42.67107009887695,39.40345001220703,68.85389709472656,40.5006217956543,84.04214477539062,17.078052520751953,99.30519104003906,170.6300048828125,360.5382385253906
2022-06-22,133.5341796875,111.75953674316406,155.38217163085938,107.31954193115234,311.44488525390625,43.52253341674805,38.92610549926758,69.17475128173828,39.75528717041016,80.7164535522461,17.38607406616211,102.03614807128906,171.30999755859375,359.8846435546875
2022-06-23,136.41500854492188,112.408447265625,158.27345275878906,106.1455307006836,312.0457763671875,44.42722702026367,39.87112045288086,70.96783447265625,39.46578598022461,78.28192901611328,17.63420295715332,102.87432861328124,170.25999450683594,363.4124145507813
2022-06-24,139.75953674316406,118.24761199951172,169.6492156982422,109.31350708007812,325.5812683105469,45.75765228271485,39.90336227416992,73.71405792236328,41.31987380981445,79.83451843261719,17.959335327148438,101.4502944946289,170.08999633789062,374.9666442871094
2022-06-27,139.75953674316406,116.3367919921875,168.98121643066406,108.43765258789062,323.9361572265625,46.014869689941406,40.03237915039063,73.30825805664062,41.14102935791016,81.79133605957031,17.77965545654297,100.58502960205078,169.89999389648438,373.5343933105469
2022-06-28,135.59613037109375,112.29573059082033,160.19766235351562,107.91586303710938,313.55303955078125,44.93278503417969,39.46795654296875,72.04367065429688,40.62915802001953,84.06050872802734,17.63420295715332,101.05370330810548,169.6199951171875,365.9020385742188
2022-06-29,137.36212158203125,111.98149871826172,163.4478759765625,107.4313507080078,317.7890625,45.181129455566406,39.32281875610352,72.12860870361328,39.27854537963867,80.95532989501953,17.92510986328125,102.63099670410156,169.49000549316406,365.6040344238281
2022-06-30,134.88577270507812,109.10455322265624,160.7659454345703,104.92494201660156,310.784912109375,46.502685546875,39.213157653808594,72.09085845947266,39.26620864868164,78.67696380615234,17.933664321899414,103.53227996826172,168.4600067138672,362.6337890625
2022-07-01,137.06613159179688,108.81377410888672,159.5496063232422,106.26666259765624,313.5037841796875,46.3962516784668,39.55181121826172,74.79933166503906,39.1860466003418,80.43167114257812,18.233131408691406,104.59523010253906,168.32000732421875,366.46917724609375
2022-07-05,139.66087341308594,113.60800170898438,167.68511962890625,105.86247253417967,314.5085754394531,45.8019905090332,40.07431411743164,75.0447006225586,38.25480270385742,77.91444396972656,18.113344192504883,105.41702270507812,164.75,367.1612854003906
2022-07-06,141.0026397705078,114.9312515258789,169.2603759765625,105.17626953125,315.4049987792969,46.7865104675293,40.35813522338867,74.42184448242188,37.97111511230469,76.50885009765625,18.044897079467773,103.64698791503906,162.13999938964844,368.4013366699219
2022-07-07,144.38656616210938,119.0137176513672,171.67311096191406,107.83645629882812,319.7363586425781,47.38076019287109,40.41941833496094,74.78044891357422,38.8530158996582,78.95257568359375,18.09623146057129,102.73487854003906,162.22999572753906,373.9189147949219
2022-07-08,145.06732177734375,119.87411499023438,170.36705017089844,107.498046875,318.7398376464844,47.159027099609375,40.44521713256836,74.8182144165039,39.00718688964844,79.0811996459961,18.03380584716797,101.59696197509766,162.3000030517578,373.6112976074219
2022-07-11,142.92645263671875,116.23704528808594,162.39105224609375,106.08805084228516,319.8547668457031,46.91067886352539,40.46134567260742,73.51587677001953,38.18080139160156,78.67696380615234,17.91242790222168,103.34898376464844,161.42999267578125,369.3433837890625
2022-07-12,143.90316772460938,114.5681381225586,162.77989196777344,106.19145965576172,318.5425109863281,46.15678024291992,40.33878707885742,73.38375091552734,38.86534881591797,77.62964630126953,17.86040687561035,103.9630889892578,160.8300018310547,366.0751037597656
2022-07-13,143.5381622314453,111.91216278076172,162.99923706054688,105.195068359375,319.0456848144531,45.935035705566406,40.435546875,73.53475189208984,38.242469787597656,77.94200134277344,17.730358123779297,105.15513610839844,161.60000610351562,364.1525573730469
2022-07-14,146.47816467285156,111.1669921875,157.5755615234375,101.51966857910156,320.6835021972656,45.58025741577149,41.22574234008789,73.79899597167969,37.67509841918945,76.3802261352539,17.626314163208008,104.29720306396484,159.3300018310547,363.2682189941406
2022-07-15,148.1553192138672,112.49073791503906,164.20559692382812,106.1726531982422,328.1226501464844,45.899559020996094,41.62890625,75.13909149169922,38.76667785644531,77.66639709472656,17.834394454956055,104.88420867919922,159.00999450683594,370.2084655761719
2022-07-18,145.09693908691406,109.6407470703125,166.72799682617188,105.08226776123048,326.58355712890625,45.01261138916016,41.53214263916016,75.7147445678711,39.27238082885742,79.09957122802734,17.799715042114258,103.79146575927734,159.16000366210938,367.1516723632813
2022-07-19,148.9741973876953,114.33920288085938,175.25234985351562,107.6860580444336,335.8282470703125,45.56251907348633,41.78694915771485,77.90418243408203,41.15952682495117,81.09312438964844,18.03380584716797,103.23157501220705,159.5399932861328,377.0718078613281
2022-07-20,150.98684692382812,114.41899871826172,182.54039001464844,107.66725158691406,336.7063293457031,45.07469177246094,42.13527297973633,78.58366394042969,41.868751525878906,81.9842529296875,17.756366729736328,103.50247955322266,158.0399932861328,379.4749450683594
2022-07-21,153.265869140625,114.7581787109375,182.62014770507807,108.40045928955078,342.2807922363281,45.340782165527344,42.75130462646485,78.83846282958984,42.01676559448242,80.61541748046875,16.403831481933594,105.29059600830078,160.27000427246094,383.3392639160156
2022-07-22,152.02276611328125,108.09453582763672,168.7618865966797,107.87405395507812,339.2814025878906,45.43835067749024,42.64164733886719,78.88565063476562,42.05377197265625,79.9998779296875,15.952983856201172,107.06063842773438,160.6699981689453,379.7825317382813
2022-07-25,150.8980712890625,107.94490051269533,166.1497344970703,108.30644989013672,339.60699462890625,45.917293548583984,42.58037185668945,76.91327667236328,42.15860748291016,82.66410064697266,16.065698623657227,106.01306915283205,160.22999572753906,380.2439270019531
2022-07-26,149.56617736816406,105.18169403076172,158.6722412109375,106.61444854736328,336.7161865234375,46.38737869262695,39.3421630859375,75.79024505615234,44.10125732421875,82.3425521850586,15.866284370422363,106.0943374633789,160.0399932861328,375.7453308105469
2022-07-27,154.68655395507812,113.32170104980467,169.07095336914062,108.32524871826172,338.6795349121094,46.07695007324219,40.82903289794922,78.29109954833984,44.14442443847656,84.12481689453125,15.944315910339355,105.49829864501952,161.6699981689453,385.5020446777344
2022-07-28,155.23904418945312,114.30927276611328,160.237548828125,107.92105102539062,347.73681640625,45.3350715637207,41.84822463989258,79.90486145019531,45.10650253295898,85.10781860351562,16.10904884338379,106.33817291259766,163.63999938964844,390.337158203125
2022-07-29,160.32981872558594,116.354248046875,158.62240600585938,108.43804931640624,349.0589294433594,45.147369384765625,42.59003448486328,80.00868225097656,45.58137130737305,89.04902648925781,16.282447814941406,106.0491943359375,164.10000610351562,396.02777099609375
2022-08-01,159.34320068359375,115.19709777832033,159.44992065429688,107.35704803466795,345.8523864746094,45.23674392700195,42.74808120727539,80.13135528564453,46.74696350097656,86.79823303222656,16.23909568786621,108.6032257080078,165.02999877929688,394.8550720214844
2022-08-02,157.8633575439453,115.61607360839844,159.70913696289062,105.68385314941406,344.3428955078125,44.41442489624024,42.79323959350586,78.99889373779297,45.8588981628418,86.42155456542969,15.91830348968506,106.30522918701172,164.0500030517578,392.25006103515625
2022-08-03,163.9012451171875,118.489013671875,168.2932891845703,106.79304504394533,349.39434814453125,44.56637573242188,42.090118408203125,82.35853576660156,46.09324645996094,83.6195297241211,15.92697525024414,107.97895050048828,164.4499969482422,398.3924865722656
2022-08-04,163.5854949951172,118.57878875732422,170.0579833984375,105.61805725097656,351.30841064453125,44.56637573242188,40.50004577636719,81.990478515625,45.43335723876953,80.1009521484375,15.840272903442385,107.94276428222656,167.1699981689453,398.1233825683594
2022-08-05,163.35830688476562,117.93038177490234,166.6083526611328,108.81404876708984,352.7292175292969,44.03902053833008,40.825801849365234,80.90522003173828,45.8588981628418,81.25849151611328,15.909635543823242,105.37335205078124,165.2899932861328,397.4505004882813
2022-08-08,162.88406372070312,117.85057830810548,169.7389373779297,107.4886474609375,347.45074462890625,44.30716323852539,41.15800857543945,80.89579010009766,46.36460113525391,81.71784210205078,15.606179237365724,107.07421112060548,166.69000244140625,396.9890441894531
2022-08-09,162.93348693847656,117.21214294433594,168.0240936279297,108.45685577392578,341.9058837890625,44.49486923217773,41.56439971923828,80.0652847290039,46.21041488647461,83.2245101928711,15.69288158416748,106.65806579589844,167.1999969482422,395.41259765625
2022-08-10,167.20144653320312,120.35443115234376,177.80465698242188,111.2862319946289,348.6544494628906,44.64682388305664,41.6514778137207,81.6224365234375,47.5733642578125,84.01457977294922,15.61485195159912,105.96141815185548,166.77999877929688,403.7178649902344
2022-08-11,166.46047973632812,119.5264663696289,176.95721435546875,112.93124389648438,345.8918151855469,43.163063049316406,42.05315399169922,82.82779693603516,48.65877532958984,86.4449462890625,15.640861511230469,103.49153137207033,166.33999633789062,403.7178649902344
2022-08-12,170.02699279785156,122.34953308105467,179.95816040039062,114.80182647705078,349.532470703125,44.78983688354492,42.830596923828125,83.81485748291016,49.29399490356445,87.19630432128906,15.840272903442385,104.54100036621094,167.8699951171875,410.5523986816406
2022-08-15,171.10386657714844,122.57896423339844,180.34698486328125,115.11203002929688,355.1365661621094,44.46805953979492,42.95369338989258,84.62158966064453,49.21998977661133,85.6379165649414,15.944315910339355,104.45053100585938,165.7100067138672,412.244140625
2022-08-16,170.94580078125,122.20987701416016,178.93125915527344,116.21182250976562,354.4458923339844,44.56637573242188,45.14673614501953,84.849365234375,49.997047424316406,84.84015655517578,16.100378036499023,104.8848114013672,165.4199981689453,413.0516357421875
2022-08-17,172.44747924804688,120.02523803710938,174.32513427734375,115.23422241210938,350.57830810546875,44.03902053833008,45.19532012939453,83.85282135009766,49.2878303527832,85.52659606933594,15.970325469970703,103.79007720947266,164.35000610351562,410.1197509765625
2022-08-18,172.05230712890625,120.5639190673828,174.13571166992188,114.34122467041016,352.5811462402344,43.42227554321289,45.04955291748047,84.04264068603516,48.8499641418457,87.54879760742188,15.978995323181152,103.94390106201172,163.9199981689453,411.3118286132813
2022-08-19,169.45396423339844,117.83063507080078,167.455810546875,111.51182556152344,349.5423583984375,43.9317626953125,44.3854866027832,82.49562072753906,47.931060791015625,87.2705307006836,15.978995323181152,102.27015686035156,162.72000122070312,405.7845764160156
2022-08-22,165.55152893066406,114.78810119628906,162.560546875,109.6694564819336,340.8896179199219,43.70830154418945,43.59184265136719,80.6258773803711,46.117923736572266,87.2055892944336,15.71888828277588,101.92635345458984,161.63999938964844,397.3351440429688
2022-08-23,165.21563720703125,114.48883056640624,160.62637329101562,108.58843994140624,336.3314514160156,42.91278839111328,43.407203674316406,80.3791275024414,46.931976318359375,90.90679168701172,15.65820026397705,101.36540985107422,162.77000427246094,396.3738708496094
2022-08-24,165.51205444335938,114.41899871826172,162.76992797851562,108.8516616821289,335.1671447753906,42.39437103271485,43.72142028808594,81.6698989868164,47.32667922973633,91.44481658935548,15.61485195159912,100.62354278564452,163.25,397.6427001953125
2022-08-25,167.98194885253906,117.41165924072266,168.2733612060547,111.4366455078125,340.0608825683594,42.81447219848633,44.012962341308594,82.94169616699219,48.1900749206543,91.91790771484376,15.684208869934082,102.02587127685548,163.75,403.2565002441406
2022-08-26,161.64915466308594,111.02733612060548,161.2943572998047,107.7894515991211,327.5207824707031,41.8491325378418,42.629764556884766,79.78118896484375,46.42010498046875,90.78621673583984,15.510807991027832,102.79486846923828,161.75999450683594,389.6066284179688
2022-08-29,159.4361114501953,110.06968688964844,158.6921844482422,107.52625274658205,324.9457092285156,41.32177734375,43.044395446777344,79.838134765625,46.901145935058594,92.87335205078124,15.41543960571289,101.94445037841795,161.86000061035156,387.0304870605469
2022-08-30,156.99591064453125,109.6407470703125,156.68824768066406,107.54505157470705,323.42633056640625,40.98211669921875,42.914817810058594,79.16427612304688,46.33376693725586,89.33911895751953,15.450119018554688,102.19779205322266,160.50999450683594,382.78173828125
2022-08-31,155.32623291015625,108.88259887695312,162.44090270996094,106.90585327148438,320.0323181152344,40.42794036865234,42.9375,79.79067993164062,45.2915153503418,88.6712417602539,15.207356452941896,101.2206573486328,159.27000427246094,379.86907958984375
2022-09-01,156.05731201171875,110.27918243408205,164.86361694335938,107.63904571533205,320.90057373046875,41.6793098449707,43.56269454956055,81.05298614501953,45.06950378417969,87.07572937011719,15.17267608642578,99.3674774169922,157.8699951171875,381.0610656738281
2022-09-02,153.93321228027344,108.41374969482422,159.83876037597656,106.88705444335938,318.2465209960937,40.84804153442383,43.0832633972168,78.71820831298828,44.66862869262695,88.6712417602539,14.903902053833008,99.92963409423828,159.25999450683594,377.0429992675781
2022-09-06,152.66864013671875,107.2166976928711,158.06407165527344,106.91525268554688,319.7462158203125,40.901668548583984,42.86946868896485,80.2177734375,44.50212860107422,88.07756042480469,14.557098388671877,97.45449829101562,158.3300018310547,375.620361328125
2022-09-07,154.08140563964844,110.2093505859375,159.90853881835938,108.94564819335938,324.2254943847656,41.23239517211914,43.970848083496094,83.81485748291016,45.37785720825195,87.32617950439453,14.626460075378418,98.99578094482422,159.94000244140625,382.3683776855469
2022-09-08,152.59947204589844,109.15193939208984,161.5735321044922,111.483642578125,325.6561584472656,42.08152770996094,44.19436264038086,84.90631103515625,45.49502944946289,88.04045867919922,14.53975772857666,97.9803237915039,158.97999572753906,384.86761474609375
2022-09-09,155.4744110107422,111.50616455078124,168.64224243164062,112.0194320678711,331.3588256835937,42.760841369628906,44.327178955078125,84.17552947998047,45.66154098510742,89.5153579711914,14.765179634094238,98.1979522705078,159.82000732421875,390.8466491699219
2022-09-12,161.46141052246094,111.59593963623048,168.45281982421875,113.34483337402344,333.8944702148437,42.68932342529297,44.72562026977539,84.53617858886719,46.4509391784668,90.5450210571289,15.068634033203123,97.39102172851562,160.6300048828125,395.0472412109375
2022-09-13,151.98695373535156,105.052001953125,152.6703338623047,109.40623474121094,321.0880126953125,41.286014556884766,43.80240249633789,83.36878204345703,43.68806076049805,88.43004608154297,14.591777801513672,97.61768341064452,158.5399932861328,377.8696594238281
2022-09-14,153.43922424316406,105.6106414794922,151.01531982421875,109.1524429321289,321.4925842285156,41.250267028808594,43.70522689819336,87.98139953613281,43.18852233886719,90.60067749023438,14.53975772857666,97.95313262939452,157.92999267578125,379.3115539550781
2022-09-15,150.5346221923828,103.64546966552734,149.10107421875,110.79744720458984,312.7214050292969,41.06256484985352,43.23551940917969,87.52583312988281,42.497802734375,87.96623229980469,14.531088829040527,97.88967895507812,154.97999572753906,375.005126953125
2022-09-16,148.884765625,103.37612915039062,145.85086059570312,110.05485534667967,310.9158935546875,41.14300537109375,43.144813537597656,86.66215515136719,40.94367599487305,86.46349334716797,14.513747215270996,97.07369995117188,155.83999633789062,372.144287109375
2022-09-19,152.6192169189453,103.59558868408205,147.57566833496094,111.07003784179688,309.83062744140625,40.61564254760742,43.514102935791016,87.44989776611328,41.350711822509766,86.45420837402344,14.531088829040527,97.3003921508789,155.9600067138672,375.0302429199219
2022-09-20,155.01007080078125,101.58053588867188,145.65145874023438,108.87985229492188,309.08074951171875,40.01677703857422,43.26143264770508,86.16862487792969,41.06702423095703,85.74923706054688,14.357685089111328,96.33026885986328,155.07000732421875,370.7254333496094
2022-09-21,151.86839294433594,99.76499938964844,141.69337463378906,105.74024963378906,300.42803955078125,39.257022857666016,43.65663528442383,84.09009552001953,40.22212219238281,84.36707305908203,14.088912010192873,97.9440460205078,155.7899932861328,364.258544921875
2022-09-22,150.90020751953125,100.32362365722656,142.3912811279297,104.5370635986328,294.3700866699219,39.838016510009766,43.20960235595703,80.38861846923828,40.3084602355957,84.01457977294922,14.080241203308104,95.44176483154295,155.6999969482422,361.1988830566406
2022-09-23,148.6179962158203,98.9270477294922,139.98851013183594,102.59127807617188,289.654052734375,39.40004348754883,42.13090133666992,79.8855972290039,39.80892181396485,79.54344177246094,13.880829811096191,95.83161926269533,153.00999450683594,355.14703369140625
2022-09-26,148.95391845703125,98.56793212890624,135.96063232421875,100.3822784423828,286.2304382324219,39.17658615112305,42.53582000732422,80.4930191040039,39.73482894897461,77.90156555175781,13.586047172546388,94.00019073486328,151.22999572753906,351.6336364746094
2022-09-27,149.93197631835938,97.84969329833984,133.9965362548828,99.49869537353516,282.6490478515625,39.408973693847656,42.41920471191406,79.98998260498047,39.80892562866211,79.53417205810547,13.638067245483398,91.52507781982422,151.5399932861328,350.7360534667969
2022-09-28,148.03512573242188,100.49320220947266,141.18490600585938,101.51026916503906,286.2995300292969,39.71288299560547,43.118900299072266,82.67594909667969,39.80274963378906,82.42833709716797,13.724769592285156,94.58953094482422,154.69000244140625,357.6372375488281
2022-09-29,140.7637939453125,97.84969329833984,136.0005340576172,99.7900848388672,282.9351501464844,39.4715461730957,42.84032440185547,82.1634292602539,38.73451614379883,82.26136779785156,13.464664459228516,94.09992980957033,154.66000366210938,350.16656494140625
2022-09-30,136.5353240966797,95.9144515991211,135.272705078125,98.22968292236328,280.5376281738281,39.11400985717773,42.01428985595703,79.97101593017578,38.22817611694336,80.99053955078125,13.299932479858398,92.88504028320312,154.6699981689453,344.7517395019531
2022-10-03,140.734130859375,99.0567398071289,138.19390869140625,101.26588439941406,286.59552001953125,39.45366287231445,42.93102264404297,81.26178741455078,39.2717170715332,85.2668685913086,13.7854585647583,94.36092376708984,158.42999267578125,353.8536071777344
2022-10-04,144.34017944335938,102.15912628173828,139.85890197753906,106.0034637451172,297.2412109375,39.73969268798828,43.488189697265625,84.00467681884766,41.70458984375,88.3743896484375,13.950191497802734,94.09737396240234,160.6999969482422,364.8183898925781
2022-10-05,144.63653564453125,101.9695816040039,138.56280517578125,104.69466400146484,300.1320495605469,39.43578720092773,43.05735778808594,85.53273010253906,41.64283752441406,91.94573974609376,13.811469078063965,93.19766235351562,159.80999755859375,363.968994140625
2022-10-06,143.67822265625,101.98953247070312,138.6525421142578,102.56073760986328,295.704833984375,38.5151481628418,42.65567779541016,84.80192565917969,40.8895149230957,94.67293548583984,13.518507957458496,92.67965698242188,159.6300048828125,360.2143859863281
2022-10-07,138.40255737304688,99.3260726928711,133.04940795898438,100.51217651367188,291.4950256347656,37.82689666748047,41.64500045776367,82.60002136230469,39.864505767822266,93.7174835205078,13.183195114135742,91.77992248535156,157.8800048828125,350.16656494140625
2022-10-10,138.72854614257812,98.46817779541016,133.3883819580078,99.57325744628906,288.3426208496094,37.317413330078125,41.89118957519531,82.62849426269531,40.12383270263672,91.6859893798828,13.147897720336914,90.35311126708984,155.47999572753906,347.492919921875
2022-10-11,137.30593872070312,97.80979919433594,128.1541290283203,96.6995849609375,282.6800842285156,37.469364166259766,42.97636795043945,81.8217544555664,39.51871490478515,90.90679168701172,13.068480491638184,90.7529754638672,155.16000366210938,345.2922668457031
2022-10-12,136.6736602783203,98.05918884277344,127.11725616455078,98.2644500732422,280.0415954589844,37.56768035888672,42.49047088623047,82.44815826416016,39.97564697265625,91.30567932128906,12.90964698791504,91.19830322265624,155.99000549316406,344.1533203125
2022-10-13,141.26763916015625,99.46572875976562,129.89889526367188,103.72728729248048,290.49688720703125,38.41682434082031,42.85003662109375,84.82090759277344,41.95158386230469,94.49668884277344,13.342028617858888,90.32583618164062,154.91000366210938,353.2359313964844
2022-10-14,136.7131805419922,96.94193267822266,126.37948608398438,105.4533920288086,285.2890014648437,38.3095703125,42.25075912475586,81.9736099243164,41.72311401367188,92.01066589355467,13.227313995361328,89.58061981201172,152.97999572753906,345.18609619140625
2022-10-17,140.69461059570312,100.5331039428711,133.6376190185547,109.88243103027344,291.56414794921875,39.01568984985352,42.55525207519531,84.37483215332031,42.37763977050781,93.33716583251952,13.509686470031738,89.1444091796875,153.4199981689453,354.05633544921875
2022-10-18,142.01846313476562,101.14160919189452,132.40135192871094,112.70868682861328,296.8412475585937,39.408973693847656,43.45255279541016,84.43177032470703,43.65582275390625,93.5041275024414,13.765584945678713,89.35343170166016,153.75,358.21636962890625
2022-10-19,142.12716674804688,100.04430389404295,132.83006286621094,110.4989013671875,294.2521667480469,38.533016204833984,43.32946014404297,83.0650634765625,43.55085372924805,96.27771759033205,13.712639808654783,87.72667694091797,151.69000244140625,355.6778869628906
2022-10-20,141.6627960205078,100.28372192382812,131.1351776123047,110.13850402832033,292.7895812988281,38.354251861572266,43.43635940551758,82.37223815917969,43.2050666809082,96.4075927734375,14.771530151367188,86.22714233398438,151.4499969482422,352.6954040527344
2022-10-21,145.49607849121094,101.2313995361328,129.61972045898438,115.92381286621094,298.8078918457031,40.17766571044922,44.3142204284668,84.0995864868164,44.964881896972656,98.19789123535156,15.089200019836426,84.67311096191406,154.14999389648438,361.2664184570313
2022-10-24,147.64979553222656,102.71774291992188,129.3306121826172,116.06607055664062,301.9997863769531,40.70502471923828,45.1596908569336,79.4964599609375,45.29832077026367,98.8843231201172,15.4509859085083,83.97333526611328,153.64999389648438,365.6870422363281
2022-10-25,150.50502014160156,104.67294311523438,137.0972137451172,116.36953735351562,307.7413330078125,40.74972534179688,45.37348937988281,80.87267303466797,45.07602310180664,98.2164535522461,15.609821319580078,86.41797637939453,154.0,371.5265808105469
2022-10-26,147.55104064941406,94.58770751953124,129.4302978515625,117.70680236816406,315.74591064453125,41.16982650756836,45.7200927734375,81.5180435180664,46.595027923583984,99.38525390625,16.00690269470215,87.6630630493164,154.97999572753906,368.72747802734375
2022-10-27,143.0558319091797,92.3731460571289,97.64600372314452,118.17151641845705,315.6075134277344,40.88380432128906,45.5872802734375,80.9390869140625,46.928466796875,99.76556396484376,15.90984058380127,88.5809555053711,154.74000549316406,366.7584533691406
2022-10-28,153.86407470703125,96.34339904785156,98.90221405029295,119.57516479492188,325.5885925292969,42.39437103271485,46.16387939453125,82.66645050048828,48.36719512939453,102.68756866455078,16.306922912597656,87.97203826904297,153.16000366210938,375.4838562011719
2022-10-31,151.49295043945312,94.4281005859375,92.8803482055664,119.3854751586914,324.3137512207031,41.6077995300293,46.10557556152344,82.18241119384766,48.04610443115234,102.78961181640624,16.086318969726562,87.3449478149414,151.91000366210938,372.7716064453125
2022-11-01,148.83535766601562,90.27828979492188,94.91421508789062,121.53836822509766,329.2648010253906,42.91278839111328,45.89826202392578,82.66645050048828,48.29309844970703,103.80999755859376,16.192211151123047,88.16126251220703,153.4600067138672,371.1404418945313
2022-11-02,143.28305053710938,86.85669708251953,90.26821899414062,120.41925048828124,316.0522766113281,42.07259368896485,45.5937614440918,80.27472686767578,47.79294204711914,101.6764678955078,16.262802124023438,87.77864074707031,152.38999938964844,361.82623291015625
2022-11-03,137.2071533203125,83.28546142578125,88.64310455322266,120.63737487792967,305.5277404785156,41.98244094848633,45.58404159545898,80.36962890625,48.3980712890625,103.05863189697266,16.033374786376953,87.30489349365234,151.80999755859375,358.1005859375
2022-11-04,136.93994140625,86.48759460449219,90.5174560546875,123.93782806396484,314.6193542480469,42.56841278076172,45.6650276184082,87.18415832519531,50.05908966064453,104.1810302734375,16.165739059448242,85.83811950683594,156.47000122070312,363.2547607421875
2022-11-07,137.47433471679688,88.43283081054688,96.4296646118164,124.59222412109376,321.2997131347656,42.45121765136719,46.14444732666016,85.84593200683594,51.53486251831055,105.4147720336914,16.201032638549805,84.98173522949219,155.85000610351562,366.7295227050781
2022-11-08,138.04830932617188,88.69219207763672,96.18041229248048,124.66810607910156,321.91241455078125,42.68559646606445,46.25459289550781,88.02884674072266,51.86830139160156,105.74871826171876,16.38633918762207,85.9110107421875,159.4499969482422,368.7081604003906
2022-11-09,133.4664764404297,87.1858901977539,101.1654052734375,123.04633331298828,311.9214782714844,42.11766815185547,45.17913055419922,87.4656753540039,51.34345245361328,101.01786041259766,16.218679428100586,86.19341278076172,158.64999389648438,361.1119995117188
2022-11-10,145.3415985107422,93.93930053710938,111.53418731689452,128.11082458496094,333.2966613769531,42.712650299072266,46.11529541015625,91.88526153564452,52.72042846679688,102.50205993652344,16.624591827392578,89.50959777832031,163.47999572753906,380.9566040039063
2022-11-11,148.14212036132812,96.49303436279295,112.68072509765624,128.3195037841797,335.2929077148437,42.91097640991211,46.186561584472656,92.954345703125,53.2946891784668,105.70232391357422,16.809894561767578,89.181640625,164.55999755859375,384.6437072753906
2022-11-14,146.73690795898438,95.79474639892578,113.87712097167967,127.00118255615234,335.3719482421875,44.38942337036133,44.82927703857422,92.9925308227539,52.998294830322266,106.01092529296876,16.8187198638916,88.9629898071289,164.9199981689453,381.3716125488281
2022-11-15,148.47860717773438,98.47815704345705,116.72854614257812,126.0812530517578,339.46319580078125,43.78541946411133,47.7608757019043,93.38389587402344,53.80719375610352,106.7215805053711,16.783424377441406,90.40245056152344,165.5,384.6243591308594
2022-11-16,147.2416229248047,98.74748992919922,112.89010620117188,126.251953125,338.7220458984375,43.31664657592773,48.10425567626953,92.65843963623048,52.42403411865234,105.58078002929688,16.70400619506836,92.37938690185548,165.1199951171875,381.6901245117188
2022-11-17,149.15151977539062,98.25869750976562,111.11544036865234,125.70187377929688,337.2495422363281,43.56906509399414,47.94228363037109,92.56297302246094,52.72660446166992,105.72103881835938,16.721656799316406,91.40457153320312,163.9199981689453,380.5222473144531
2022-11-18,149.71560668945312,97.56040954589844,111.71365356445312,126.9347915649414,339.6410522460937,43.478912353515625,48.66465377807617,93.4984359741211,52.78218078613281,104.80465698242188,16.739301681518555,90.7759246826172,162.7899932861328,382.2499694824219
2022-11-21,146.46975708007812,95.5952377319336,109.53022003173828,126.18556213378906,334.26513671875,43.433841705322266,48.962677001953125,93.85163116455078,53.03534698486328,103.76670837402344,16.624591827392578,91.15857696533205,161.8800048828125,380.8600463867188
2022-11-22,148.6171417236328,97.09156036376952,111.10547637939452,128.07289123535156,340.8960876464844,44.24518966674805,49.13759994506836,93.95663452148438,53.9059944152832,106.7683334350586,16.76577377319336,92.45226287841795,162.07000732421875,385.9852294921875
2022-11-23,149.49789428710938,98.5779037475586,111.90306854248048,129.43861389160156,344.53277587890625,44.03783798217773,49.37407302856445,94.9970932006836,54.25795364379883,106.23534393310548,16.845191955566406,94.06480407714844,163.0800018310547,388.4176330566406
2022-11-25,146.56869506835938,97.36089324951172,111.0755615234375,129.68519592285156,347.1515197753906,44.36237335205078,49.58463287353515,95.03527069091795,54.42466735839844,105.86129760742188,16.871667861938477,93.7459487915039,163.22000122070312,388.3307189941406
2022-11-28,142.71917724609375,96.0142059326172,108.45345306396484,127.41848754882812,340.53045654296875,44.68691253662109,49.7271614074707,94.17617797851562,52.77600860595703,102.68199157714844,16.606943130493164,94.0101318359375,161.92999267578125,382.1341247558594
2022-11-29,139.70091247558594,95.20619201660156,109.13141632080078,129.5144805908203,339.087646484375,44.61479949951172,49.55224609375,94.17617797851562,52.8933219909668,103.3646240234375,16.77459716796875,92.90778350830078,162.72999572753906,381.4778137207031
2022-11-30,146.48953247070312,101.20146942138672,117.7454833984375,131.05088806152344,352.2012939453125,45.19174957275391,49.37407302856445,97.55529022216795,53.08474349975586,104.11268615722656,17.01285171508789,93.59105682373048,164.80999755859375,393.49456787109375
2022-12-01,146.76663208007812,101.0318832397461,120.07845306396484,129.2110137939453,356.54949951171875,46.04816818237305,49.68181610107422,98.672119140625,52.64632415771485,103.60773468017578,16.933433532714844,96.58091735839844,167.83999633789062,393.20501708984375
2022-12-02,146.27182006835938,100.5829849243164,123.11930084228516,128.18670654296875,355.8182373046875,45.89491271972656,49.63322448730469,100.27577209472656,53.64664840698242,102.728759765625,16.783424377441406,97.79546356201172,167.25999450683594,392.7513427734375
2022-12-05,145.10409545898438,99.6253433227539,122.06248474121094,124.59222412109376,351.8949584960937,45.732643127441406,49.12464141845703,98.8439483642578,52.27584457397461,99.91415405273438,16.54517364501953,96.42565155029295,164.38999938964844,385.6861267089844
2022-12-06,141.42279052734375,97.07160186767578,113.77742767333984,124.80088806152344,343.4358215332031,44.8131217956543,48.55451965332031,97.44075012207033,52.65868377685547,97.13693237304688,16.91578483581543,97.66765594482422,164.83999633789062,380.1264953613281
2022-12-07,139.4733123779297,94.91690063476562,113.58800506591795,124.71553802490234,343.3271179199219,45.29091644287109,48.301849365234375,97.24029541015624,52.48579025268555,96.92185974121094,17.03049659729004,99.96890258789062,166.3300018310547,379.4798278808594
2022-12-08,141.16551208496094,93.71984100341795,114.98379516601562,126.02433776855467,347.032958984375,46.67920684814453,48.37663650512695,99.02529907226562,51.63983917236328,97.64188385009766,16.871667861938477,99.69493865966795,166.47000122070312,382.45263671875
2022-12-09,140.6806182861328,92.8419952392578,115.55208587646484,125.34149932861328,344.7204284667969,46.6251220703125,47.248348236083984,97.1639404296875,50.293731689453125,96.81900787353516,16.845191955566406,97.1014404296875,167.05999755859375,379.59564208984375
2022-12-12,142.9863739013672,93.33079528808594,114.36565399169922,127.28570556640624,353.9504699707031,47.02177429199219,48.129520416259766,98.03256225585938,51.3804931640625,99.20347595214844,17.03049659729004,97.41192626953124,165.67999267578125,385.068359375
2022-12-13,143.95619201660156,95.6151885986328,119.7893295288086,127.16242218017578,352.9424743652344,47.84212875366211,47.95718765258789,97.46939086914062,51.17672348022461,100.2881851196289,16.871667861938477,98.3525390625,168.50999450683594,387.9833068847656
2022-12-14,141.7196807861328,95.07650756835938,121.22500610351562,126.52698516845705,353.2982788085937,49.11322784423828,47.6905632019043,97.54574584960938,50.35469055175781,99.5494613647461,16.677536010742188,98.77262115478516,168.10000610351562,385.502685546875
2022-12-15,135.07952880859375,90.97657775878906,115.80133819580078,123.38775634765624,342.1708984375,48.32893753051758,47.26460266113281,95.44573211669922,48.71060562133789,98.5956802368164,16.298095703125,99.1580047607422,165.35000610351562,376.0726623535156
2022-12-16,133.1102294921875,90.6374053955078,119.0714874267578,122.61953735351562,341.7657165527344,46.336647033691406,46.41594696044922,94.33844757080078,47.99363708496094,97.90370178222656,16.31574821472168,98.05033111572266,166.7899932861328,371.6327209472656
2022-12-19,130.9925079345703,88.93160247802734,114.1363525390625,123.3498306274414,337.2397155761719,46.30057907104492,46.43220520019531,93.83255004882812,48.24704360961914,98.34318542480467,15.7598295211792,96.40259552001952,166.32000732421875,368.4813537597656
2022-12-20,130.92323303222656,89.4104232788086,116.73851013183594,123.94732666015624,338.9097595214844,46.26452255249024,46.83864974975586,93.54617309570312,49.65008163452149,99.76453399658205,15.945136070251465,94.69076538085938,169.0800018310547,368.9855651855469
2022-12-21,134.04043579101562,90.02890014648438,119.40050506591795,125.34149932861328,341.61749267578125,46.57102966308594,47.2060775756836,94.18571472167967,51.28798294067383,101.04560089111328,16.015724182128906,94.92877960205078,168.8000030517578,374.5028381347656
2022-12-22,130.8539581298828,88.04378509521484,116.76842498779295,123.91887664794922,337.4966125488281,46.55299758911133,46.653316497802734,93.3170928955078,50.54010772705078,99.00711822509766,16.12161636352539,94.91046905517578,166.75999450683594,369.1601257324219
2022-12-23,130.48780822753906,89.58998107910156,117.68566131591795,124.50688934326172,339.5521240234375,46.72428131103515,46.74760818481445,93.80390167236328,50.55247497558594,101.62535858154295,16.15691375732422,93.51904296875,167.25999450683594,371.2835998535156
2022-12-27,128.67681884765625,87.71459197998047,116.52913665771484,124.94314575195312,342.0819702148437,46.09324264526367,46.7606201171875,94.69163513183594,51.20145034790039,103.0373306274414,16.289274215698242,91.6698760986328,168.6699981689453,369.8194885253906
2022-12-28,124.7283706665039,86.2481918334961,115.27293395996094,125.62601470947266,337.92156982421875,45.795745849609375,45.94122314453125,94.11890411376952,50.663719177246094,101.3448257446289,16.07749366760254,91.12979888916016,167.91000366210938,365.223388671875
2022-12-29,128.26121520996094,88.73208618164062,119.89900207519533,126.3468017578125,344.1077575683594,46.273536682128906,46.22085952758789,95.23572540283205,51.76390075683594,102.11160278320312,16.28045082092285,92.1642074584961,168.85000610351562,371.7975463867188
2022-12-30,128.577880859375,88.51263427734375,119.97875213623048,127.18141174316406,343.63348388671875,46.19240188598633,46.10380172729492,94.69163513183594,51.78861999511719,103.14020538330078,16.245155334472656,91.13894653320312,169.63999938964844,370.8181762695313
2023-01-03,123.76846313476562,89.4802474975586,124.36553955078124,128.1487579345703,342.71441650390625,46.21043014526367,46.69233322143555,96.24755859375,52.52413558959961,99.5962142944336,16.536348342895508,92.87825012207033,171.05999755859375,369.257080078125
2023-01-04,125.04502868652344,88.49268341064453,126.98765563964844,129.34375,350.966064453125,45.19174957275391,46.74435043334961,99.71258544921876,55.58126831054688,99.88609313964844,16.889310836791992,94.15066528320312,172.6699981689453,372.1078186035156
2023-01-05,123.71897888183594,86.55742645263672,126.55894470214844,129.31507873535156,347.6258239746094,44.768043518066406,46.58503723144531,99.68395233154295,56.444278717041016,102.12095642089844,16.951078414916992,94.54429626464844,170.52000427246094,367.86083984375
2023-01-06,128.27108764648438,87.94403076171875,129.62969970703125,131.78961181640625,363.9282836914063,45.903926849365234,47.72632598876953,101.84123229980467,56.95892333984375,103.3552703857422,17.233449935913086,96.28361511230467,173.7100067138672,376.2966918945313
2023-01-09,128.7955780029297,88.58245849609375,129.0813446044922,131.24502563476562,367.1946411132813,43.62315368652344,47.13128662109375,99.97986602783205,57.53689956665039,101.4289779663086,17.043682098388672,96.79621887207033,174.10000610351562,376.0833129882813
2023-01-10,129.3695526123047,89.02137756347656,132.59078979492188,132.42019653320312,367.2342529296875,42.92900466918945,47.102027893066406,101.1825942993164,59.59546661376953,102.9438247680664,17.42859649658203,95.1942367553711,174.74000549316406,378.72076416015625
2023-01-11,132.10084533691406,92.03398895263672,132.4910888671875,133.40426635742188,374.0145263671875,42.77574920654297,47.51497650146485,101.46897888183594,61.51152038574219,104.14075469970705,17.374887466430664,96.74128723144533,174.6199951171875,383.5107421875
2023-01-12,132.02166748046875,91.68484497070312,136.29962158203125,133.2705078125,375.9447021484375,43.0101432800293,47.08577346801758,101.03939819335938,62.437870025634766,105.87065887451172,17.374887466430664,98.64537048339844,176.63999938964844,384.9070129394531
2023-01-13,133.35760498046875,92.57266235351562,136.5688018798828,136.633544921875,371.69830322265625,43.1363525390625,47.241844177246094,102.356689453125,63.49882125854492,105.80520629882812,17.50020980834961,97.72078704833984,178.75999450683594,386.4002075195313
2023-01-17,134.5253448486328,91.93423461914062,134.95367431640625,134.52207946777344,371.18365478515625,41.54070663452149,46.95570755004883,101.89850616455078,63.72843551635742,105.59947967529295,17.303274154663086,97.08914947509766,177.58999633789062,385.69244384765625
2023-01-18,133.80294799804688,91.5551528930664,132.62069702148438,130.480712890625,365.1654968261719,40.56709671020508,45.79490661621094,100.22803497314452,62.76250076293945,103.4300765991211,17.02577781677246,99.44178009033205,177.0800018310547,379.6030883789063
2023-01-19,133.8623046875,93.67994689941406,135.74130249023438,128.74183654785156,364.1954956054687,40.53104019165039,45.1413459777832,99.52166748046876,60.8543586730957,104.09398651123048,16.954166412353516,98.8192901611328,179.88999938964844,376.8396301269531
2023-01-20,136.4352569580078,99.03678131103516,138.95162963867188,129.05711364746094,372.45062255859375,40.66626739501953,45.697357177734375,100.26622772216795,61.50359725952149,105.99221801757812,17.21375846862793,97.21730041503906,179.2899932861328,383.8597717285156
2023-01-23,139.64154052734375,100.96205139160156,142.83993530273438,131.1494903564453,374.7173156738281,40.549072265625,46.38017654418945,101.38304901123048,63.15836715698242,105.44051361083984,17.097389221191406,96.7596206665039,179.6300048828125,388.4656066894531
2023-01-24,141.04676818847656,98.96694946289062,142.71031188964844,132.27685546875,376.14263916015625,40.305660247802734,46.50374221801758,101.7935028076172,63.89470291137695,106.42237091064452,17.151100158691406,98.15105438232422,180.27999877929688,388.0486450195313
2023-01-25,140.3837432861328,96.49303436279295,141.0752410888672,132.91700744628906,378.4984436035156,40.63019943237305,46.28263473510742,102.11805725097656,63.9659538269043,105.86129760742188,18.278987884521484,98.3890609741211,181.1100006103516,388.194091796875
2023-01-26,142.46188354492188,98.91708374023438,146.8578338623047,133.7386474609375,373.40081787109375,40.2572021484375,46.24036407470703,103.8171615600586,64.2430648803711,110.11595916748048,17.903024673461914,97.93134307861328,179.47000122070312,392.4604797363281
2023-01-27,144.411376953125,100.4632797241211,151.2845001220703,134.0634765625,370.2234802246094,39.83870697021485,46.59478378295898,104.06533813476562,65.89784240722656,108.1055145263672,17.85826873779297,97.68416595458984,179.22000122070312,393.3622131347656
2023-01-30,141.51190185546875,97.71003723144533,146.61854553222656,132.9265594482422,367.3431091308594,39.62035751342773,46.22085952758789,103.47351837158205,63.99762344360352,106.18858337402344,18.046247482299805,97.32716369628906,178.75999450683594,388.4267883300781
2023-01-31,142.78843688964844,99.6253433227539,148.52281188964844,133.71954345703125,366.8283996582031,40.175323486328125,46.78012466430664,104.1798858642578,63.72051239013672,108.47955322265624,18.23423194885254,98.10525512695312,179.41000366210938,394.1379699707031
2023-02-01,143.91656494140625,101.1815185546875,152.6603546142578,133.3660430908203,370.2730102539063,40.00246810913086,47.04024887084961,104.9912567138672,65.1773452758789,107.2919921875,18.06415557861328,99.28460693359376,181.6699981689453,398.3267822265625
2023-02-02,149.25050354003906,108.53346252441406,188.20333862304688,132.7450408935547,371.124267578125,40.33908081054688,46.69883346557617,104.1894302368164,66.45999145507812,103.93502807617188,18.153669357299805,99.4131088256836,177.89999389648438,404.125244140625
2023-02-03,152.89218139648438,104.96223449707033,185.97006225585932,134.79916381835938,370.104736328125,40.08434677124024,46.07778930664063,99.55985260009766,64.89231872558594,104.65504455566406,17.75084686279297,97.9262924194336,173.4600067138672,399.8297424316406
2023-02-06,150.1510009765625,103.21652221679688,185.50148010253903,135.59213256835938,369.17431640625,39.8114128112793,45.74288177490234,100.24712371826172,65.20110321044922,104.47737121582033,17.527063369750977,97.20128631591795,173.82000732421875,397.3861999511719
2023-02-07,153.0406494140625,107.77532958984376,191.04478454589844,137.2449951171875,371.2430419921875,39.65675354003906,45.840423583984375,101.97488403320312,65.01107025146484,107.4603042602539,17.231660842895508,96.42115020751952,173.97999572753906,402.58349609375
2023-02-08,150.33905029296875,99.75502014160156,182.87936401367188,136.280029296875,366.5809326171875,40.011566162109375,45.59331130981445,101.46897888183594,64.89231872558594,106.52521514892578,17.151100158691406,96.88004302978516,174.41000366210938,398.1813049316406
2023-02-09,149.2999725341797,95.22614288330078,177.3859100341797,134.1590118408203,366.6502380371094,39.429317474365234,46.01600646972656,101.7375717163086,63.9659538269043,106.92730712890624,16.981016159057617,95.9622802734375,173.02999877929688,394.7294006347656
2023-02-10,149.66668701171875,94.62760925292967,173.62721252441406,134.75137329101562,363.0967712402344,39.92058181762695,46.73134994506836,102.73527526855467,64.36183166503906,111.43441772460938,17.07053565979004,94.88848114013672,173.36000061035156,395.6506042480469
2023-02-13,152.48143005371094,94.76726531982422,178.89138793945312,136.21316528320312,367.0560607910156,40.02066421508789,47.44343948364258,104.10713958740234,65.46237182617188,111.0009765625,17.24061393737793,95.68694305419922,172.47999572753906,400.295166015625
2023-02-14,151.8372039794922,94.71739196777344,178.9412384033203,136.81507873535156,366.1949157714844,39.7750244140625,47.3068733215332,103.5890884399414,66.14329528808594,109.70062255859376,17.142147064208984,95.46668243408205,172.61000061035156,400.1109313964844
2023-02-15,153.94825744628906,96.86212158203124,176.62818908691406,137.38832092285156,365.8782348632813,39.41111373901367,47.65803909301758,104.56761169433594,67.11714935302734,109.3708267211914,17.231660842895508,94.57645416259766,170.88999938964844,401.4102783203125
2023-02-16,152.34266662597656,95.54535675048828,171.92236328125,135.49659729003906,363.8094482421875,39.07450485229492,46.91018295288086,103.1669692993164,66.54708099365234,109.05044555664062,17.24061393737793,93.23648834228516,170.75,395.88330078125
2023-02-17,151.19297790527344,94.35826873779295,172.36105346679688,135.8979034423828,357.4548034667969,39.31104278564453,47.61576843261719,102.74486541748048,65.74740600585938,104.85728454589844,17.40174102783203,93.96154022216795,171.25999450683594,394.8943176269531
2023-02-21,147.15916442871094,91.82450103759766,171.56346130371094,133.40426635742188,352.33740234375,38.84706115722656,47.90516662597656,100.51921081542967,65.12984466552734,104.75363159179688,17.19585418701172,92.13517761230467,170.6199951171875,386.9723815917969
2023-02-22,147.5853729248047,91.57511138916016,170.6063232421875,132.3819580078125,351.35748291015625,38.555938720703125,46.90043258666992,100.5096206665039,65.86617279052734,103.39675903320312,17.34803009033203,92.97952270507812,169.66000366210938,386.4390258789063
2023-02-23,148.0709991455078,90.84689331054688,171.52354431152344,133.44247436523438,351.9117736816406,38.48315048217773,46.20135116577149,99.30084991455078,65.6682357788086,104.34844207763672,17.32118034362793,93.88812255859376,169.57000732421875,388.4946899414063
2023-02-24,145.4049530029297,89.131103515625,169.87850952148438,134.64627075195312,349.5263061523437,37.98278045654297,46.32490539550781,97.4685287475586,66.15120697021484,104.3578872680664,17.22271156311035,92.66747283935548,168.35000610351562,384.3446350097656
2023-02-27,146.60415649414062,89.8792724609375,169.0310516357422,135.82144165039062,351.8623352050781,37.10031127929688,45.989994049072266,98.2743682861328,66.38082122802734,104.16942596435548,17.034730911254883,92.9244613647461,169.00999450683594,385.6535949707031
2023-02-28,146.09869384765625,90.07878875732422,174.41485595703125,136.95840454101562,351.6742248535156,36.90925598144531,46.21435546875,97.9385986328125,67.06964111328125,103.5663604736328,16.927310943603516,93.34664154052734,169.77999877929688,384.228271484375
2023-03-01,144.01739501953125,90.28826904296876,172.89942932128906,136.19406127929688,349.90240478515625,36.554447174072266,45.5705451965332,97.3054428100586,66.61834716796875,104.48979949951172,16.703519821166992,92.34378814697266,170.75999450683594,382.7544250488281
2023-03-02,144.61204528808594,92.08385467529295,174.006103515625,134.78004455566406,351.95135498046875,36.95473861694336,45.684349060058594,98.8211898803711,67.86930847167969,104.97036743164062,16.703519821166992,91.52499389648438,170.66000366210938,385.7312316894531
2023-03-03,149.68649291992188,93.78966522216795,184.69390869140625,137.25457763671875,357.8210144042969,37.43692398071289,45.7396240234375,100.29856872558594,68.39187622070312,106.2989730834961,16.83779525756836,93.7422332763672,172.49000549316406,391.91748046875
2023-03-06,152.46160888671875,95.3458480834961,184.3449554443359,136.45204162597656,363.1957702636719,37.400535583496094,45.73311996459961,100.72066497802734,68.9941635131836,107.24127197265624,16.80198860168457,93.0154037475586,171.6199951171875,392.1889953613281
2023-03-07,150.25143432617188,93.93930053710938,183.95611572265625,132.4392852783203,356.2769470214844,36.70001220703125,45.27790832519531,99.13776397705078,68.46319580078125,105.16824340820312,16.748281478881836,93.58582305908205,168.6199951171875,386.17724609375
2023-03-08,151.51016235351562,94.41812896728516,184.4147491455078,131.65586853027344,355.3761901855469,36.49986267089844,44.90398025512695,98.33192443847656,68.9307632446289,103.63231658935548,16.658767700195312,93.67781829833984,168.5399932861328,386.8074951171875
2023-03-09,149.2504119873047,92.4330062866211,181.14459228515625,124.5284652709961,350.8328857421875,35.8994140625,44.60158157348633,96.22139739990234,72.56037139892578,102.83138275146484,16.399169921875,93.90784454345705,170.1999969482422,379.6709899902344
2023-03-10,147.17901611328125,90.78704833984376,178.9711456298828,127.6908721923828,343.5774230957031,35.835731506347656,44.53654861450195,95.33879852294922,72.1165771484375,101.55929565429688,16.497636795043945,97.1463623046875,173.8699951171875,374.1925048828125
2023-03-13,149.13148498535156,91.43545532226562,180.35694885253903,125.39789581298828,341.201904296875,36.26332473754883,44.66661071777344,95.05101013183594,70.50782012939453,100.39086151123048,16.381267547607422,97.36717987060548,177.86000061035156,373.65924072265625
2023-03-14,151.23263549804688,94.01910400390624,193.4375762939453,128.61764526367188,349.2293701171875,36.29970932006836,44.90398025512695,95.4155502319336,72.25130462646484,100.7677764892578,16.506591796875,95.76631927490234,176.8300018310547,379.8357849121094
2023-03-15,151.6290740966797,96.3134765625,197.1563720703125,122.5412139892578,344.5375671386719,36.64542388916016,45.40472030639648,95.30043029785156,71.1338882446289,95.7548370361328,16.39021873474121,97.6156005859375,178.2100067138672,377.460205078125
2023-03-16,154.463623046875,100.82239532470705,204.31483459472656,124.92020416259766,344.4584350585937,36.72730255126953,45.14678955078125,96.34609985351562,72.88529968261719,95.19889068603516,16.461833953857422,96.85196685791016,178.57000732421875,384.082763671875
2023-03-17,153.62120056152344,102.20899200439452,195.02281188964844,120.20045471191406,346.1015014648437,36.481666564941406,45.51245880126953,94.68644714355467,71.55391693115234,94.07756042480467,16.22909164428711,98.30560302734376,183.7700042724609,379.59185791015625
2023-03-20,155.9998321533203,101.68029022216795,197.21620178222656,121.47116088867188,345.76495361328125,37.12760162353515,46.0021858215332,95.7896957397461,71.26068115234375,96.53692626953124,16.551345825195312,97.44078826904295,183.83999633789065,383.2418518066406
2023-03-21,157.86312866210938,105.58070373535156,201.5531463623047,124.72909545898438,350.96160888671875,36.99113845825195,45.84547805786133,96.4516372680664,73.05171203613281,100.86199951171876,16.59610366821289,96.6035385131836,180.3699951171875,388.2739868164063
2023-03-22,156.42601013183594,103.96468353271484,199.210205078125,121.50936889648438,347.4576110839844,36.399784088134766,45.5516357421875,95.08938598632812,70.9991683959961,98.55341339111328,16.461833953857422,97.8915786743164,183.44000244140625,381.6553649902344
2023-03-23,157.51622009277344,105.99968719482422,203.66677856445312,121.18453216552734,350.7635498046875,36.554447174072266,45.92056655883789,94.41783905029295,72.5841293334961,97.44152069091795,16.524490356445312,97.8915786743164,185.7400054931641,382.6871032714844
2023-03-24,158.82449340820312,105.8001708984375,205.39157104492188,119.34059143066406,348.051513671875,36.74549865722656,46.29602813720703,94.3410873413086,72.40979766845703,97.55459594726562,16.658767700195312,98.30560302734376,183.6499938964844,385.1983337402344
2023-03-27,156.87200927734375,102.80752563476562,202.2310943603516,122.76097869873048,351.01104736328125,36.59083938598633,47.06980895996094,94.64808654785156,73.94723510742188,99.69357299804688,16.891504287719727,95.99629974365234,181.9499969482422,385.9185485839844
2023-03-28,156.2476043701172,101.11168670654295,200.07757568359372,123.13358306884766,350.7239685058594,36.381591796875,46.88697052001953,94.70563507080078,73.81250762939453,100.93739318847656,16.757230758666992,96.17113494873048,183.44000244140625,385.0522766113281
2023-03-29,159.33985900878906,101.65036010742188,204.73358154296875,123.38197326660156,355.8710632324219,36.61813354492188,47.08940124511719,96.52838134765624,74.5416030883789,102.67118072509766,17.007871627807617,95.97791290283205,182.52999877929688,390.6489562988281
2023-03-30,160.9157257080078,101.07178497314452,207.21609497070312,123.00936126708984,355.6038513183594,36.73640060424805,47.55953979492188,97.19991302490234,74.53367614746094,103.17059326171876,17.079486846923828,96.4195327758789,184.17999267578125,392.9363098144531
2023-03-31,163.43313598632812,103.74522399902344,211.3037872314453,124.49980926513672,359.71160888671875,37.118499755859375,48.14068984985352,99.89564514160156,75.76203918457031,103.3307876586914,17.231660842895508,97.86398315429688,183.22000122070312,398.474609375
2023-04-03,164.6918182373047,104.65299224853516,212.43038940429688,124.35650634765624,362.7404174804687,37.61886978149414,48.545528411865234,100.58637237548828,76.80810546875,109.42735290527344,17.356983184814453,98.32424926757812,184.5399932861328,399.9930114746094
2023-04-04,164.15663146972656,104.86248016357422,214.075439453125,122.69408416748048,360.1965637207031,37.20948028564453,48.0688591003418,99.77093505859376,75.32615661621094,108.38141632080078,17.58077049255371,98.81309509277344,187.97999572753903,397.7738342285156
2023-04-05,162.3032684326172,104.69288635253906,210.8451690673828,122.87703704833984,360.6526489257813,37.80082702636719,48.8654899597168,100.63433074951172,74.69218444824219,110.23772430419922,17.79560661315918,99.8461685180664,187.8300018310547,396.7323303222656
2023-04-06,163.1952667236328,108.63321685791016,215.4513092041016,122.7422332763672,358.3526306152344,37.75534057617188,49.23442459106445,100.42327880859376,74.17704772949219,108.40969848632812,17.839183807373047,100.10442352294922,186.4900054931641,398.2799682617188
2023-04-10,160.58868408203125,106.68798828125,214.1053466796875,123.14665985107422,357.0341491699219,37.96458435058594,49.13974380493164,100.48085021972656,74.77934265136719,107.92913055419922,17.76655387878418,98.49027252197266,185.1100006103516,398.688720703125
2023-04-11,159.36961364746094,105.86003112792967,213.20806884765625,123.7532958984375,360.98974609375,38.0191650390625,48.996089935302734,101.44017791748048,74.42272186279297,108.6923828125,17.875497817993164,98.69318389892578,186.27999877929688,398.7957763671875
2023-04-12,158.67584228515625,104.96223449707033,213.35760498046875,123.73402404785156,358.65997314453125,37.63706588745117,48.75775146484375,101.30587005615234,74.57328796386719,108.57930755615234,17.94812774658203,98.59174346923828,187.19000244140625,397.1703186035156
2023-04-13,164.08724975585938,107.92495727539062,219.6885528564453,124.20584869384766,366.4620666503906,37.7280502319336,48.80672836303711,102.63935089111328,74.7317886352539,109.0881576538086,18.1206169128418,97.81694793701172,189.72000122070312,402.4458312988281
2023-04-14,163.7403564453125,109.19184112548828,220.82513427734372,133.58460998535156,369.2181091308594,37.47331237792969,48.47696685791016,103.0998306274414,75.63523864746094,109.35198211669922,18.09337997436523,96.92224884033205,186.3600006103516,401.4627685546875
2023-04-17,163.7602081298828,106.15928649902344,218.20301818847656,134.64382934570312,369.5452880859375,37.46421813964844,48.81651306152344,103.9056625366211,76.68923950195312,108.07989501953124,17.96628189086914,95.769287109375,185.52999877929688,402.9033203125
2023-04-18,164.9891815185547,104.86248016357422,217.2359313964844,136.1555633544922,369.1090393066406,36.89106369018555,48.92425537109375,103.5219497680664,78.0364761352539,110.19062042236328,17.99351692199707,96.11058044433594,186.25,403.1661071777344
2023-04-19,166.13885498046875,104.7627182006836,215.0525054931641,135.98223876953125,369.5849914550781,36.60903549194336,48.97649765014648,102.8024444580078,78.48026275634766,109.84196472167967,17.88457679748535,96.01831817626952,185.3600006103516,403.0979614257813
2023-04-20,165.1675567626953,105.64057159423828,212.43038940429688,135.5874481201172,371.7659912109375,36.25422286987305,49.28992462158203,102.69691467285156,79.05879211425781,108.96563720703124,16.023488998413086,96.83924865722656,186.08999633789065,400.898193359375
2023-04-21,163.5520477294922,105.65054321289062,212.25094604492188,135.3274688720703,372.00384521484375,36.58174133300781,49.538063049316406,103.79055786132812,78.86064910888672,109.31428527832033,16.54096031188965,96.29502868652344,184.25,401.2096862792969
2023-04-24,163.8592987060547,106.51840209960938,212.15122985839844,135.5104217529297,371.498291015625,36.30880355834961,49.87433242797851,104.84581756591795,79.36785888671875,111.37789154052734,15.914548873901367,97.22663879394533,184.80999755859372,401.6282348632813
2023-04-25,162.3131866455078,104.35372924804688,206.92697143554688,132.56393432617188,365.3517456054687,35.781150817871094,49.485816955566406,104.8937759399414,78.0126953125,109.79485321044922,15.896392822265623,98.65630340576172,185.75,395.25286865234375
2023-04-26,162.3032684326172,104.1941146850586,208.77142333984372,130.21441650390625,363.5970458984375,35.14430618286133,49.27033615112305,106.93717956542967,76.24544525146484,108.78662109375,15.61495876312256,97.60481262207033,184.7400054931641,393.5787353515625
2023-04-27,166.91189575195312,108.10452270507812,237.8438720703125,131.96690368652344,370.4474487304687,35.24437713623047,49.42378234863281,108.16513061523438,77.71155548095703,110.0869598388672,15.987178802490234,96.63630676269533,184.75,401.4140319824219
2023-04-28,168.1706085205078,107.95488739013672,239.59860229492188,133.11277770996094,376.7525634765625,35.3808479309082,49.28992462158203,109.64250183105467,78.43272399902344,111.50980377197266,16.04164695739746,98.1951141357422,184.8000030517578,404.8402099609375
2023-05-01,168.08143615722656,107.44612884521484,242.45001220703125,135.96298217773438,376.5840148925781,35.671974182128906,49.49234771728515,109.90151977539062,80.18411254882812,108.0516357421875,15.88731575012207,95.3636703491211,183.97000122070312,404.4314270019531
2023-05-02,167.04074096679688,105.72037506103516,238.5218505859375,133.76754760742188,372.7870788574219,35.53550720214844,49.35848236083984,109.80558013916016,80.44564056396484,103.74539947509766,15.496938705444336,97.74016571044922,187.5200042724609,399.8858947753906
2023-05-03,165.96046447753906,105.86003112792967,236.31846618652344,130.9365997314453,371.6668395996094,34.98054885864258,49.1756591796875,99.7325668334961,80.65169525146484,101.70064544677734,15.515095710754396,98.28572082519533,189.1100006103516,397.14111328125
2023-05-04,164.31517028808594,104.95225524902344,232.8190155029297,129.1455841064453,372.8762817382813,34.78040313720703,49.31329727172851,100.4616470336914,78.71009826660156,99.91973114013672,15.3516845703125,97.31481170654295,190.44000244140625,394.32818603515625
2023-05-05,172.02598571777344,105.95479583740234,232.0812225341797,131.6684112548828,381.3426818847656,35.01694107055664,49.739349365234375,102.85040283203124,79.4391860961914,102.40735626220705,15.551409721374512,96.99117279052734,187.4600067138672,401.6282348632813
2023-05-08,171.95660400390625,107.9748306274414,232.56976318359372,131.98619079589844,382.1853332519531,35.18069839477539,50.050689697265625,102.81201934814452,79.97808074951172,102.8125228881836,15.54233169555664,95.63186645507812,187.69000244140625,401.7352600097656
2023-05-09,170.24200439453125,107.67557525634766,232.66944885253903,131.3506622314453,379.6375122070313,35.00784683227539,50.13589859008789,102.37073516845705,80.04147338867188,102.8407974243164,15.451546669006348,95.28974151611328,189.0200042724609,399.97357177734375
2023-05-10,172.01608276367188,112.00493621826172,232.3803253173828,131.41807556152344,379.2409362792969,34.84408950805664,49.99497222900391,102.6201629638672,78.88442993164062,101.5216064453125,15.469706535339355,96.21444702148438,188.75,401.8423461914063
2023-05-11,172.20440673828125,116.6136245727539,235.08218383789065,131.00401306152344,380.0836181640625,34.55900573730469,50.181785583496094,101.83921813964844,78.86064910888672,99.68415832519533,15.397076606750488,97.23158264160156,187.1300048828125,401.1415100097656
2023-05-12,171.27146911621094,117.63111877441406,233.1081390380859,129.1263427734375,378.6263122558594,34.34749221801758,50.1653938293457,102.31165313720705,78.2979965209961,99.67472839355467,15.46062469482422,96.41785430908205,186.80999755859372,400.6159973144531
2023-05-15,170.77523803710938,116.67346954345705,238.1429748535156,130.21441650390625,380.1034240722656,34.17277145385742,49.7754020690918,102.81298065185548,80.83396911621094,99.86482238769533,15.387999534606934,95.41919708251952,187.2100067138672,401.9980773925781
2023-05-16,170.77523803710938,119.7957992553711,238.1031036376953,129.3381805419922,376.9607543945313,34.03482437133789,49.08717346191406,101.50178527832033,80.14450073242188,97.44115447998048,15.006704330444336,95.13255310058594,184.8699951171875,399.3116760253906
2023-05-17,171.39056396484375,121.1823959350586,241.7620849609375,133.31497192382812,383.6624450683594,33.79571914672852,49.0052375793457,101.89707946777344,81.99891662597656,99.62720489501952,15.12472152709961,94.85513305664062,184.22999572753903,404.1589050292969
2023-05-18,173.73281860351562,123.21739196777344,246.1090087890625,134.3260498046875,388.6391906738281,33.54743576049805,49.64103317260742,103.246826171875,82.42687225341797,100.53013610839844,15.024861335754396,94.15235137939452,181.83999633789065,408.0522766113281
2023-05-19,173.84197998046875,122.94806671142578,244.9026336669922,134.01792907714844,382.2448425292969,33.81412124633789,49.1297721862793,101.7235336303711,82.62498474121094,100.9958724975586,14.806974411010742,93.486572265625,183.63999938964844,407.4584655761719
2023-05-22,172.88919067382812,125.5616455078125,247.57460021972656,132.9105682373047,381.2137756347656,35.634952545166016,48.69717025756836,99.20719909667967,82.85481262207031,99.76978302001952,14.870525360107422,93.15370178222656,183.2100067138672,407.6240234375
2023-05-23,170.26907348632812,122.98796844482422,245.99932861328125,131.5239715576172,370.5267639160156,36.453399658203125,48.60540771484375,96.73906707763672,80.59622192382812,101.12894439697266,14.616329193115234,93.42185974121094,183.42999267578125,403.0492858886719
2023-05-24,170.5469512939453,121.34201049804688,248.4619140625,130.32032775878906,365.322021484375,35.524600982666016,48.38254928588867,96.03527069091795,80.02562713623047,102.25997161865234,14.480152130126951,92.95950317382812,181.9499969482422,400.1292724609375
2023-05-25,171.6883087158203,124.0453643798828,251.9314727783203,130.6381072998047,366.8487243652344,34.788909912109375,47.90079116821289,94.90726470947266,80.45356750488281,100.42559814453124,13.75387477874756,92.72833251953124,180.1999969482422,403.5943603515625
2023-05-26,174.1099395751953,125.12271881103516,261.2533874511719,131.86099243164062,371.1413879394531,34.577396392822266,47.98600006103515,94.99403381347656,81.42041778564453,99.76978302001952,14.07162094116211,93.4773178100586,180.9199981689453,408.8211364746094
2023-05-30,175.9658660888672,124.33465576171876,261.73193359375,132.3616943359375,364.3306579589844,34.03482437133789,47.86801910400391,94.24201202392578,81.15096282958984,98.88584899902344,14.198719024658203,94.4112548828125,182.0399932861328,408.9769287109375
2023-05-31,175.91627502441406,123.0677719116211,263.92535400390625,130.67660522460938,361.8720397949219,34.9636344909668,48.13347625732422,94.1359634399414,80.46147918701172,97.11799621582033,14.280425071716309,95.23426055908205,182.32000732421875,406.7090759277344
2023-06-01,178.73486328125,124.06532287597656,271.7916259765625,132.47726440429688,367.6814575195313,34.9636344909668,48.31045150756836,94.020263671875,82.94991302490234,98.23953247070312,14.353053092956545,95.60787963867188,183.75999450683597,410.57318115234375
2023-06-02,179.58839416503906,124.9232177734375,271.7916259765625,135.2600555419922,370.5069274902344,35.276302337646484,48.77254867553711,95.9292221069336,83.84542083740234,100.52064514160156,13.808344841003418,94.56021881103516,181.0500030517578,416.5105285644531
2023-06-05,178.22872924804688,126.3197784423828,270.5753173828125,133.93124389648438,367.3245849609375,35.54298782348633,49.09372329711914,96.34378814697266,82.4981918334961,100.07392120361328,13.971756935119627,94.38406372070312,182.13999938964844,415.7124328613281
2023-06-06,177.8615264892578,127.59664916992188,270.30615234375,134.17198181152344,376.6831665039063,35.28549575805664,49.08717346191406,94.69515991210938,83.57598114013672,100.89130401611328,14.22595500946045,94.9403305053711,182.33999633789065,416.6175842285156
2023-06-07,176.48196411132812,122.63882446289062,262.8087463378906,135.47190856933594,368.1870727539063,35.763694763183594,49.159271240234375,94.40592956542967,84.06731414794922,103.1534194946289,14.616329193115234,93.53109741210938,180.1499938964844,415.1770324707031
2023-06-08,179.21128845214844,122.36947631835938,263.7857666015625,135.5104217529297,364.4198303222656,35.94761657714844,49.87043762207031,95.59178161621094,84.05940246582031,102.83025360107422,14.589092254638672,94.6250991821289,182.52999877929688,417.6882629394531
2023-06-09,179.59832763671875,122.5689926147461,264.1546630859375,135.78004455566406,366.0357971191406,35.83726501464844,50.17195129394531,94.4444808959961,84.24166870117188,102.06989288330078,14.480152130126951,94.49529266357422,182.0399932861328,418.4377746582031
2023-06-12,182.40704345703125,124.0453643798828,270.236328125,135.77041625976562,372.0732727050781,36.6925048828125,50.5029525756836,94.9265365600586,84.18619537353516,101.14794158935548,14.461994171142578,94.7734603881836,181.8800048828125,422.2337646484375
2023-06-13,181.9306640625,124.12517547607422,270.50555419921875,136.75257873535156,368.17718505859375,37.041954040527344,50.8962287902832,95.69783020019533,84.59036254882812,101.16695404052734,14.36213207244873,93.83702850341795,180.5399932861328,425.0174865722656
2023-06-14,182.5658264160156,124.07528686523438,272.5294189453125,136.2422332763672,371.5280151367187,36.19591522216797,51.410762786865234,97.0475845336914,82.97368621826172,99.95037078857422,14.380289077758787,94.58804321289062,180.63999938964844,425.5236206054688
2023-06-15,184.61032104492188,125.4818344116211,280.98394775390625,137.78289794921875,375.7711181640625,36.55456161499024,51.69261169433594,97.74173736572266,83.5363540649414,100.6441879272461,14.552780151367188,95.4966278076172,181.91000366210935,430.7991027832031
2023-06-16,183.5285491943359,123.75607299804688,280.1564636230469,137.9465789794922,373.2827453613281,36.83964157104492,50.97160720825195,98.21416473388672,84.23375701904297,99.92183685302734,14.5800142288208,95.12577056884766,181.6300048828125,429.3317260742188
2023-06-20,183.61785888671875,123.5465850830078,283.4764404296875,137.24368286132812,371.3892211914063,36.17751693725586,50.52261352539063,97.63568878173828,82.4347915649414,97.63124084472656,14.32581615447998,95.7840576171875,179.75,427.1042785644531
2023-06-21,182.5757751464844,120.9629364013672,280.7945861816406,137.0414581298828,372.8961181640625,35.772891998291016,50.62093734741211,98.21416473388672,83.25105285644531,98.7242660522461,14.171483993530272,96.01583862304688,179.49000549316406,424.91595458984375
2023-06-22,185.59288024902344,123.56654357910156,284.0248107910156,134.403076171875,374.5418090820313,35.61655807495117,51.04370880126953,97.23076629638672,83.06879425048828,98.18250274658205,14.144248008728027,94.85691833496094,177.7100067138672,426.4497680664063
2023-06-23,185.2752990722656,122.71862030029295,287.8633117675781,133.70016479492188,376.5344848632813,35.221126556396484,50.94866180419922,94.81084442138672,82.24459838867188,97.32708740234376,14.02622890472412,95.80259704589844,178.1999969482422,423.2257995605469
2023-06-26,183.8759002685547,118.79824829101562,277.6340637207031,134.0275421142578,374.1650695800781,33.924468994140625,50.81429672241211,94.70479583740234,82.77556610107422,99.12345886230467,14.189640998840332,95.9045867919922,178.50999450683594,421.4965515136719
2023-06-27,186.6448974609375,118.71844482421876,286.18829345703125,134.0371551513672,378.4974060058594,33.49225234985352,50.630767822265625,95.1772232055664,83.14803314208984,99.37059020996094,14.380289077758787,95.65423583984376,177.69000244140625,426.1175537109375
2023-06-28,187.8259429931641,120.78337860107422,284.43359375,133.44979858398438,376.9508361816406,33.37270736694336,50.90606689453125,95.07115936279295,84.83604431152344,100.17847442626952,14.32581615447998,96.06218719482422,177.27999877929688,426.3325500488281
2023-06-29,188.16339111328125,119.71599578857422,280.6849060058594,138.11029052734375,384.3267211914063,33.21636962890625,50.56194686889648,95.1386489868164,85.38285064697266,101.41407775878906,14.507387161254885,94.32842254638672,177.08999633789062,428.0128479003906
2023-06-30,192.51043701171875,120.67364501953124,286.1185302734375,140.04574584960938,389.90814208984375,33.73134994506836,51.51235961914063,95.50501251220705,87.05500793457031,101.93682861328124,14.480152130126951,95.44098663330078,178.27000427246094,433.0637512207031
2023-07-03,191.0117950439453,120.2646484375,285.161376953125,141.17233276367188,390.56243896484375,33.70376968383789,51.846641540527344,95.59178161621094,85.81079864501953,102.13641357421876,14.63448715209961,94.89995574951172,178.47000122070312,433.56195068359375
2023-07-05,189.89031982421875,122.32957458496094,293.4863586425781,140.2318878173828,391.3258056640625,33.52903747558594,51.81714630126953,94.9265365600586,86.1040267944336,101.6136703491211,14.589092254638672,93.9981918334961,177.83999633789062,432.9171752929688
2023-07-06,190.36666870117188,120.6337432861328,291.1134948730469,138.84548950195312,390.3132019042969,32.7657585144043,51.48941802978515,92.7476577758789,85.08963775634766,97.82132720947266,14.407522201538086,92.66875457763672,177.30999755859375,429.5271301269531
2023-07-07,189.2451934814453,119.8456802368164,289.6578674316406,139.9410400390625,385.88519287109375,32.67380142211914,50.30303955078125,92.60303497314452,85.8028793334961,98.04944610595705,14.424156188964844,92.1109619140625,178.63999938964844,428.4426879882813
2023-07-10,187.19078063964844,116.5836944580078,293.2171630859375,140.72633361816406,389.3401794433594,32.81174850463867,50.75858688354492,95.57249450683594,87.65868377685547,99.50364685058594,14.1099853515625,92.2318115234375,178.77999877929688,429.5271301269531
2023-07-11,186.66476440429688,117.421630859375,297.3945617675781,142.92718505859375,394.9396362304687,33.12440490722656,50.683204650878906,96.49803161621094,88.20589447021484,100.72023010253906,14.073022842407228,92.70594024658205,179.4499969482422,432.26263427734375
2023-07-12,188.3420562744141,119.3269500732422,308.4114074707031,143.63491821289062,397.8088684082031,33.096824645996094,50.81101608276367,97.5103530883789,88.19003295898438,101.2144775390625,13.971381187438965,93.73785400390624,181.8800048828125,435.7405395507813
2023-07-13,189.1062469482422,124.5241928100586,312.4691772460937,144.3329620361328,397.6797790527344,33.16119384765625,50.512786865234375,97.953857421875,88.25347900390625,99.36107635498048,13.971381187438965,94.72330474853516,182.00999450683597,439.198974609375
2023-07-14,189.2551422119141,125.39205932617188,307.9428100585937,145.20556640625,399.6157836914063,33.40029525756836,50.68648147583008,97.9635009765625,87.46041107177734,95.93942260742188,13.398480415344238,94.16552734375,181.42999267578125,438.9254455566406
2023-07-17,192.53030395507807,124.75362396240234,309.68756103515625,148.70553588867188,399.3080139160156,32.97727584838867,50.74875259399414,97.30789947509766,88.14244842529297,96.3576202392578,12.502167701721191,94.21199035644533,181.55999755859372,440.449462890625
2023-07-18,192.2722625732422,123.77603149414062,311.11328125,148.97702026367188,395.2970886230469,33.32672500610352,50.656986236572266,97.1439971923828,88.07901000976562,95.92041778564452,12.428244590759276,94.63964080810548,183.63999938964844,443.7222900390625
2023-07-19,193.63194274902344,122.47921752929688,315.0614013671875,149.54901123046875,395.4062194824219,33.51064682006836,50.673370361328125,98.17559814453124,87.1511001586914,96.5857391357422,13.481642723083496,95.708740234375,183.6699981689453,444.7090148925781
2023-07-20,191.67677307128903,119.23717498779295,301.6118469238281,151.39111328125,395.19775390625,33.81412124633789,51.61067581176758,97.25969696044922,88.22175598144531,98.2870635986328,13.54632568359375,94.54666900634766,182.7400054931641,441.758544921875
2023-07-21,190.4957275390625,120.01526641845705,293.3766784667969,150.22767639160156,394.6318359375,34.39347457885742,51.90235900878906,99.13007354736328,87.50006103515625,98.74327087402344,13.638729095458984,94.5745620727539,182.17999267578125,441.758544921875
2023-07-24,191.2996368408203,121.58141326904295,290.734619140625,153.1847381591797,401.8794250488281,34.49462890625,52.2071418762207,99.0915069580078,87.43661499023438,100.2925262451172,13.81429386138916,94.2305908203125,181.3999938964844,443.7320251464844
2023-07-25,192.16307067871097,122.48918914794922,293.5860595703125,152.04071044921875,398.3945617675781,34.080810546875,52.1645393371582,99.22648620605467,92.91677856445312,100.44461059570312,13.67569065093994,94.05394744873048,182.41000366210935,444.9434814453125
2023-07-26,193.03646850585932,129.3423614501953,297.6737365722656,152.95205688476562,399.5164794921875,34.218746185302734,52.35134506225586,98.07919311523438,90.9816665649414,99.8838348388672,13.7588529586792,94.14690399169922,183.3000030517578,445.0118408203125
2023-07-27,191.76608276367188,129.55184936523438,310.7742614746094,151.2650909423828,391.6633605957031,33.660831451416016,52.161258697509766,97.1632843017578,91.53681182861328,100.1974868774414,13.407719612121582,92.31549072265624,180.4199981689453,442.0614318847656
2023-07-28,194.3564453125,132.68414306640625,324.50299072265625,152.12796020507812,390.1343994140625,33.53995132446289,52.40705871582031,97.61642456054688,90.71996307373048,98.99990844726562,13.352276802062988,92.78961181640624,181.8600006103516,446.3893127441406
2023-07-31,194.9717559814453,132.78390502929688,317.64361572265625,153.1459503173828,391.4449462890625,33.53065490722656,52.39067077636719,97.9249267578125,90.60098266601562,101.92730712890624,13.416959762573242,93.01272583007812,182.3500061035156,447.2393493652344
2023-08-01,194.1381072998047,131.56689453125,321.74127197265625,152.3897247314453,394.21490478515625,33.11221694946289,52.14487838745117,97.62606048583984,89.79205322265625,101.33802795410156,13.213672637939451,91.48854064941406,180.4600067138672,445.9595031738281
2023-08-02,191.1309051513672,128.32484436035156,313.3664855957031,150.66397094726562,387.2155456542969,32.870452880859375,52.18092346191406,98.46483612060548,88.80071258544922,100.07392120361328,13.259875297546388,90.50970458984376,179.60000610351562,439.755859375
2023-08-03,189.7315216064453,128.4545440673828,312.2498474121094,151.5850372314453,390.1841125488281,32.54500198364258,52.19403076171875,98.65765380859376,89.11000061035156,101.81326293945312,13.01962661743164,88.42152404785156,179.5399932861328,438.49554443359375
2023-08-04,180.62059020996097,128.22509765625,309.7972412109375,151.2650909423828,388.5360107421875,32.5635986328125,51.892520904541016,97.06687927246094,89.66515350341797,102.09839630126952,12.93646240234375,89.98766326904297,180.19000244140625,436.5123901367188
2023-08-07,177.5042266845703,131.6167755126953,315.6097412109375,151.98251342773438,394.0163269042969,33.17731094360352,52.59713363647461,98.08883666992188,90.98958587646484,101.88929748535156,12.945703506469728,89.10203552246094,179.77999877929688,440.3224182128906
2023-08-08,178.44705200195312,131.5170135498047,311.7015075683594,151.1293487548828,390.3627624511719,33.140106201171875,52.64957427978515,97.08614349365234,90.05377197265625,102.3930435180664,13.102790832519531,90.1368179321289,178.63999938964844,438.40765380859375
2023-08-09,176.8491973876953,129.83116149902344,304.2937927246094,149.10302734375,390.8393859863281,33.32608413696289,52.73478317260742,96.33414459228516,88.9593276977539,104.13238525390624,13.185952186584473,90.6029281616211,177.7899932861328,435.4767761230469
2023-08-10,176.63084411621094,129.89100646972656,304.8222351074219,148.88003540039062,394.284423828125,33.214500427246094,52.70846939086914,98.53434753417967,90.06961822509766,104.6646499633789,13.093548774719238,89.11138153076172,177.60000610351562,435.6331176757813
2023-08-11,176.69046020507812,129.85110473632812,300.73455810546875,149.742919921875,392.1399536132813,33.51205825805664,53.01763534545898,97.88494110107422,90.8864974975586,106.28993225097656,13.27835464477539,88.90629577636719,177.60000610351562,435.3790893554688
2023-08-14,178.3501434326172,131.50704956054688,305.2708740234375,150.0531768798828,395.7140197753906,33.53995132446289,52.62295913696289,97.90433502197266,91.6399154663086,106.37547302246094,13.176712036132812,88.71051025390625,177.05999755859375,437.7823791503906
2023-08-15,176.35256958007812,129.95086669921875,301.0436096191406,146.23324584960938,391.61376953125,32.90764617919922,52.353271484375,96.96416473388672,90.29168701171876,103.64445495605467,13.06582736968994,88.16981506347656,176.58999633789062,432.6827087402344
2023-08-16,175.47801208496094,128.793701171875,293.4065856933594,145.61276245117188,391.5343017578125,32.9913330078125,52.37957763671875,95.93675231933594,90.06961822509766,101.90042877197266,13.028865814208984,87.47997283935547,175.57000732421875,429.5076293945313
2023-08-17,172.9239044189453,130.14041137695312,284.2342224121094,144.1002960205078,389.796875,33.94908905029297,51.20542907714844,93.60084533691406,87.99970245361328,103.87444305419922,12.945703506469728,87.10709381103516,175.3000030517578,426.2348327636719
2023-08-18,173.410888671875,127.79615783691406,282.39971923828125,144.429931640625,389.3501586914063,34.08856964111328,51.9421501159668,94.24055480957033,88.65795135498047,105.44596862792967,12.982665061950684,87.41471099853516,175.3300018310547,426.4399719238281
2023-08-21,174.75253295898438,128.61415100097656,289.0297546386719,144.92437744140625,390.3727416992187,34.41401672363281,51.80401992797851,93.49422454833984,88.8403549194336,104.17149353027344,13.028865814208984,86.24943542480469,175.80999755859375,429.2144775390625
2023-08-22,176.1339111328125,129.37228393554688,286.7366638183594,141.9188690185547,394.9793395996094,34.255943298339844,51.63957214355469,93.1162109375,88.55485534667969,103.5869598388672,13.176712036132812,86.91131591796875,176.10000610351562,428.0519409179688
2023-08-23,179.9998779296875,132.8836669921875,293.35675048828125,142.87867736816406,398.17620849609375,34.08856964111328,51.99806594848633,92.25357818603516,89.99032592773438,102.67662811279295,13.084308624267578,89.06475830078125,177.88999938964844,432.8194274902344
2023-08-24,175.28919982910156,130.10049438476562,285.8892517089844,142.7429656982422,394.8105773925781,33.62363815307617,51.60010147094727,91.91433715820312,88.06314086914062,101.9100112915039,13.075067520141602,88.47745513916016,177.85000610351562,426.8209533691406
2023-08-25,177.50540161132812,130.36984252929688,284.6429748535156,142.56846618652344,399.9930419921875,33.82820510864258,51.90597152709961,92.54436492919922,88.80071258544922,103.73070526123048,13.03810691833496,88.76644897460938,177.6199951171875,429.83001708984375
2023-08-28,179.0756378173828,131.46713256835938,289.3887023925781,143.0629119873047,404.5102844238281,33.67013168334961,52.20197677612305,94.05640411376952,90.3789291381836,104.60269927978516,13.13050937652588,88.85968780517578,178.1300048828125,432.5556945800781
2023-08-29,182.9813232421875,135.1580810546875,297.0954895019531,144.22633361816406,408.6900634765625,33.61434555053711,52.63940048217773,96.10152435302734,91.46543884277344,105.22557067871094,13.647969245910645,89.78256225585938,179.8699951171875,438.8082275390625
2023-08-30,186.48947143554688,136.59454345703125,294.21417236328125,143.64462280273438,410.933837890625,33.38188171386719,53.01763534545898,96.1887435913086,90.65650177001952,106.25090026855467,13.611007690429688,89.68936920166016,180.32000732421875,440.6156005859375
2023-08-31,186.70811462402344,137.01351928710938,295.00177001953125,141.87037658691406,409.6729431152344,32.898345947265625,53.48138046264648,94.44409942626952,90.77546691894533,106.54795837402344,13.666448593139648,90.09021759033205,180.02000427246094,439.97076416015625
2023-09-01,188.2883148193359,136.46485900878906,295.49029541015625,142.345458984375,412.5818786621094,33.270294189453125,53.13932418823242,94.98686981201172,90.60098266601562,108.78067779541016,13.537083625793455,88.68673706054688,180.11000061035156,440.7914123535156
2023-09-05,188.5268096923828,136.37509155273438,299.2489929199219,140.77484130859375,408.5411682128906,32.898345947265625,52.71176528930664,93.86254119873048,89.52240753173828,108.7902603149414,13.379998207092283,87.44316101074219,178.63999938964844,438.8863525390625
2023-09-06,181.77880859375,135.03836059570312,298.27197265625,140.5421600341797,410.20904541015625,31.959190368652344,53.10643768310547,92.99990844726562,89.36378479003906,109.7293472290039,13.500123023986816,87.65821075439453,177.8300018310547,435.9359436035156
2023-09-07,176.46189880371094,135.8663330078125,297.7734375,139.33993530273438,411.638671875,31.875503540039062,53.76422119140625,92.17604064941406,88.65795135498047,109.19271850585938,13.500123023986816,87.90131378173828,178.02000427246094,434.5975036621094
2023-09-08,177.0780487060547,136.8638916015625,296.99578857421875,139.44659423828125,411.8571166992187,31.847606658935547,53.862892150878906,92.35051727294922,88.6024398803711,110.78341674804688,13.306076049804688,88.2379150390625,178.0800018310547,435.25201416015625
2023-09-11,178.25074768066406,137.40255737304688,306.6367492675781,140.05738830566406,413.6938171386719,31.55935478210449,54.05036163330078,92.72852325439452,90.61685943603516,109.39396667480467,13.416959762573242,87.60212707519531,178.41000366210938,438.1145935058594
2023-09-12,175.20968627929688,135.73666381835938,300.75445556640625,141.8800811767578,413.27679443359375,31.754627227783203,54.109561920166016,93.28099060058594,91.20372772216795,112.58493041992188,13.36151885986328,88.10706329345703,177.49000549316406,435.7112731933594
2023-09-13,173.1326141357422,137.16314697265625,304.1442565917969,141.94796752929688,413.3066101074219,31.689537048339844,54.12271499633789,93.94977569580078,90.09341430664062,111.57878112792967,13.509363174438477,88.08831787109375,177.0800018310547,436.2192993164063
2023-09-14,174.6531524658203,138.64950561523438,310.7842712402344,144.70143127441406,410.367919921875,31.754627227783203,54.34965133666992,94.1727066040039,91.71923065185548,113.57192993164062,13.915939331054688,87.45250701904297,177.1699981689453,439.9804992675781
2023-09-15,173.92764282226562,137.96119689941406,299.40850830078125,144.27481079101562,411.3309020996094,31.680234909057617,54.14903259277344,93.27129364013672,91.5923309326172,111.82791137695312,14.073022842407228,86.9195556640625,178.33999633789062,434.6795349121094
2023-09-18,176.86936950683594,138.6195831298828,301.6417541503906,144.5753631591797,414.1306457519531,31.2803955078125,53.74777221679688,93.7850112915039,92.44886016845705,112.72867584228516,13.943658828735352,87.41510772705078,179.38999938964844,434.9344177246094
2023-09-19,177.96253967285156,138.48989868164062,304.1542663574219,144.39114379882812,410.5565185546875,31.60585021972656,53.734622955322266,92.3602066040039,92.16336059570312,112.4316177368164,14.054543495178224,86.76994323730469,179.22000122070312,434.0324096679688
2023-09-20,174.40469360351562,134.26026916503906,298.7704467773437,143.78036499023438,407.5681457519531,31.26179885864257,53.908935546875,92.23420715332033,91.0847625732422,111.54044342041016,14.368714332580566,87.04109191894531,179.35000610351562,430.0422668457031
2023-09-21,172.8543243408203,131.03819274902344,294.84228515625,142.6557159423828,400.4596252441406,30.54580879211425,53.25444030761719,90.23753356933594,89.6096420288086,109.96891784667967,14.146946907043455,84.80638122558594,178.0500030517578,422.934326171875
2023-09-22,173.70899963378906,130.928466796875,298.1822204589844,141.28866577148438,399.327880859375,30.39703369140625,53.3958625793457,90.79969787597656,88.22969818115234,110.1414031982422,13.971381187438965,85.48896026611328,178.6199951171875,421.98333740234375
2023-09-25,174.9910430908203,131.84620666503906,299.92694091796875,141.98672485351562,399.5959167480469,30.66669273376465,53.63266372680664,89.88859558105469,88.66619873046875,111.3775405883789,13.915939331054688,83.38518524169922,177.6999969482422,423.75787353515625
2023-09-26,170.8965301513672,129.13287353515625,298.06256103515625,140.5130615234375,392.5370788574219,30.12737274169922,53.44519805908203,89.17135620117188,87.24557495117188,111.55004119873048,13.878976821899414,83.0953140258789,176.27999877929688,417.5323181152344
2023-09-27,169.3759765625,131.13795471191406,296.84619140625,141.337158203125,392.6363525390625,29.84841537475586,53.18865966796875,88.36686706542969,88.0074691772461,115.18179321289062,13.74037265777588,82.66520690917969,174.10000610351562,417.698974609375
2023-09-28,169.63438415527344,132.80386352539062,303.04754638671875,143.09201049804688,396.5678405761719,29.83911895751953,53.45835113525391,88.27964782714844,89.15824890136719,114.48226928710938,13.86973762512207,82.91765594482422,173.22999572753906,420.1205749511719
2023-09-29,170.1511688232422,131.52699279785156,299.3088073730469,140.60031127929688,393.063232421875,30.84336280822754,52.59994125366211,88.46379852294922,87.73762512207031,112.67118072509766,13.878976821899414,82.9270248413086,171.4499969482422,419.1009826660156
2023-10-02,172.6754608154297,134.83885192871094,305.89898681640625,139.38841247558594,393.0036926269531,31.55935478210449,52.655853271484375,88.3281021118164,86.34081268310547,110.8025894165039,13.555564880371094,81.53881072998047,169.64999389648438,418.934326171875
2023-10-03,171.3337860107422,132.9734344482422,300.0366516113281,138.36073303222656,388.24810791015625,31.52216148376465,52.32366943359375,86.72883605957031,85.52336120605469,110.99424743652344,13.657209396362305,79.7847671508789,169.16000366210938,413.326416015625
2023-10-04,172.58599853515625,135.93617248535156,304.6626892089844,138.98123168945312,390.9287109375,30.97354316711425,52.95185470581055,88.34748840332031,86.388427734375,106.84500122070312,13.537083625793455,80.91034698486328,169.13999938964844,416.3362731933594
2023-10-05,173.82827758789062,135.6568603515625,303.8750915527344,139.56719970703125,391.932861328125,31.12232780456543,52.32038116455078,89.52998352050781,86.2852554321289,104.43981170654295,13.703411102294922,80.50702667236328,168.8300018310547,416.1793518066406
2023-10-06,176.392333984375,138.39013671875,314.4831237792969,141.71591186523438,395.68115234375,30.806171417236328,51.442230224609375,89.99522399902344,88.46778106689453,102.69578552246094,13.6073579788208,79.5315170288086,169.6999969482422,421.1205749511719
2023-10-09,177.88304138183594,139.1582489013672,317.404296875,141.39361572265625,392.4697570800781,30.87125968933105,51.2547607421875,89.83045196533203,87.50747680664062,106.28923034667967,13.8710298538208,81.3980941772461,172.82000732421875,423.8167114257813
2023-10-10,177.28675842285156,138.85899353027344,320.8739013671875,142.2530975341797,398.0673828125,30.84336280822754,51.8336181640625,90.31507873535156,88.4757308959961,105.8388442993164,14.087618827819824,81.28555297851562,172.52999877929688,426.0226135253906
2023-10-11,178.6880340576172,141.3528594970703,326.8359680175781,142.7414093017578,397.5105895996094,30.787574768066406,52.04082107543945,89.12288665771484,89.8884048461914,102.0441665649414,13.908699035644531,82.9832763671875,173.7899932861328,427.7677001953125
2023-10-12,179.5924072265625,139.94630432128906,323.1869201660156,142.4093475341797,397.6000671386719,30.61090087890625,52.27762985229492,88.60919189453125,88.35667419433594,102.02500915527344,13.6073579788208,80.73214721679688,173.25999450683594,425.1598205566406
2023-10-13,177.74392700195312,138.24050903320312,313.745361328125,144.54827880859375,395.7408447265625,29.85771751403809,52.56705474853515,88.66735076904297,86.80907440185547,105.28307342529295,13.52260684967041,82.1766357421875,178.8300018310547,423.0421752929688
2023-10-16,177.61471557617188,140.14584350585938,320.1859436035156,144.40176391601562,398.8528442382813,30.936349868774418,53.02092361450195,90.77062225341795,86.61859130859375,105.3597183227539,13.569690704345703,80.85406494140625,177.9600067138672,427.4931640625
2023-10-17,176.05441284179688,140.6446075439453,323.02740478515625,144.0892333984375,399.4593200683594,30.452823638916016,53.08999252319336,91.2843246459961,87.31700134277344,106.73960876464844,13.729777336120604,79.96296691894531,178.2899932861328,427.4735412597656
2023-10-18,174.75253295898438,138.9387969970703,316.0185241699219,142.50701904296875,390.9485778808594,29.20681571960449,53.12945938110352,90.86754608154295,85.37255859375,108.23446655273438,13.484939575195312,79.25948333740234,180.8699951171875,421.7774658203125
2023-10-19,174.3748779296875,138.6395263671875,311.8710021972656,141.9014892578125,385.6392517089844,29.00224876403809,52.8762092590332,91.51695251464844,84.8805160522461,108.30155181884766,14.370122909545898,77.63678741455078,183.08999633789065,418.0715637207031
2023-10-20,171.81085205078125,136.40501403808594,307.7234802246094,139.61605834960938,382.19915771484375,28.500123977661133,52.21513366699219,91.29402160644533,84.19002532958984,106.44254302978516,14.483125686645508,78.07763671875,183.58999633789065,412.9342651367188
2023-10-23,171.93008422851562,137.5621795654297,313.0674133300781,137.7115478515625,381.4634704589844,28.676795959472656,52.95514297485352,91.3037109375,84.67415618896484,104.88059997558594,14.078201293945312,79.015625,182.97000122070312,412.2185668945313
2023-10-24,172.36737060546875,139.7767333984375,311.6117553710937,137.8775634765625,384.684814453125,28.295555114746097,53.69186782836914,91.71080780029295,90.17413330078124,103.8648452758789,14.624378204345703,80.05677795410156,182.9499969482422,415.3264465332031
2023-10-25,170.04185485839844,126.35968017578124,298.630859375,137.1255340576172,384.0882568359375,28.574512481689453,53.53071212768555,91.10987091064452,88.25350189208984,104.05650329589844,14.304205894470217,78.27461242675781,183.72000122070312,409.3656005859375
2023-10-26,165.85787963867188,123.1375961303711,287.48443603515625,137.4771270751953,362.4931640625,28.97435188293457,53.20510482788086,89.82075500488281,86.3487548828125,103.10781860351562,14.238287925720217,79.47523498535156,184.00999450683597,404.4635925292969
2023-10-27,167.1796417236328,123.09769439697266,295.8392639160156,132.52537536621094,361.9860534667969,27.998003005981445,53.00776672363281,89.19073486328125,84.40431213378906,101.14341735839844,13.955781936645508,79.13758087158203,186.1499938964844,402.6302490234375
2023-10-30,169.23684692382812,125.44193267822266,301.75146484375,134.21502685546875,370.2781372070313,28.40713882446289,53.61621856689453,90.28599548339844,87.15033721923828,101.45964050292967,14.370122909545898,78.78112030029297,185.1000061035156,407.4440307617188
2023-10-31,169.71388244628906,124.9930419921875,300.3656311035156,135.81678771972656,374.1855163574219,28.41643524169922,53.74449157714844,89.40397644042969,86.21383666992188,101.4308853149414,14.501959800720217,78.39657592773438,184.08999633789065,410.00286865234375
2023-11-01,172.89410400390625,127.25747680664062,310.9139099121094,135.6995849609375,375.6470642089844,28.369945526123047,54.22467422485352,88.54133605957031,85.11859893798828,101.22965240478516,14.671463966369627,80.09636688232422,183.50999450683597,414.37542724609375
2023-11-02,176.47183227539062,128.2650146484375,309.9367980957031,138.12173461914062,380.4890441894531,28.360645294189453,54.438453674316406,96.93508911132812,85.53922271728516,104.55479431152344,14.812716484069824,81.92229461669922,184.1199951171875,422.3167419433594
2023-11-03,175.55751037597656,130.0506134033203,313.6556091308594,139.66490173339844,383.8297119140625,29.067338943481445,54.15560531616211,99.4939193725586,86.44400024414062,103.2803192138672,14.95396900177002,82.47760009765625,184.7899932861328,426.1696166992188
2023-11-06,178.12155151367188,131.1279754638672,314.8520202636719,140.71971130371094,383.9391174316406,28.99294853210449,54.22796249389648,100.83147430419922,88.71381378173828,101.4500732421875,14.831549644470217,81.6775894165039,183.3500061035156,427.1500549316406
2023-11-07,180.695556640625,132.0756378173828,317.86297607421875,140.65133666992188,386.6334838867187,29.058040618896484,54.48120880126953,100.49224090576172,88.72969818115234,99.85935974121094,14.916301727294922,82.88233184814453,182.58999633789065,428.3657531738281
2023-11-08,181.7589263916016,132.93353271484375,318.8200378417969,141.34478759765625,387.4587707519531,28.658201217651367,54.037200927734375,101.09317779541016,90.3566665649414,98.63280487060548,14.737380981445312,84.29412841796875,180.7700042724609,428.6794738769531
2023-11-09,181.2819061279297,131.3673858642578,319.5877380371094,140.9248046875,385.7287292480469,27.970252990722656,53.912227630615234,99.63130950927734,89.75349426269531,98.66155242919922,14.718547821044922,82.35526275634766,181.4900054931641,425.3362731933594
2023-11-10,185.49127197265625,133.73158264160156,327.7830810546875,143.01487731933594,392.1118469238281,27.781774520874023,54.658817291259766,101.6779327392578,91.483642578125,99.4185562133789,14.727964401245115,82.81642150878906,179.50999450683594,431.9736022949219
2023-11-13,183.8990631103516,133.31260681152344,328.2018127441406,142.3800506591797,392.08203125,27.31057548522949,55.14886474609375,100.87877655029295,91.68206024169922,100.46305847167967,14.671463966369627,82.62820434570312,180.50999450683597,431.5618286132813
2023-11-14,186.5261993408203,135.0982208251953,335.3004455566406,144.97801208496094,395.3630065917969,27.574445724487305,55.13899230957031,102.9156494140625,93.05506134033205,100.84986114501952,14.718547821044922,84.5011978149414,182.1199951171875,439.9344482421875
2023-11-15,187.09341430664065,136.0458984375,331.71124267578125,146.24771118164062,394.5477294921875,28.45087432861328,55.839542388916016,103.33470916748048,92.30110168457033,100.24064636230467,14.840967178344728,83.3152847290039,181.63999938964844,440.8658447265625
2023-11-16,188.78514099121097,138.36021423339844,333.1867980957031,147.9178009033203,394.8161926269531,28.05506896972656,51.32054138183594,104.48471069335938,94.39631652832033,99.08023071289062,14.95396900177002,84.3506088256836,183.69000244140625,441.4050903320313
2023-11-17,188.76524353027344,136.60452270507812,334.0342712402344,149.255859375,397.997802734375,28.19642639160156,51.09360885620117,102.88641357421876,95.18203735351562,101.49777221679688,14.97280216217041,84.74590301513672,183.6699981689453,441.9541320800781
2023-11-20,190.5166473388672,137.58212280273438,338.9494934082031,149.71490478515625,402.07421875,28.25296974182129,51.0771598815918,101.64868927001952,95.29314422607422,101.05294799804688,15.161140441894531,85.26356506347656,183.3699951171875,445.3560791015625
2023-11-21,189.71060180664065,138.28041076660156,335.9684753417969,149.40237426757812,406.5980529785156,28.55453491210937,51.2613410949707,101.05420684814452,95.15029907226562,101.0142593383789,15.245890617370604,85.22591400146484,185.3500061035156,444.3854675292969
2023-11-22,190.37733459472656,139.67698669433594,340.4648742675781,149.75396728515625,407.9701232910156,28.57338523864746,50.86996078491211,100.81055450439452,94.92013549804688,100.57910919189452,15.227058410644531,85.527099609375,184.55999755859372,446.1011352539063
2023-11-24,189.0438690185547,137.8813934326172,337.2146911621094,149.9590606689453,410.1276245117187,28.74301528930664,51.32712173461914,100.1673355102539,95.21378326416016,101.1206283569336,15.264723777770996,84.52001190185547,185.5200042724609,446.3756408691406
2023-11-27,188.86473083496097,137.71180725097656,333.6952819824219,149.6172332763672,406.617919921875,28.40375328063965,51.560638427734375,99.7580108642578,95.21378326416016,100.53075408935548,15.264723777770996,85.93183135986328,186.7700042724609,445.5717468261719
2023-11-28,189.4717712402344,138.28041076660156,337.9723815917969,149.9590606689453,406.65771484375,27.979677200317383,52.17566680908203,98.60800170898438,94.32489776611328,100.47273254394533,15.236474990844728,86.10124206542969,189.25999450683597,446.012939453125
2023-11-29,188.44679260253903,136.0658416748047,331.20281982421875,150.72088623046875,407.4630432128906,28.34720802307129,51.33370208740234,97.3118133544922,94.33283996582033,98.96417999267578,15.34947681427002,87.18363189697266,189.5399932861328,445.69915771484375
2023-11-30,189.02395629882807,133.5919189453125,326.1679382324219,152.4398193359375,411.449951171875,28.714744567871097,51.20542907714844,96.77579498291016,96.66615295410156,99.35099029541016,15.603732109069824,86.17652130126953,188.75,447.4541015625
2023-12-01,190.30767822265625,132.993408203125,323.844970703125,153.18211364746094,411.9768981933594,27.244611740112305,50.76142501831055,96.67833709716795,97.22171020507812,99.59274291992188,15.782652854919434,87.7995834350586,192.00999450683597,450.1011962890625
2023-12-04,188.5064849853516,130.3099822998047,319.0593566894531,154.30528259277344,405.8822021484375,27.593297958374023,50.74827194213867,95.11901092529295,96.45186614990234,99.0512237548828,15.688483238220217,87.45023345947266,187.8600006103516,447.7384338378906
2023-12-05,192.47705078125,132.065673828125,317.3345642089844,154.2857666015625,406.3395385742187,27.41423988342285,51.21858978271485,93.11136627197266,95.42013549804688,97.12686157226562,16.21582794189453,89.32917022705078,187.1499938964844,447.6502380371094
2023-12-06,191.38243103027344,131.10800170898438,316.4970703125,152.6644744873047,408.0198059082031,27.13152313232422,50.66276168823242,94.55374908447266,95.08679962158205,95.84073638916016,15.952157974243164,90.51885223388672,187.83999633789065,445.8462524414063
2023-12-07,193.32290649414065,138.11082458496094,325.609619140625,153.13327026367188,410.77386474609375,26.980737686157227,50.32933807373047,93.98849487304688,94.82489776611328,95.17349243164062,16.093408584594727,89.99954223632812,188.1499938964844,449.2482604980469
2023-12-08,194.75588989257807,136.3052520751953,331.7511291503906,154.8229217529297,409.7895812988281,27.12209892272949,49.80115509033203,94.15416717529295,95.70584106445312,96.26622009277344,15.933321952819824,89.26307678222656,185.63999938964844,451.1796569824219
2023-12-11,192.23822021484372,134.37001037597656,324.3035583496094,155.38941955566406,413.3191528320313,26.990163803100582,49.92660140991211,95.62579345703124,95.45980834960938,96.33391571044922,15.65081787109375,89.07424926757812,183.58999633789065,452.93450927734375
2023-12-12,193.76077270507807,133.31260681152344,333.2167053222656,156.7762908935547,418.3301696777344,26.933618545532227,49.966217041015625,95.65502166748048,97.078857421875,94.81570434570312,15.453063011169434,89.3386001586914,183.4900054931641,455.0032043457031
2023-12-13,196.9949188232422,133.6417999267578,333.7351379394531,157.30369567871094,422.237548828125,25.124223709106445,50.85422134399414,95.61604309082033,96.17408752441406,95.6570053100586,15.490730285644531,91.4346694946289,187.6300048828125,461.2777404785156
2023-12-14,197.1441802978516,132.87368774414062,332.1698913574219,160.1653594970703,416.15277099609375,24.62475204467773,50.23360443115234,95.35289764404295,96.30902099609376,98.22925567626952,15.679065704345703,93.81317138671876,188.72999572753903,462.7581481933594
2023-12-15,196.6068115234375,133.51211547851562,333.91461181640625,161.37643432617188,416.1627197265625,25.095951080322266,50.42177581787109,94.29060363769533,97.8010711669922,97.57169342041016,15.556648254394531,93.91736602783205,187.0,461.9962158203125
2023-12-18,194.9350128173828,136.85391235351562,343.58551025390625,162.35311889648438,421.989013671875,25.501182556152344,51.15792846679688,94.1054458618164,98.12645721435548,98.29695892333984,15.50014591217041,93.16907501220705,187.8500061035156,464.5950012207031
2023-12-19,195.9798889160156,137.76168823242188,349.3082580566406,164.52133178710938,423.0230407714844,26.537813186645508,51.3427963256836,95.2359619140625,99.95185089111328,99.59274291992188,15.641401290893556,93.6710968017578,189.1300048828125,467.4201354980469
2023-12-20,193.88018798828125,139.31785583496094,348.2315368652344,162.6656494140625,417.0376586914063,26.038345336914062,50.74198532104492,92.3024673461914,97.91218566894533,97.92948150634766,15.443646430969238,94.30573272705078,188.1000061035156,460.9429626464844
2023-12-21,193.7308807373047,141.45262145996094,353.027099609375,163.59349060058594,421.0046997070313,26.67917251586914,51.101810455322266,92.9067153930664,100.7693099975586,98.3743133544922,15.528397560119627,93.70897674560548,189.42999267578125,465.3135681152344
2023-12-22,192.6561737060547,142.370361328125,352.32916259765625,163.49581909179688,421.6609497070313,26.763988494873047,51.712520599365234,92.85798645019533,100.54708862304688,98.54837036132812,15.584898948669434,93.28274536132812,190.2700042724609,466.2487182617188
2023-12-26,192.10885620117188,142.47012329101562,353.76483154296875,164.46273803710938,421.2333984375,26.77341079711914,51.6332893371582,93.23806762695312,101.16613006591795,98.77078247070312,15.603732109069824,93.54795837402344,191.72000122070312,468.2174377441406
2023-12-27,192.20835876464844,141.093505859375,356.7558288574219,165.4491729736328,421.91937255859375,26.961891174316406,52.118560791015625,92.86772918701172,101.80938720703124,98.30662536621094,15.613149642944336,95.2055892944336,192.58999633789065,469.0640563964844
2023-12-28,192.63626098632807,140.93389892578125,357.2443542480469,166.3282012939453,423.8681640625,27.13152313232422,52.01622772216797,93.491455078125,101.9046859741211,96.88511657714844,15.76381778717041,94.5141143798828,191.47000122070312,469.2412109375
2023-12-29,191.5913848876953,140.58474731445312,352.8974914550781,166.1328582763672,424.05706787109375,27.13152313232422,52.04263687133789,93.56942749023438,101.35671997070312,96.68204498291016,15.80148696899414,93.66161346435548,191.1699981689453,467.8828125
2024-01-02,184.73497009277344,139.21810913085938,345.2505187988281,168.06668090820312,419.4636535644531,28.017372131347656,52.584022521972656,91.28890228271484,100.0225601196289,98.98352813720705,16.244077682495117,93.1217041015625,190.72000122070312,465.2643432617188
2024-01-03,183.35174560546875,140.01614379882812,343.4359741210937,167.3341827392578,416.3615417480469,28.017372131347656,52.58732223510742,90.86009979248048,98.5216293334961,99.81515502929688,16.225244522094727,93.51007080078124,189.1300048828125,461.4646606445313
2024-01-04,181.02316284179688,137.7018280029297,346.0780029296875,168.4446258544922,417.3558044433594,27.41423988342285,52.078948974609375,91.17195892333984,98.99811553955078,98.9448471069336,16.14990997314453,92.08924102783205,189.32000732421875,459.9782409667969
2024-01-05,180.29672241210932,137.0534210205078,350.8934936523437,169.2897491455078,417.0078125,27.772350311279297,51.732330322265625,90.62619018554688,100.29257202148438,99.24462127685548,16.451248168945312,91.20830535888672,189.3500061035156,460.6082763671875
2024-01-08,184.6553649902344,140.18572998046875,357.5833435058594,169.04408264160156,420.21435546875,27.876012802124023,52.24070739746094,91.79568481445312,101.87291717529295,97.59102630615234,16.30999755859375,92.10816192626952,187.8699951171875,467.1838989257813
2024-01-09,184.23741149902344,142.21075439453125,356.3570251464844,167.70761108398438,420.8317565917969,27.70638084411621,52.59062576293945,90.72364807128906,102.2699966430664,96.38226318359376,16.221948623657227,91.52088928222656,187.92999267578125,466.4751281738281
2024-01-10,185.2823181152344,143.44772338867188,369.35791015625,168.06138610839844,426.47802734375,27.31999969482422,53.24425506591797,91.12322235107422,103.0006103515625,95.4345932006836,16.145387649536133,91.09463500976562,187.5,469.1132507324219
2024-01-11,184.6852264404297,143.3180389404297,368.560302734375,167.3538360595703,424.9345397949219,26.763988494873047,53.184837341308594,90.57746887207033,103.10384368896484,95.41524505615234,15.532873153686523,91.60614013671876,187.8699951171875,468.9065246582031
2024-01-12,185.01361083984372,143.8866424560547,373.3658447265625,166.12545776367188,427.3045654296875,27.046709060668945,53.25415802001953,89.6418685913086,103.07208251953124,96.65302276611328,15.772136688232422,91.4261703491211,189.7100067138672,469.2313537597656
2024-01-16,182.7347717285156,143.72703552246094,366.35693359375,165.08380126953125,426.5577087402344,26.68859481811523,53.42251968383789,90.34355926513672,101.6267318725586,94.46758270263672,15.73385524749756,89.81588745117188,187.91000366210935,467.5086975097656
2024-01-17,181.78939819335932,142.53994750976562,367.2642211914063,164.19935607910156,425.631591796875,26.52838897705078,53.171630859375,89.43720245361328,100.76111602783205,93.78099822998048,15.705142974853516,89.67378997802734,185.83999633789065,464.9100036621094
2024-01-18,187.7104034423828,144.63479614257812,375.00091552734375,164.52365112304688,428.9177856445313,26.471843719482425,53.88798141479492,90.96729278564452,102.08733367919922,93.60694122314452,15.69557285308838,88.84024810791016,187.3699951171875,469.0443420410156
2024-01-19,190.6260986328125,147.6074981689453,382.2989501953125,167.3636474609375,434.9524536132813,26.650903701782227,53.60408401489258,91.4740753173828,103.08796691894533,93.75198364257812,15.953974723815918,89.12439727783203,187.92999267578125,474.8915100097656
2024-01-22,192.9447479248047,147.34814453125,380.6339416503906,167.16709899902344,437.9100036621094,26.67917251586914,53.607383728027344,90.70415496826172,104.21564483642578,93.62627410888672,16.07839012145996,89.65486907958984,187.22000122070312,475.8956298828125
2024-01-23,194.2284698486328,148.31576538085938,384.043701171875,166.06649780273438,436.9241638183594,26.792261123657227,53.74272918701172,89.63211822509766,103.19913482666016,94.6803207397461,16.45163917541504,88.94445037841797,187.9499969482422,477.2835388183594
2024-01-24,193.55177307128903,149.98167419433594,389.5271911621094,167.5503692626953,436.8644104003906,26.698022842407227,52.98346710205078,89.7003402709961,103.18325805664062,96.3145751953125,15.963546752929688,88.42347717285156,186.3999938964844,477.8053283691406
2024-01-25,193.2234039306641,153.26361083984375,391.999755859375,169.94815063476562,434.9723510742187,26.27712821960449,53.75593185424805,90.25585174560548,103.18325805664062,98.76111602783205,16.44207000732422,89.00126647949219,187.13999938964844,480.4040222167969
2024-01-26,191.48191833496097,153.41323852539062,392.9568481445313,169.29957580566406,436.6950988769531,26.27712821960449,54.22800064086914,90.44103240966795,104.1838836669922,99.6024169921875,16.547346115112305,88.83077239990234,187.00999450683597,479.7937316894531
2024-01-29,190.79527282714844,154.46067810058594,399.8161926269531,169.7417755126953,438.7365112304687,26.286693572998047,54.48218536376953,91.41561126708984,104.11241149902344,99.72813415527344,16.509061813354492,89.85376739501953,188.3300018310547,483.5933837890625
2024-01-30,187.1232757568359,152.67506408691406,398.8590698242187,173.22055053710938,443.3272399902344,25.846668243408203,54.66374969482422,91.68848419189452,106.35983276367188,101.39138793945312,16.777036666870117,90.66839599609376,188.58999633789065,483.2193603515625
2024-01-31,183.5010223388672,141.45262145996094,388.9688720703125,171.34359741210938,447.350341796875,25.904062271118164,54.55150985717773,90.66516876220705,105.16068267822266,99.4186782836914,16.930164337158203,91.55877685546876,188.4499969482422,475.3345336914063
2024-02-01,185.9490509033203,142.3603973388672,393.5949401855469,170.7244873046875,458.9914245605469,26.104944229125977,55.56166458129883,90.99654388427734,107.53517150878906,99.01254272460938,17.2651309967041,93.35479736328124,190.41000366210935,481.55572509765625
2024-02-02,184.94395446777344,143.18833923339844,473.5641479492187,171.70718383789062,458.65283203125,25.76057815551757,55.97761154174805,90.62619018554688,108.43255615234376,98.60640716552734,17.06414794921875,91.29270935058594,188.6100006103516,486.6252746582031
2024-02-05,186.76502990722656,144.574951171875,458.0309143066406,171.4811553955078,454.8488159179687,25.416210174560547,55.67720413208008,90.1584014892578,109.36170959472656,98.2002410888672,16.96844482421875,89.44918060302734,187.57000732421875,484.8533630371094
2024-02-06,188.37713623046875,145.05377197265625,453.35498046875,172.07078552246094,458.57318115234375,26.30582427978516,56.05683517456055,93.23806762695312,109.25846862792967,98.87715911865234,16.853601455688477,90.32342529296876,188.5500030517578,486.2610473632813
2024-02-07,188.48660278320312,146.32064819335938,468.1803283691406,172.3950653076172,459.9772644042969,26.36322021484375,55.914886474609375,92.88721466064452,109.98908233642578,98.84815216064452,16.58562469482422,89.88628387451172,188.5,490.316650390625
2024-02-08,187.40191650390625,146.8593292236328,468.5891418457031,171.77598571777344,456.3425598144531,26.372785568237305,55.91158676147461,94.70103454589844,110.42586517333984,100.5404281616211,16.097532272338867,89.36365509033203,188.3300018310547,490.533203125
2024-02-09,188.1691436767578,149.85198974609375,466.7048034667969,171.9823455810547,455.9641723632813,26.36322021484375,55.881874084472656,95.39714813232422,110.60851287841795,98.4129867553711,16.11667251586914,89.18309783935547,187.6000061035156,493.36822509765625
2024-02-12,186.4752655029297,148.3656463623047,467.4924011230469,172.74884033203125,456.7906799316406,26.45887756347656,56.21858978271485,93.60294342041016,111.3153076171875,99.76681518554688,16.288942337036133,89.28762817382812,187.1100006103516,493.1516418457031
2024-02-13,184.37286376953125,146.0114288330078,458.73876953125,171.2453155517578,458.5333251953125,25.7988395690918,55.83565902709961,92.03424072265624,112.58594512939452,98.90792083740234,16.174095153808594,87.75769805908203,184.52999877929688,486.35943603515625
2024-02-14,183.4860687255859,146.77952575683594,471.8592529296875,172.9846954345703,463.24359130859375,25.932762145996097,55.65739440917969,92.2303237915039,116.3422393798828,98.419921875,16.183666229248047,88.20431518554688,184.4199981689453,490.7793273925781
2024-02-15,183.19712829589844,143.58738708496094,482.5770263671875,176.75827026367188,469.3080749511719,26.315391540527344,55.88517379760742,91.39694213867188,117.8272933959961,101.2405776977539,16.35593605041504,88.66044616699219,185.66000366210935,494.1655883789063
2024-02-16,181.65269470214844,141.41270446777344,471.899169921875,175.93280029296875,466.1712951660156,26.42061424255371,56.2384033203125,91.39694213867188,118.45466613769533,101.2405776977539,16.2410888671875,88.14729309082031,186.33999633789065,491.7046203613281
2024-02-20,180.9054107666016,141.8516387939453,470.3338928222656,176.6206817626953,449.8597717285156,26.391916275024418,58.05403137207031,91.63224792480467,118.0258331298828,100.28409576416016,16.183666229248047,88.22332763671875,187.47000122070312,488.9976196289063
2024-02-21,181.6626892089844,143.48760986328125,467.1201477050781,177.77044677734375,457.1292419433594,26.46844291687012,57.34098434448242,93.16173553466795,118.3832015991211,102.33368682861328,16.269800186157227,87.5961685180664,187.47999572753903,489.4405517578125
2024-02-22,183.7052764892578,144.96400451660156,485.1849670410156,179.9029083251953,469.5869140625,26.35365104675293,57.90548324584961,93.90687561035156,120.4479751586914,102.245849609375,15.877412796020508,88.02377319335938,187.55999755859372,499.56976318359375
2024-02-23,181.8619537353516,144.93406677246094,483.0890502929687,180.80699157714844,471.4391479492187,26.55453491210937,57.95499801635742,93.75000762939452,121.76624298095705,101.34793090820312,16.07839012145996,89.20211029052734,188.6199951171875,499.9143371582031
2024-02-26,180.50686645507807,138.4100799560547,480.803466796875,180.18788146972656,472.5245666503906,25.999719619750977,59.02457046508789,92.43621826171876,122.90982055664062,101.74808502197266,15.886981010437012,88.93602752685547,188.1999969482422,498.0833740234375
2024-02-27,181.9715576171875,139.7567901611328,486.1031494140625,180.27633666992188,472.7635803222656,25.722312927246097,59.01466751098633,92.28914642333984,122.29039001464844,101.53337097167967,16.10710334777832,88.30885314941406,188.0,499.0086669921875
2024-02-28,180.7659149169922,137.09332275390625,483.07904052734375,181.19024658203125,476.8463745117187,25.865800857543945,59.044376373291016,91.18124389648438,123.57689666748048,101.81640625,16.23151969909668,88.86951446533203,188.33999633789065,498.3491821289063
2024-02-29,180.09832763671875,139.43756103515625,489.17718505859375,182.8411865234375,472.77349853515625,25.406644821166992,58.044132232666016,93.0440902709961,124.59341430664062,102.01161193847656,16.20280647277832,89.4967041015625,189.30999755859372,500.1407165527344
2024-03-01,179.0122833251953,137.74172973632812,501.3235168457031,182.08448791503903,474.6357116699219,25.435340881347656,58.19267654418945,91.33811950683594,125.99110412597656,103.29993438720705,16.250659942626953,90.05435180664062,192.88999938964844,504.8361511230469
2024-03-04,174.4687042236328,133.87123107910156,497.2214965820313,183.450439453125,466.52972412109375,24.76573944091797,58.72746276855469,90.6518096923828,127.86529541015624,101.85545349121094,16.07839012145996,89.69209289550781,196.00999450683597,504.2947692871094
2024-03-05,169.5066680908203,133.45225524902344,489.2669982910156,185.28810119628903,465.5637817382813,24.947486877441406,59.46032333374024,89.4360580444336,125.36373138427734,103.10472869873048,16.432498931884766,90.96946716308594,197.19000244140625,499.2547912597656
2024-03-06,168.51025390625,132.23524475097656,495.1255798339844,186.2511444091797,469.6267395019531,26.009286880493164,59.98520660400391,89.85765075683594,126.66613006591795,104.20761108398438,16.44207000732422,91.50330352783205,198.80999755859372,501.7846374511719
2024-03-07,168.3907012939453,134.90869140625,511.1943054199219,184.619873046875,465.5837097167969,25.62665748596191,59.77722930908203,89.17133331298828,132.2251434326172,104.793212890625,16.317651748657227,91.41751861572266,199.94000244140625,506.76556396484375
2024-03-08,170.11444091796875,135.9561004638672,504.9664306640625,184.96380615234372,467.2965393066406,26.037982940673828,59.53954315185547,89.27918243408203,133.3845977783203,105.77896881103516,16.461210250854492,91.2554702758789,201.6300048828125,503.7238464355469
2024-03-11,172.12718200683594,138.59962463378906,482.6498718261719,185.0325927734375,467.1969604492187,27.13804817199707,60.074337005615234,90.2694320678711,132.2727813720703,106.40361785888672,16.58562469482422,91.20780181884766,202.0,503.2907409667969
2024-03-12,172.60543823242188,139.2779541015625,498.7785034179687,186.5557861328125,470.8914489746094,26.79368019104004,60.81709671020508,90.59297943115234,132.98753356933594,105.7204132080078,16.461210250854492,90.44519805908205,199.7899932861328,508.7047729492188
2024-03-13,170.51303100585938,140.42515563964844,494.6065979003906,188.06915283203125,473.6199340820313,26.994558334350582,60.68835067749024,89.81842803955078,135.1317138671875,106.90137481689452,16.45163917541504,90.00666809082031,201.19000244140625,507.9074096679688
2024-03-14,172.37628173828125,143.98638916015625,490.8738708496094,184.71812438964844,477.4737854003906,26.908466339111328,60.63667678833008,89.8674545288086,132.42367553710938,108.79481506347656,16.27937126159668,88.62445831298828,200.3500061035156,506.90338134765625
2024-03-15,171.99765014648438,141.8217010498047,483.1589050292969,187.00782775878903,473.8390197753906,26.72671890258789,60.29881286621094,88.35757446289062,134.12315368652344,108.599609375,16.317651748657227,88.59587860107422,199.7100067138672,503.4226684570313
2024-03-18,173.0936737060547,148.11624145507812,496.0138854980469,189.32701110839844,476.8862915039063,26.51626968383789,60.47768020629883,89.23016357421875,134.93316650390625,109.60490417480467,16.556913375854492,88.32896423339844,200.02999877929688,506.4145812988281
2024-03-19,175.44517517089844,147.5576171875,495.2752990722656,190.4374542236328,481.974853515625,26.430179595947266,60.48761749267578,89.79881286621094,137.7523956298828,110.37593841552734,16.432498931884766,88.5767822265625,199.8000030517578,509.2288513183594
2024-03-20,178.02584838867188,149.3133087158203,504.5372314453125,192.9335021972656,485.9979248046875,26.497142791748047,60.865230560302734,90.7890625,138.12564086914062,110.2783432006836,16.470779418945312,88.54820251464844,202.17999267578125,513.9387817382812
2024-03-21,170.7521514892578,148.37562561035156,506.7729187011719,195.61627197265625,486.5954284667969,26.45887756347656,61.0639762878418,89.8674545288086,140.27777099609375,110.7663345336914,16.422927856445312,88.73883056640625,201.97000122070312,515.63720703125
2024-03-22,171.65887451171875,151.398193359375,508.58935546875,193.218505859375,479.6546325683594,26.171905517578125,60.48761749267578,88.93602752685547,139.09449768066406,110.7663345336914,16.250659942626953,89.58724975585938,200.3500061035156,514.65966796875
2024-03-25,170.23403930664062,150.7797088623047,502.0420837402344,191.44964599609372,474.0481872558594,26.238866806030277,60.18950271606445,88.89680480957031,137.77622985839844,111.89849853515624,16.384647369384766,89.13923645019531,200.9900054931641,513.2377319335938
2024-03-26,169.09815979003906,151.328369140625,494.9259948730469,192.3438873291016,474.8049926757813,26.391916275024418,60.129878997802734,88.59288024902344,137.8238525390625,111.05914306640624,16.44207000732422,89.38705444335938,201.63999938964844,512.289794921875
2024-03-27,172.68515014648438,151.56777954101562,492.8999328613281,196.0683135986328,475.9501953125,26.57366752624512,60.33856201171875,89.71057891845703,143.0413818359375,112.21082305908205,16.79617691040039,90.27359008789062,203.1000061035156,516.5950317382812
2024-03-28,170.86175537109375,151.88699340820312,484.6360168457031,196.8348388671875,479.5550231933594,26.54496955871582,59.79201126098633,89.60272979736328,139.39627075195312,113.45034790039062,16.844030380249023,90.19733428955078,205.72000122070312,516.4962768554688
2024-04-01,169.4169921875,156.11660766601562,490.3948059082031,195.4983673095703,476.3982849121094,26.51626968383789,59.623085021972656,89.739990234375,139.2612762451172,114.18234252929688,16.74832534790039,88.51596069335938,207.82000732421875,515.59765625
2024-04-02,168.23126220703125,155.48814392089844,496.4031066894531,195.41973876953125,477.4239501953125,26.35365104675293,58.788360595703125,87.55360412597656,135.7963409423828,116.4173812866211,16.767465591430664,88.02819061279297,210.88999938964844,512.3195190429688
2024-04-03,169.03834533691406,155.98692321777344,505.7548828125,194.8694305419922,475.4224243164063,26.037982940673828,59.0566635131836,86.96533966064453,144.90115356445312,116.43690490722656,16.853601455688477,88.0090560913086,212.7400054931641,512.8822631835938
2024-04-04,168.21136474609375,151.56777954101562,509.9267883300781,193.38677978515625,467.8043518066406,25.492734909057617,59.126224517822266,85.90646362304688,146.6624298095703,116.8468246459961,16.81531524658203,88.64029693603516,211.5200042724609,506.6219787597656
2024-04-05,168.96859741210938,153.56288146972656,526.3148193359375,195.16595458984372,475.1535034179687,25.502302169799805,59.47402572631836,85.1515121459961,155.52845764160156,118.4572296142578,16.67176055908203,87.40650939941406,215.13999938964844,511.9146118164063
2024-04-08,167.84268188476562,155.7574920654297,518.2406005859375,196.1840362548828,477.5068664550781,25.4257755279541,59.40446472167969,85.48487091064453,155.74737548828125,117.65691375732422,16.509061813354492,87.3969497680664,216.47999572753903,512.2009887695312
2024-04-09,169.0582733154297,157.75259399414062,515.8951416015625,194.86941528320312,470.8356323242187,25.617090225219727,59.41440582275391,85.42604064941406,153.72738647460938,118.27178955078124,16.43902587890625,88.20990753173828,217.6699981689453,512.79345703125
2024-04-10,167.1750946044922,157.27377319335938,518.8194580078125,193.2088623046875,467.8540649414063,25.177064895629883,60.23918533325195,84.26911163330078,155.83692932128906,119.26730346679688,16.273662567138672,86.28752136230469,215.6100006103516,507.6587524414063
2024-04-11,174.40892028808594,160.39608764648438,522.1429443359375,193.1693115234375,466.9964599609375,25.196197509765625,59.712520599365234,84.22010040283203,156.90162658691406,118.86714935302734,15.97212028503418,85.8953857421875,219.8000030517578,511.4900207519531
2024-04-12,175.91348266601562,158.80001831054688,510.9048461914063,180.675537109375,464.07464599609375,24.737041473388672,59.762203216552734,83.2592544555664,154.14041137695312,117.48123168945312,15.865119934082031,86.3544692993164,216.88999938964844,504.4298706054688
2024-04-15,172.0673828125,155.94703674316406,499.257568359375,180.77438354492188,458.5003662109375,24.78487014770508,59.553524017333984,83.5043716430664,153.21334838867188,116.80778503417967,15.797029495239258,85.01548767089844,220.9499969482422,498.11029052734375
2024-04-16,168.7693328857422,155.61782836914062,498.7884521484375,178.7085723876953,458.5302429199219,24.574424743652344,59.464088439941406,83.7494888305664,156.263671875,115.84153747558594,15.651121139526367,84.45120239257812,221.22000122070312,497.2018432617188
2024-04-17,167.39430236816406,156.4956817626953,493.2093505859375,177.99688720703125,458.8693237304687,24.316146850585938,59.2752799987793,84.52403259277344,155.17710876464844,115.7829818725586,15.680303573608398,85.38849639892578,219.58999633789065,494.25927734375
2024-04-18,166.43775939941406,157.07424926757812,500.8244934082031,179.15335083007812,453.4246215820313,24.287450790405277,58.88772964477539,85.4456558227539,152.4557647705078,115.67561340332033,15.88457489013672,84.95811462402344,220.33999633789065,493.24224853515625
2024-04-19,164.40512084960938,155.33851623535156,480.1347961425781,183.65072631835932,454.1127014160156,24.870962142944336,59.156036376953125,85.89665985107422,147.59121704101562,117.00298309326172,16.059663772583008,85.26414489746094,221.02999877929688,488.9370422363281
2024-04-22,165.24208068847656,157.56304931640625,480.7935180664063,187.21896362304688,455.4688720703125,25.119672775268555,59.762203216552734,86.45551300048828,149.71446228027344,117.66666412353516,15.865119934082031,85.12068939208984,215.57000732421875,493.4397583007813
2024-04-23,166.29824829101562,159.52822875976562,495.1355895996094,189.91737365722656,461.5218505859375,25.177064895629883,58.71879959106445,86.15157318115234,162.10511779785156,118.12538146972656,16.049938201904297,85.1493911743164,215.0399932861328,499.2952270507813
2024-04-24,168.41062927246094,160.70533752441406,492.5406494140625,190.8465118408203,461.2027587890625,25.12923812866211,59.493900299072266,87.01435852050781,158.68597412109375,118.14490509033205,16.351482391357422,84.54685974121094,214.63999938964844,499.0582580566406
2024-04-25,169.27749633789062,157.56304931640625,440.5219421386719,191.13314819335932,460.8138427734375,24.1630973815918,59.831764221191406,86.12215423583984,160.74940490722656,118.41818237304688,16.12775421142578,83.9538803100586,215.9199981689453,497.1623229980469
2024-04-26,168.6896209716797,173.26449584960938,442.4282531738281,191.25177001953125,461.12298583984375,24.297016143798828,59.78207778930664,86.52413940429688,161.8359832763672,115.12905883789062,16.29311752319336,84.39383697509766,216.6199951171875,501.8724670410156
2024-04-29,172.8744659423828,167.48867797851562,431.7789611816406,191.044189453125,455.8179016113281,24.526594161987305,59.861576080322266,86.60257720947266,163.9691925048828,116.76874542236328,16.555753707885742,85.10157012939453,216.17999267578125,503.6498107910156
2024-04-30,169.71591186523438,164.23666381835938,429.3337707519531,189.5220184326172,449.9344482421875,24.507463455200195,58.97716522216797,86.75944519042969,161.30764770507812,115.4316177368164,16.429298400878906,84.37469482421875,211.8699951171875,495.6713562011719
2024-05-01,168.6896209716797,165.1643829345703,438.3362121582031,189.640625,440.830078125,25.999719619750977,58.48030471801758,72.98422241210938,159.19436645507812,113.2453842163086,16.458480834960938,84.99662780761719,213.7899932861328,494.0617980957031
2024-05-02,172.40615844726562,168.0473175048828,440.82135009765625,189.4429473876953,439.86279296875,26.497142791748047,59.334903717041016,73.46463012695312,162.12506103515625,113.45034790039062,16.361207962036133,85.36133575439453,213.1300048828125,498.6830139160156
2024-05-03,182.7188415527344,168.57601928710938,451.0813598632813,188.3062286376953,442.3358154296875,26.60236167907715,59.4442138671875,71.68022918701172,163.59039306640625,113.21610260009766,16.390392303466797,86.22511291503906,212.9600067138672,504.8643493652344
2024-05-06,181.0548858642578,169.41395568847656,464.7747192382813,189.7790069580078,448.1095581054687,26.937164306640625,59.493900299072266,71.47433471679688,167.43817138671875,113.9480972290039,16.52657127380371,86.56103515625,215.1999969482422,510.0779113769531
2024-05-07,181.74237060546875,172.5562286376953,467.3297424316406,189.53189086914065,451.7892150878906,26.56410026550293,60.23918533325195,71.08216094970703,168.24562072753906,113.38201904296876,16.614116668701172,87.08889770507812,214.2100067138672,510.6407775878906
2024-05-08,182.08116149902344,170.74069213867188,471.6812438964844,193.38677978515625,453.4944152832031,27.042388916015625,59.921199798583984,72.0625991821289,168.3253631591797,113.3625030517578,16.643299102783203,86.56103515625,213.5800018310547,510.6902160644531
2024-05-09,183.90457153320312,171.15966796875,474.4957885742187,195.2153778076172,454.21240234375,27.362817764282227,60.268211364746094,74.19996643066406,166.96966552734375,115.59754943847656,16.711389541625977,86.98333740234375,216.9499969482422,513.6326904296875
2024-05-10,182.63742065429688,169.87281799316406,475.2742614746094,196.47068786621097,455.6982421875,27.19775009155273,60.30809783935547,74.6215591430664,162.8627166748047,115.12905883789062,16.701662063598633,86.49385833740234,218.7100067138672,514.2943725585938
2024-05-13,185.8601531982422,170.4813232421875,467.1001892089844,196.43115234375,456.4760437011719,27.615280151367188,60.23829650878906,74.690185546875,158.9949951171875,115.08026885986328,16.789207458496094,86.71459197998047,216.25999450683597,514.3634643554688
2024-05-14,187.0075531005859,171.50880432128906,470.9327392578125,199.17898559570312,452.926025390625,27.55702018737793,59.68986129760742,74.15093994140625,159.49339294433594,115.77884674072266,16.828115463256836,87.2040786743164,218.08999633789065,516.7234497070312
2024-05-15,189.2924041748047,173.4540252685547,480.6038818359375,199.7720489501953,456.7153930664063,27.9842586517334,59.65994644165039,74.21956634521484,162.95242309570312,116.67423248291016,16.857295989990234,88.39418029785156,220.88999938964844,523.1220092773438
2024-05-16,189.41212463378903,175.00022888183594,472.31005859375,200.1278839111328,457.5829162597656,28.08135986328125,63.828067779541016,74.36775970458984,160.60986328125,115.97563934326172,16.828115463256836,88.30780792236328,220.02999877929688,522.0455932617188
2024-05-17,189.4420623779297,176.8556671142578,470.99261474609375,202.4210357666016,458.97900390625,27.80948066711425,64.46624755859375,76.90660858154297,159.38375854492188,117.71719360351562,16.92538833618164,87.7127456665039,223.66000366210935,522.7962036132812
2024-05-20,190.6094207763672,178.02281188964844,467.9285583496094,193.3175811767578,458.3706970214844,27.70267105102539,63.9975814819336,76.60037231445312,158.7756805419922,116.76277923583984,17.042116165161133,87.45361328125,224.55999755859372,523.3984375
2024-05-21,191.91647338867188,179.10015869140625,463.7267456054687,197.2120056152344,457.8122863769531,27.73179817199707,64.96482849121094,76.77819061279297,160.49024963378906,115.95596313476562,16.798934936523438,87.90470123291016,224.22999572753903,524.6820678710938
2024-05-22,190.46974182128903,177.56393432617188,466.8706359863281,196.01600646972656,455.239501953125,28.741641998291016,65.06453704833984,79.74182891845703,160.30084228515625,113.62405395507812,17.022661209106445,88.01026916503906,220.1100006103516,523.17138671875
2024-05-23,186.45880126953125,174.63113403320312,464.87451171875,194.64208984375,449.94439697265625,27.858030319213867,64.65570068359375,77.36103057861328,164.73675537109375,111.68571472167967,16.993478775024414,87.44402313232422,215.72000122070312,519.3499755859375
2024-05-24,189.5518035888672,175.8980255126953,477.2903442382813,198.38824462890625,449.91448974609375,28.042518615722656,65.19416809082031,77.91425323486328,166.80020141601562,111.59715270996094,17.022661209106445,87.7031478881836,215.9199981689453,522.7861938476562
2024-05-28,189.56179809570312,177.58389282226562,478.987060546875,197.19223022460932,443.8316040039063,27.479337692260746,64.85514068603516,76.54109954833984,168.02630615234375,113.0140151977539,16.798934936523438,86.44587707519531,218.19000244140625,523.151611328125
2024-05-29,189.86111450195312,176.96539306640625,473.4378356933594,195.8183135986328,441.2289123535156,27.01325798034668,64.7354736328125,75.94837188720703,163.08201599121094,111.80377960205078,16.653026580810547,85.39971923828125,216.16000366210935,519.4881591796875
2024-05-30,190.85885620117188,173.1348114013672,466.14202880859375,197.0242156982422,440.8599548339844,27.38224029541016,64.70555877685547,77.80558776855469,163.6800994873047,112.15798950195312,17.139389038085938,86.22511291503906,216.57000732421875,516.0421142578125
2024-05-31,191.8166961669922,173.53382873535156,465.9224853515625,200.2860412597656,445.8160400390625,27.82889938354492,65.57308959960938,79.24789428710938,164.61712646484375,115.3754425048828,17.723020553588867,86.81058502197266,215.3000030517578,520.7422485351562
2024-06-03,193.59266662597656,173.99270629882812,476.5617370605469,199.48541259765625,441.9468994140625,28.460050582885746,65.63291931152344,81.08535766601562,160.94879150390625,112.61060333251952,17.518749237060547,88.21468353271484,217.22000122070312,521.1668701171875
2024-06-04,193.91195678710932,174.7009735107422,476.0627136230469,196.85617065429688,443.5224609375,28.63483238220215,66.41069793701172,81.78675079345703,160.86904907226562,110.85920715332033,17.849475860595703,89.24514770507812,215.2700042724609,521.7494506835938
2024-06-05,195.42852783203125,176.63623046875,494.09759521484375,194.9781494140625,445.40716552734375,28.69308853149414,66.89930725097656,80.17650604248047,162.0353240966797,111.30198669433594,17.800840377807617,89.90001678466797,217.82000732421875,527.9505004882812
2024-06-06,194.04165649414065,177.91307067871094,492.8001403808594,194.6322021484375,447.4215087890625,27.96483993530273,66.95913696289062,80.48274230957031,160.11143493652344,112.13832092285156,17.781387329101562,89.76520538330078,219.42999267578125,527.9406127929688
2024-06-07,196.4462432861328,175.51895141601562,492.0016784667969,197.6370391845703,448.5284118652344,27.751220703125,65.6927490234375,80.44322967529297,161.40731811523438,110.93792724609376,17.60629653930664,88.1183853149414,211.6000061035156,527.298828125
2024-06-10,192.68472290039065,176.39779663085938,501.6229553222656,197.3009796142578,447.9898986816406,27.256010055541992,66.7696762084961,80.61116790771484,162.32440185546875,111.26261901855467,17.37284278869629,87.53092956542969,213.5399932861328,528.927978515625
2024-06-11,206.68310546875,177.95574951171875,506.48345947265625,192.11170959472656,447.7804870605469,27.2171688079834,66.54033660888672,78.92189025878906,159.85227966308594,110.36724853515624,17.37284278869629,88.43618774414062,214.1499938964844,530.2018432617188
2024-06-12,212.58978271484372,179.32394409179688,507.8507995605469,189.31443786621097,441.7574462890625,26.85789680480957,66.12152099609375,78.4180679321289,160.5400848388672,109.14717864990234,17.129661560058594,89.10070037841797,214.72000122070312,534.556396484375
2024-06-13,213.75714111328125,176.50765991210938,503.1200256347656,191.41981506347656,443.7518310546875,26.848188400268555,66.51041412353516,79.26764678955078,155.19705200195312,108.271484375,17.188024520874023,90.41041564941406,212.97000122070312,535.6326904296875
2024-06-14,212.01107788085932,178.135498046875,503.6795043945313,191.5384063720703,443.38287353515625,26.73166847229004,66.82950592041016,78.68480682373047,155.38645935058594,107.3564224243164,17.158842086791992,91.17121887207033,215.72999572753903,535.9586181640625
2024-06-17,216.18165588378903,178.5449676513672,506.1471557617187,192.7245330810547,446.8530883789063,26.19761657714844,67.2283706665039,80.34444427490234,162.71316528320312,106.61848449707033,17.188024520874023,90.26597595214844,214.6100006103516,540.2243041992188
2024-06-18,213.8070068359375,176.21803283691406,499.0139465332031,194.72116088867188,448.8474731445313,26.615148544311523,67.4078598022461,79.2281265258789,164.4476776123047,107.62208557128906,17.55765724182129,91.09417724609376,215.47000122070312,541.5968017578125
2024-06-20,209.20741271972656,177.47637939453125,501.2218627929687,196.3718414306641,451.2407531738281,26.93557929992676,67.81669616699219,78.75395202636719,164.4775848388672,109.94416046142578,17.61602210998535,90.48747253417967,218.16000366210935,540.1255493164062
2024-06-21,207.02235412597656,180.02301025390625,494.3084411621094,194.02926635742188,453.57421875,26.93557929992676,67.71697998046875,78.941650390625,163.72000122070312,108.97991180419922,17.89811134338379,90.48747253417967,214.77999877929688,539.4014892578125
2024-06-24,207.67086791992188,180.5523223876953,498.43450927734375,196.57940673828125,455.6782836914063,27.537599563598636,68.70417022705078,78.76383209228516,160.0316925048828,112.21703338623048,18.141292572021484,90.85342407226562,215.6300048828125,537.6480102539062
2024-06-25,208.59878540039065,185.3360290527344,510.1133728027344,195.77879333496097,454.3719482421875,27.17832946777344,67.2283706665039,78.31928253173828,159.22425842285156,112.53189086914062,18.18020248413086,91.00750732421876,214.55999755859372,539.7184448242188
2024-06-26,212.7693634033203,185.1262969970703,512.6309814453125,195.14617919921875,451.1111450195313,26.62485885620117,68.09590148925781,78.19086456298828,160.13137817382812,112.57125091552734,18.248292922973636,89.70740509033203,212.5800018310547,540.3920288085938
2024-06-27,213.61746215820312,186.6143493652344,519.0648193359375,196.86605834960932,441.5081481933594,26.993839263916016,67.68706512451172,78.27976989746094,159.9918212890625,113.05337524414062,18.23856544494629,90.06372833251953,214.9900054931641,541.2439575195312
2024-06-28,210.1452789306641,183.17886352539065,503.7394409179687,199.9203186035156,439.922607421875,27.16861724853516,67.51754760742188,76.90660858154297,158.46665954589844,113.26983642578124,18.5887451171875,88.38803100585938,215.00999450683597,539.1140747070312
2024-07-01,216.261474609375,184.2474670410156,504.1990051269531,203.0734100341797,436.3825378417969,27.40165901184082,67.2882080078125,76.1953353881836,158.46665954589844,113.1124038696289,18.462291717529297,86.86256408691406,215.57000732421875,540.2236328125
2024-07-02,219.77354431152344,186.3646697998047,509.014404296875,206.4143218994141,443.4028015136719,27.022968292236328,67.87652587890625,75.89897918701172,160.93881225585938,112.34494018554688,18.306655883789062,87.53882598876953,215.55999755859372,543.8591918945312
2024-07-03,221.0506591796875,187.1436462402344,509.4739685058594,206.27593994140625,446.92291259765625,26.8967399597168,68.04603576660156,75.33588409423828,162.48391723632812,112.9156265258789,18.17047500610352,88.68850708007812,217.9900054931641,546.2862548828125
2024-07-05,225.8298492431641,191.7076416015625,539.3953857421875,203.5426788330078,448.2292175292969,27.236587524414062,69.84092712402344,75.12842559814453,159.9918212890625,111.54796600341795,18.258020401000977,89.42274475097656,220.92999267578125,549.4364013671875
2024-07-08,227.30653381347656,190.2295837402344,528.8155517578125,203.9203643798828,444.98834228515625,27.12006950378418,69.48194885253906,73.6663589477539,163.01222229003906,110.37709045410156,18.29692840576172,89.61595916748047,218.19000244140625,550.0703735351562
2024-07-09,228.16458129882807,190.18963623046875,529.494873046875,206.36538696289065,444.1095275878906,26.916156768798828,69.70132446289062,71.86841583251953,162.61349487304688,109.15701293945312,18.28720092773437,89.21986389160156,218.55999755859372,550.6053466796875
2024-07-10,232.4548797607422,192.40672302246097,534.180419921875,206.53436279296875,433.064208984375,27.527889251708984,70.20987701416016,71.6313247680664,165.17535400390625,110.12126922607422,18.50243759155273,89.50001525878906,219.3600006103516,556.0536499023438
2024-07-11,227.05709838867188,187.05377197265625,512.2113647460938,206.1864776611328,435.8405151367187,27.82889938354492,69.60160827636719,72.41175079345703,161.68052673339844,111.42989349365234,18.62091827392578,90.36952209472656,223.25,551.2590942382812
2024-07-12,230.0203857421875,186.53445434570312,498.39453125,203.6917724609375,439.5256042480469,28.08135986328125,69.04319763183594,73.92321014404297,158.7748260498047,111.4495620727539,18.57155036926269,90.75596618652344,223.1100006103516,554.7361450195312
2024-07-15,233.87168884277344,187.94259643554688,495.6871337890625,208.7706451416016,443.4104614257813,28.256141662597656,69.41214752197266,71.86841583251953,159.3240203857422,113.35839080810548,18.344467163085938,89.71257019042969,223.8300018310547,556.26171875
2024-07-16,234.2907562255859,185.25613403320312,489.3232116699219,212.3188934326172,442.9410705566406,28.644540786743164,69.79106140136719,74.594970703125,162.60916137695312,114.175048828125,18.61104393005371,90.9781723022461,228.2899932861328,559.560546875
2024-07-17,228.3641357421875,182.37991333007807,461.5496826171875,215.54910278320312,450.5609436035156,29.15917205810547,70.82810974121094,74.18994140625,156.42831420898438,115.74933624267578,18.9171142578125,90.99749755859376,227.22999572753903,551.7147827148438
2024-07-18,223.6747131347656,178.98439025878906,475.396484375,208.70106506347656,448.1241760253906,28.84844970703125,70.61870574951172,73.29096984863281,158.55516052246094,116.89069366455078,18.90723991394043,90.30188751220705,225.77999877929688,547.4749145507812
2024-07-19,223.8044281005859,179.15415954589844,476.3356018066406,208.50228881835932,443.1008605957031,29.10091209411621,70.54890441894531,78.30940246582031,158.89466857910156,114.2045669555664,18.87762260437012,89.77052307128906,221.72999572753903,543.83935546875
2024-07-22,223.45523071289065,183.1089630126953,486.9354553222656,208.9992523193359,447.34521484375,28.741641998291016,70.1799545288086,75.62236785888672,162.519287109375,113.41741943359376,18.31484603881836,89.50968170166016,221.8000030517578,549.4462890625
2024-07-23,224.5028533935547,183.358642578125,488.2242431640625,209.0489501953125,441.1334838867187,28.644540786743164,70.4491958618164,75.33588409423828,171.74562072753906,111.58732604980467,17.979156494140625,89.38409423828125,222.5800018310547,548.58447265625
2024-07-24,218.04742431640625,174.14076232910156,460.8303527832031,207.3195343017578,431.8757934570313,29.110620498657227,70.39933013916016,73.7750244140625,162.0599822998047,113.16160583496094,18.9171142578125,88.4179916381836,221.8000030517578,536.1521606445312
2024-07-25,216.99981689453125,168.9376220703125,452.9778747558594,207.3990478515625,429.0295715332031,29.30482292175293,69.82097625732422,72.43151092529297,164.4264678955078,115.54270935058594,18.946733474731445,89.14256286621094,218.3300018310547,533.3585815429688
2024-07-26,217.46875,168.45823669433594,465.2561645507813,210.9473114013672,437.5981750488281,30.299373626708984,69.5816650390625,73.15266418457031,169.55886840820312,115.44432067871094,18.76901626586914,89.83816528320312,220.6300048828125,539.33203125
2024-07-29,217.7481231689453,170.905029296875,465.2661437988281,209.56578063964844,440.7140197753906,30.25013732910156,69.422119140625,74.2887191772461,169.6187744140625,114.2340850830078,18.660409927368164,90.32120513916016,220.32000732421875,539.6490478515625
2024-07-30,218.30685424804688,171.63406372070312,462.74853515625,213.8793487548828,446.85589599609375,30.90989112854004,68.99333953857422,75.01976013183594,167.23231506347656,116.27081298828124,18.73939514160156,90.66902160644533,222.5200042724609,536.9149780273438
2024-07-31,221.5794677734375,172.92236328125,474.37744140625,211.50390625,463.0942687988281,30.072893142700195,68.44490051269531,77.0053939819336,169.9482879638672,116.6840591430664,19.00597381591797,91.59647369384766,226.5500030517578,545.6422729492188
2024-08-01,217.8678436279297,172.22328186035156,497.2655944824219,206.69338989257807,461.7960205078125,30.181209564208984,69.59163665771484,74.19982147216797,169.49896240234375,115.07041931152344,19.22318458557129,92.38646697998048,225.7700042724609,537.9154663085938
2024-08-02,219.3644561767578,168.17860412597656,487.6747741699219,197.92709350585932,461.4065246582031,29.964574813842773,68.26541137695312,74.96047973632812,160.04295349121094,115.00154876708984,19.124452590942383,95.26537322998048,225.33999633789065,527.900390625
2024-08-05,208.79833984375,160.42881774902344,475.276611328125,193.71292114257807,441.4131164550781,29.285127639770508,67.39788818359375,72.9649658203125,158.12579345703125,112.92546081542967,18.6702823638916,95.76942443847656,222.47999572753903,512.5259399414062
2024-08-06,206.7629241943359,160.3289337158203,493.61907958984375,199.11978149414065,447.7047424316406,28.871551513671875,67.5474624633789,74.4566650390625,162.03001403808594,112.32527160644533,18.946733474731445,93.62721252441406,220.6999969482422,517.251220703125
2024-08-07,209.34710693359372,160.53866577148438,488.45404052734375,199.17941284179688,449.2427062988281,28.408740997314453,66.7198257446289,74.37763977050781,161.89022827148438,113.82083892822266,19.00597381591797,92.96807861328124,220.5500030517578,513.7939453125
2024-08-08,212.8292236328125,163.62460327148438,509.144287109375,202.8171234130859,454.9750671386719,28.32011604309082,67.46768951416016,74.83206176757812,165.36508178710938,115.9953155517578,19.154071807861328,92.39617919921876,224.00999450683597,525.6715087890625
2024-08-09,215.7526397705078,165.17257690429688,517.2765502929688,204.54653930664065,456.1734924316406,28.113327026367188,67.7568588256836,74.1800537109375,166.88282775878906,116.93988800048828,19.2429313659668,93.30733489990234,224.55999755859372,527.989501953125
2024-08-12,217.2909393310547,163.73446655273438,515.458251953125,204.9341583251953,455.0849304199219,28.01485824584961,68.50473022460938,76.09654998779297,166.6232147216797,117.08747863769533,19.183691024780277,93.64659881591795,228.41000366210935,528.266845703125
2024-08-13,221.02682495117188,165.71185302734375,528.0362548828125,206.6735076904297,458.7500305175781,28.408740997314453,67.93634796142578,94.73788452148438,167.71160888671875,115.9657974243164,19.272550582885746,94.29605102539062,228.05999755859372,536.95458984375
2024-08-14,221.4763336181641,161.81698608398438,526.2579956054688,208.95950317382807,459.5490112304687,28.43828010559082,68.46485137939453,92.76212310791016,167.7016143798828,117.03827667236328,19.38115501403809,94.88733673095705,226.1999969482422,538.6485595703125
2024-08-15,224.47303771972656,162.9554901123047,536.81787109375,210.2615203857422,468.087646484375,28.2708797454834,72.97200012207031,93.73023986816406,169.6886749267578,117.76233673095705,18.84800148010254,94.1215591430664,226.91000366210935,547.8811645507812
2024-08-16,225.80157470703125,164.5234375,526.9172973632812,212.66677856445312,468.2574157714844,27.867151260375977,73.44999694824219,94.2271728515625,169.16943359375,117.20689392089844,19.09483337402344,94.45113372802734,231.9900054931641,549.1094970703125
2024-08-19,225.64175415039065,168.17860412597656,528.7755737304688,214.13775634765625,466.3599548339844,28.35950469970703,73.72000122070312,91.73260498046876,170.6772003173828,117.56395721435548,19.2429313659668,94.88733673095705,231.6100006103516,554.3597412109375
2024-08-20,226.2610626220703,168.73788452148438,526.2279663085938,213.2134246826172,468.4971008300781,28.45797538757324,74.54000091552734,92.43824005126952,169.7386016845703,113.64615631103516,19.2429313659668,95.6434097290039,232.4600067138672,553.458251953125
2024-08-21,226.15118408203125,167.40963745117188,534.64990234375,213.29293823242188,467.3785705566406,28.585987091064453,75.23999786376953,92.20964813232422,170.94680786132812,112.92210388183594,19.29229736328125,95.70157623291016,232.1499938964844,555.3602905273438
2024-08-22,224.2832489013672,165.27244567871094,531.4230346679688,215.31057739257807,468.197509765625,28.33981132507324,75.58000183105469,91.86180114746094,169.42904663085938,113.79493713378906,19.262678146362305,94.75162506103516,229.3699951171875,551.0015258789062
2024-08-23,226.5906982421875,167.2098846435547,527.4967651367188,216.98033142089844,465.8206481933594,28.45797538757324,75.69999694824219,93.44202423095705,170.96678161621094,115.3719711303711,19.479887008666992,95.37200164794922,232.0200042724609,556.8561401367188
2024-08-26,226.93032836914065,167.709228515625,520.6233520507812,217.8350982666016,468.0177612304687,28.47766876220703,76.02999877929688,95.04212951660156,170.96678161621094,117.8416748046875,19.50950813293457,95.1296615600586,232.75999450683597,555.5286865234375
2024-08-27,227.7793884277344,166.16127014160156,518.605224609375,218.8389434814453,474.3592834472656,28.37919807434082,76.12999725341797,97.9938735961914,170.73712158203125,116.72088623046876,19.400901794433597,94.96487426757812,233.38999938964844,556.2914428710938
2024-08-28,226.2410888671875,164.2837371826172,516.2874755859375,219.9421844482422,471.1735229492187,28.31027030944824,76.08000183105469,94.71416473388672,171.61581420898438,115.57034301757812,19.56874656677246,94.84855651855467,231.75,553.06201171875
2024-08-29,229.53746032714844,163.1851806640625,517.72607421875,220.85659790039065,480.1615905761719,28.28072738647461,76.41999816894531,94.27686309814452,173.3232879638672,117.16722106933594,19.50950813293457,94.53839111328124,232.9499969482422,553.1115112304688
2024-08-30,228.7483367919922,164.8929443359375,520.8131713867188,223.43081665039065,482.6982116699219,28.566293716430664,77.2300033569336,93.9886474609375,174.36175537109375,116.97877502441406,19.64773368835449,93.53028869628906,231.2899932861328,558.3915405273438
2024-09-03,222.52517700195312,158.4014892578125,511.2722473144531,218.95822143554688,481.4798278808594,27.867151260375977,77.16999816894531,92.60719299316406,163.96714782714844,114.52890014648438,20.1710147857666,95.05998992919922,230.2899932861328,546.9004516601562
2024-09-04,220.6072998046875,157.6025390625,512.2512817382812,217.99412536621097,482.4985046386719,27.955774307250977,77.23999786376953,91.76242065429688,166.1139678955078,113.1303939819336,20.309240341186523,96.28531646728516,230.42999267578125,545.781005859375
2024-09-05,222.13560485839844,158.39151000976562,516.3673706054688,216.3044891357422,476.7261352539063,28.07394027709961,76.95999908447266,90.99714660644533,163.60768127441406,112.24764251708984,20.38822555541992,96.82990264892578,232.3500061035156,544.4535522460938
2024-09-06,220.57733154296875,151.9300079345703,499.7931823730469,211.1659698486328,475.48779296875,28.1231746673584,76.63999938964844,90.58967590332033,160.99154663085938,111.72196197509766,20.70416831970215,96.82017517089844,230.6300048828125,535.290283203125
2024-09-09,220.6672210693359,149.5399932861328,504.3088989257813,215.48947143554688,486.4432373046875,28.960174560546875,77.33999633789062,91.64315795898438,165.10546875,114.0726547241211,21.22745132446289,97.23834228515624,231.6000061035156,541.2835083007812
2024-09-10,219.86810302734372,150.00999450683594,504.3088989257813,204.30799865722656,487.3719787597656,29.285127639770508,78.80999755859375,92.76620483398438,166.73304748535156,109.91680145263672,21.43478775024414,97.9190902709961,232.6199951171875,543.6412353515625
2024-09-11,222.4152984619141,152.14999389648438,511.3421630859375,205.9678192138672,487.5317687988281,29.20635032653809,78.83999633789062,97.59632873535156,166.10398864746094,108.82576751708984,21.17808532714844,97.84129333496094,232.25,549.2184448242188
2024-09-12,222.52517700195312,155.5399932861328,525.0990600585938,205.3416748046875,491.45654296875,28.713998794555664,79.66000366210938,98.66969299316406,169.4490203857422,110.3234634399414,21.316308975219727,97.38422393798828,236.3300018310547,553.8446655273438
2024-09-13,222.25547790527344,158.3699951171875,524.1199951171875,203.0755615234375,492.7048950195313,28.82231712341309,80.5999984741211,97.96405792236328,178.01634216308594,110.24411010742188,21.36567497253418,97.64679718017578,238.67999267578125,556.7373046875
2024-09-16,216.082275390625,158.99000549316406,533.280029296875,206.593994140625,497.0491333007813,29.61008071899414,80.55999755859375,95.71794891357422,181.17166137695312,111.79139709472656,21.987689971923828,98.54147338867188,238.66000366210935,557.5594482421875
2024-09-17,216.55174255371097,160.27999877929688,536.3200073242188,207.97552490234372,500.3247680664063,29.373750686645508,78.5999984741211,95.84715270996094,180.0633087158203,113.2494125366211,21.50390243530273,98.06495666503906,237.33999633789065,557.7872924804688
2024-09-18,220.4474639892578,160.80999755859375,537.9500122070312,206.2659912109375,494.1030578613281,29.29497528076172,79.02999877929688,95.52912139892578,183.2785491943359,113.64615631103516,21.45453453063965,96.84934997558594,235.50999450683597,556.1329956054688
2024-09-19,228.61846923828125,163.24000549316406,559.0999755859375,209.19802856445312,492.3553771972656,29.20635032653809,78.04000091552734,96.30432891845705,185.8846893310547,115.05458068847656,21.08922576904297,96.5284423828125,239.1699981689453,565.623046875
2024-09-20,227.94920349121097,164.63999938964844,561.3499755859375,209.80430603027344,492.0857238769531,28.97002220153809,79.05999755859375,95.45954895019533,187.15280151367188,114.33052825927734,21.266944885253903,96.15889739990234,242.2100067138672,564.6453247070312
2024-09-23,226.2211151123047,163.07000732421875,564.4099731445312,210.15219116210932,496.47991943359375,28.861703872680664,80.33000183105469,94.89305877685548,188.39097595214844,116.40349578857422,21.21757698059082,95.95468139648438,242.67999267578125,566.0562744140625
2024-09-24,227.1201171875,163.63999938964844,563.3300170898438,210.30126953125,486.7628173828125,29.048797607421875,80.66999816894531,93.869384765625,189.3795166015625,116.09602355957033,21.316308975219727,95.93522644042967,246.07000732421875,567.6759643554688
2024-09-25,226.1212158203125,162.99000549316406,568.3099975585938,208.9098052978516,488.8001098632813,28.48751640319824,81.4000015258789,95.03219604492188,189.0500030517578,113.83460235595705,21.28668975830078,95.13778686523438,245.72999572753903,566.4239501953125
2024-09-26,227.26995849609372,163.8300018310547,567.8400268554688,208.50228881835932,490.61767578125,28.52690315246582,79.91999816894531,96.87081909179688,184.58999633789065,111.88066864013672,21.37554931640625,95.36145782470705,246.97999572753903,568.6696166992188
2024-09-27,227.53965759277344,165.2899932861328,567.3599853515625,209.2179107666016,492.9845581054687,28.645069122314453,79.77999877929688,96.7614974975586,185.3800048828125,114.87604522705078,21.62237930297852,95.85742950439452,245.0200042724609,567.8448486328125
2024-09-30,232.7439422607422,167.19000244140625,572.4400024414062,209.57571411132807,493.1443176269531,28.497364044189453,80.75,96.89069366455078,188.5800018310547,116.26464080810548,21.721111297607425,95.40036010742188,243.05999755859372,570.120361328125
2024-10-01,225.96141052246097,168.4199981689453,576.469970703125,205.7789764404297,495.7209167480469,28.23149299621582,81.2699966430664,96.83106994628906,186.3000030517578,118.95255279541016,21.849462509155277,96.0891342163086,245.6100006103516,565.0130004882812
2024-10-02,226.53077697753903,167.30999755859375,572.8099975585938,206.02745056152344,494.9119873046875,28.17241096496582,80.43000030517578,95.9067840576172,186.44000244140625,120.5295867919922,21.90870475769043,95.27940368652344,245.66000366210935,565.2514038085938
2024-10-03,225.42198181152344,167.2100067138672,582.77001953125,203.97999572753903,494.3127746582031,27.906539916992188,80.43000030517578,94.9725570678711,183.88999938964844,121.5809555053711,21.770477294921875,94.3818130493164,245.4900054931641,564.218017578125
2024-10-04,226.55075073242188,168.55999755859375,595.9400024414062,211.22000122070312,497.0391540527344,28.14286994934082,80.94000244140625,95.98628997802734,187.0800018310547,123.81261444091795,21.632253646850582,93.22084045410156,245.0,569.3453369140625
2024-10-07,221.4463653564453,164.38999938964844,584.780029296875,210.92999267578125,490.6476440429687,28.753387451171875,79.0999984741211,95.49929809570312,185.9600067138672,124.34822082519533,21.50390243530273,92.51837921142578,244.1699981689453,564.1981201171875
2024-10-08,225.5218811035156,165.6999969482422,592.8900146484375,210.75,496.3999938964844,28.733692169189453,79.70999908447266,95.61856842041016,187.47000122070312,121.04535675048828,21.582887649536133,92.67447662353516,242.3699951171875,569.5340576171875
2024-10-09,229.2877349853516,163.05999755859375,590.510009765625,213.4199981689453,499.9500122070313,29.72824478149414,80.4000015258789,95.29058837890624,189.27999877929688,121.09494018554688,21.652000427246097,92.14762878417967,241.0500030517578,573.4789428710938
2024-10-10,228.7882843017578,163.17999267578125,583.8300170898438,212.83999633789065,498.0199890136719,28.891244888305664,79.61000061035156,93.30288696289062,188.1199951171875,122.13639068603516,21.21999931335449,91.78665924072266,242.82000732421875,572.475341796875
2024-10-11,227.2999267578125,164.52000427246094,589.9500122070312,222.2899932861328,502.260009765625,28.713998794555664,80.0999984741211,94.9626235961914,191.16000366210932,122.6025619506836,21.3700008392334,91.4159164428711,245.47000122070312,575.9034423828125
2024-10-14,231.0458068847656,166.35000610351562,590.4199829101562,221.47999572753903,506.6600036621094,28.63522148132324,80.29000091552734,94.17748260498048,192.6300048828125,123.06873321533205,21.26000022888184,91.48421478271484,245.07000732421875,580.6133422851562
2024-10-15,233.5930023193359,166.89999389648438,586.27001953125,222.38999938964844,507.2300109863281,28.989717483520508,81.6500015258789,94.45575714111328,190.57000732421875,119.36912536621094,21.51000022888184,92.59642791748048,245.9199981689453,576.1021728515625
2024-10-16,231.5252685546875,166.74000549316406,576.7899780273438,223.63999938964844,514.0700073242188,29.216197967529297,81.22000122070312,94.87317657470705,192.17999267578125,119.67660522460938,21.709999084472656,92.98666381835938,247.1499938964844,578.606201171875
2024-10-17,231.89486694335932,164.50999450683594,576.9299926757812,224.4199981689453,513.760009765625,28.82231712341309,80.88999938964844,94.68434143066406,192.6199951171875,119.36912536621094,21.729999542236328,91.51348114013672,248.6300048828125,578.6558227539062
2024-10-18,234.74172973632807,165.0500030517578,576.469970703125,225.3699951171875,516.3400268554688,28.773080825805664,81.30999755859375,96.24468994140624,192.6100006103516,119.03189849853516,21.850000381469727,91.58177185058594,251.2700042724609,580.8816528320312
2024-10-21,236.22010803222656,165.8000030517578,575.1599731445312,223.0,515.010009765625,28.48751640319824,80.80999755859375,95.85708618164062,194.22999572753903,119.10133361816406,21.65999984741211,89.98175811767578,251.22000122070312,579.927734375
2024-10-22,235.60079956054688,166.82000732421875,582.010009765625,224.1199951171875,513.02001953125,28.39889335632324,82.0199966430664,96.22481536865234,176.66000366210938,119.71627044677734,21.5,90.06954956054688,253.92999267578125,579.6196899414062
2024-10-23,230.5063934326172,164.47999572753906,563.6900024414062,223.41000366210932,513.72998046875,28.418588638305664,83.2699966430664,97.04971313476562,181.69000244140625,119.28977966308594,22.489999771118164,89.82564544677734,250.8699951171875,574.323486328125
2024-10-24,230.31661987304688,164.52999877929688,567.780029296875,224.97999572753903,510.6199951171875,28.20195198059082,83.04000091552734,96.55278778076172,179.74000549316406,118.61531829833984,22.200000762939453,90.40128326416016,252.8000030517578,575.5656127929688
2024-10-25,231.1556854248047,166.99000549316406,573.25,222.30999755859372,507.3599853515625,28.01485824584961,82.51000213623047,96.71179962158205,179.10000610351562,118.5161361694336,21.82999992370605,89.89393615722656,253.32000732421875,575.3668823242188
2024-10-28,233.14349365234372,168.33999633789062,578.1599731445312,225.5,508.2099914550781,28.418588638305664,82.75,97.4174346923828,175.36000061035156,117.93094635009766,22.11000061035156,89.65003204345703,253.3300018310547,577.1455078125
2024-10-29,233.41319274902344,171.13999938964844,593.280029296875,222.8999938964844,506.2799987792969,28.024703979492188,81.69999694824219,96.79131317138672,174.0500030517578,116.32415008544922,22.18000030517578,89.78662109375,256.0899963378906,578.07958984375
2024-10-30,229.8471221923828,176.13999938964844,591.7999877929688,224.41000366210932,513.6900024414062,28.08378791809082,81.38999938964844,96.72174072265624,174.63999938964844,115.73896026611328,22.020000457763672,90.05004119873047,257.5,576.3306884765625
2024-10-31,225.66172790527344,172.69000244140625,567.5800170898438,221.9199981689453,499.5899963378906,27.867151260375977,81.94999694824219,97.09940338134766,171.77999877929688,115.8282241821289,22.540000915527344,90.19638061523438,253.50999450683597,565.0328369140625
2024-11-01,222.66502380371097,172.64999389648438,567.1599731445312,222.94000244140625,508.0799865722656,27.660364151000977,82.19000244140625,98.26221466064452,171.6999969482422,114.0131378173828,22.1200008392334,88.92476654052734,252.47000122070312,567.4176025390625
2024-11-04,221.76600646972656,170.67999267578125,560.6799926757812,219.77999877929688,505.5799865722656,27.335411071777344,82.44999694824219,96.43352508544922,171.75999450683594,117.643310546875,21.920000076293945,90.30504608154295,252.8300018310547,566.1953735351562
2024-11-05,223.2044219970703,171.41000366210938,572.4299926757812,221.4900054931641,505.55999755859375,27.56189346313477,83.68000030517578,96.49314880371094,175.25999450683594,117.9904556274414,22.049999237060547,90.7847137451172,253.3999938964844,573.041748046875
2024-11-06,222.4752349853516,178.3300018310547,572.0499877929688,247.05999755859372,521.1300048828125,26.941530227661133,83.44000244140625,95.48936462402344,180.7599945068359,120.01383209228516,22.31999969482422,88.29826354980469,245.6999969482422,587.2907104492188
2024-11-07,227.22999572753903,182.27999877929688,591.7000122070312,236.3800048828125,517.8800048828125,27.03999900817871,83.8499984741211,95.52912139892578,178.85000610351562,120.16261291503906,22.040000915527344,89.40444946289062,249.6499938964844,591.831787109375
2024-11-08,226.9600067138672,179.86000061035156,589.3400268554688,236.97999572753903,524.760009765625,26.71999931335449,84.83000183105469,96.95033264160156,184.80999755859372,120.12293243408205,22.34000015258789,90.53998565673828,247.9600067138672,594.3953857421875
2024-11-11,224.22999572753903,181.97000122070312,583.1699829101562,239.2899932861328,530.1199951171875,26.239999771118164,84.20999908447266,99.693359375,184.55999755859372,119.48815155029295,22.309999465942383,90.09947204589844,242.13999938964844,594.9617919921875
2024-11-12,224.22999572753903,183.32000732421875,584.8200073242188,239.55999755859372,529.1699829101562,26.190000534057617,84.98999786376953,98.1926498413086,182.63999938964844,119.36912536621094,22.149999618530277,88.74857330322266,240.0500030517578,593.1135864257812
2024-11-13,225.1199951171875,180.4900054931641,580.0,241.16000366210932,521.8800048828125,26.71999931335449,85.5,99.1865005493164,183.55999755859372,120.4800033569336,22.299999237060547,87.90670776367188,237.6300048828125,593.4017333984375
2024-11-14,228.22000122070312,177.35000610351562,577.1599731445312,241.8699951171875,520.4000244140625,26.020000457763672,84.47000122070312,98.62000274658205,178.39999389648438,120.55999755859376,22.25,88.41573333740234,237.00999450683597,589.5860595703125
2024-11-15,225.0,173.88999938964844,554.0800170898438,245.30999755859372,521.8900146484375,24.799999237060547,84.25,98.41999816894533,176.92999267578125,119.30999755859376,22.68000030517578,88.18080139160156,236.58999633789065,582.0343017578125
2024-11-18,228.02000427246097,176.8000030517578,554.4000244140625,245.02999877929688,521.6300048828125,24.86000061035156,84.08000183105469,100.4000015258789,177.52000427246094,120.30999755859376,22.989999771118164,88.3374252319336,241.08999633789065,584.4190673828125
2024-11-19,228.27999877929688,179.5800018310547,561.0900268554688,243.08999633789065,519.4600219726562,25.100000381469727,86.5999984741211,98.3499984741211,177.55999755859375,118.62999725341795,22.729999542236328,88.7877197265625,243.25,586.555419921875
2024-11-20,229.0,177.3300018310547,565.52001953125,240.77999877929688,512.5399780273438,24.940000534057617,87.18000030517578,98.26000213623048,177.97999572753906,120.31999969482422,22.82999992370605,88.50385284423828,244.6199951171875,586.7542114257812
2024-11-21,228.52000427246097,169.24000549316406,563.0900268554688,244.7599945068359,515.0999755859375,25.1299991607666,88.38999938964844,100.05999755859376,178.6999969482422,121.93000030517578,22.979999542236328,88.435302734375,246.66000366210935,589.904052734375
2024-11-22,229.8699951171875,166.57000732421875,559.1400146484375,248.5500030517578,520.8599853515625,25.649999618530277,90.44000244140624,102.5,181.1499938964844,121.79000091552734,23.18000030517578,88.48426818847656,249.83999633789065,591.7323608398438
2024-11-25,232.8699951171875,169.42999267578125,565.1099853515625,250.2899932861328,526.5999755859375,26.170000076293945,89.5,101.83999633789062,180.2100067138672,119.97000122070312,23.100000381469727,90.7749252319336,242.47999572753903,593.7395629882812
2024-11-26,235.05999755859372,170.6199951171875,573.5399780273438,249.97000122070312,528.47998046875,25.770000457763672,91.30999755859376,100.68000030517578,184.6000061035156,117.97000122070312,23.09000015258789,90.42252349853516,242.9499969482422,596.8397827148438
2024-11-27,234.92999267578125,170.82000732421875,569.2000122070312,249.7899932861328,532.3800048828125,25.82999992370605,91.87999725341795,101.51000213623048,180.6000061035156,117.66000366210938,23.270000457763672,91.0490264892578,243.4900054931641,595.0313110351562
2024-11-29,237.3300018310547,170.49000549316406,574.3200073242188,249.72000122070312,532.9400024414062,26.209999084472656,92.5,102.45999908447266,182.16000366210932,117.95999908447266,23.15999984741211,91.9887924194336,245.58999633789065,598.7276611328125
