date,ticker,text,true_label,lexicon_score,classifier_score
2021-07-02,AAPL,Apple shares plunged after cut its full-year guidance,negative,-1.0,-0.8177907360612678
2021-07-02,AAPL,Analysts turn bullish on Apple after record profit margins,positive,1.0,0.8769602525829345
2021-07-07,AAPL,Apple shares plunged after cut its full-year guidance,negative,-1.0,-0.8177907360612678
2021-07-08,AAPL,Apple shares trade flat as it maintained its previous guidance,neutral,0.0,-0.0011909663564374333
2021-07-08,AAPL,Apple shares climbed after raised its full-year guidance,positive,1.0,0.8184575805321709
2021-07-12,AAPL,Apple shares sank after announced layoffs amid cost cuts,negative,-1.0,-0.920221452594127
2021-07-12,AAPL,Apple shares fell after announced layoffs amid cost cuts,negative,-1.0,-0.9327537992508866
2021-07-13,AAPL,Apple drops as it announced layoffs amid cost cuts,negative,-1.0,-0.9497124129098697
2021-07-16,AAPL,Analysts turn cautious on Apple after soft quarterly earnings,negative,0.0,-0.8633732117550904
2021-07-20,AAPL,Analysts turn cautious on Apple after weak profit margins,negative,0.0,-0.8991465310551295
2021-07-20,AAPL,Apple to hold investor call on cash flow,neutral,0.0,-0.0018594071186126444
2021-07-21,AAPL,Apple shares fell after cut its full-year guidance,negative,-1.0,-0.84993558669835
2021-07-21,AAPL,Apple drops as it warned of a demand slowdown,negative,-1.0,-0.9533158452008691
2021-07-22,AAPL,Apple drops as it warned of a demand slowdown,negative,-1.0,-0.9533158452008691
2021-07-23,AAPL,Apple stock surged on resilient quarterly earnings,positive,1.0,0.7685602374785703
2021-07-23,AAPL,"Apple cut its full-year guidance, shares slide",negative,-1.0,-0.9068839458164285
2021-07-26,AAPL,Apple shares surged after raised its full-year guidance,positive,1.0,0.8174855430914125
2021-07-26,AAPL,"Apple announced a share buyback program, shares climb",positive,1.0,0.9444069844023287
2021-07-29,AAPL,"Apple received an analyst upgrade, shares climb",positive,1.0,0.9194317067573098
2021-07-30,AAPL,Apple shares trade flat as it maintained its previous guidance,neutral,0.0,-0.0011909663564374333
2021-07-30,AAPL,Apple shares rallied after received an analyst upgrade,positive,1.0,0.8485046382932053
2021-08-03,AAPL,Apple shares soared after unveiled a new product line to strong demand,positive,1.0,0.9195437623115332
2021-08-06,AAPL,Apple shares trade flat as it presented at an industry conference,neutral,0.0,-0.0016516250217269973
2021-08-10,AAPL,Apple stock climbed on strong guidance,positive,1.0,0.8469119677845526
2021-08-11,AAPL,Apple shares climbed after beat analyst earnings estimates,positive,1.0,0.8437077835193046
2021-08-12,AAPL,"Apple faces a regulatory investigation, shares slide",negative,-1.0,-0.9542716268290757
2021-08-17,AAPL,Apple rallies as it beat analyst earnings estimates,positive,1.0,0.8870673045993982
2021-08-19,AAPL,Apple drops as it faces a regulatory investigation,negative,-1.0,-0.9500416970082133
2021-09-01,AAPL,Apple stock tumbled on disappointing profit margins,negative,0.0,-0.8192331945076725
2021-09-03,AAPL,Apple stock advanced on robust sales,positive,1.0,0.8227767018193426
2021-09-03,AAPL,Apple shares slumped after announced layoffs amid cost cuts,negative,-1.0,-0.9196713366479907
2021-09-08,AAPL,"Apple raised its full-year guidance, shares climb",positive,1.0,0.8815839559108796
2021-09-09,AAPL,Apple stock surged on robust quarterly earnings,positive,1.0,0.8078974700867433
2021-09-16,AAPL,Apple stock plunged on disappointing cash flow,negative,-1.0,-0.7836451400417997
2021-09-16,AAPL,Apple stock sank on worse-than-expected quarterly earnings,negative,-1.0,-0.835372695292914
2021-09-17,AAPL,Apple rallies as it announced a share buyback program,positive,1.0,0.9430135782382483
2021-09-21,AAPL,Apple stock sank on soft quarterly earnings,negative,-1.0,-0.7436056016457783
2021-09-23,AAPL,Analysts turn cautious on Apple after worse-than-expected guidance,negative,0.0,-0.9018107547707248
2021-09-24,AAPL,Apple shares trade flat as it maintained its previous guidance,neutral,0.0,-0.0011909663564374333
2021-09-28,AAPL,Apple rallies as it raised its full-year guidance,positive,1.0,0.903513004984563
2021-09-29,AAPL,"Apple raised its full-year guidance, shares climb",positive,1.0,0.8815839559108796
2021-09-29,AAPL,"Apple reported record quarterly profit, shares climb",positive,1.0,0.9639572270273129
2021-09-30,AAPL,Apple shares soared after announced a share buyback program,positive,1.0,0.9159371002170803
2021-10-01,AAPL,Apple shares trade flat as it held its annual shareholder meeting,neutral,0.0,-0.001827263712095361
2021-10-04,AAPL,Apple rallies as it received an analyst upgrade,positive,1.0,0.8954989283305828
2021-10-07,AAPL,Apple stock advanced on record profit margins,positive,1.0,0.771236243569714
2021-10-08,AAPL,"Apple announced a share buyback program, shares climb",positive,1.0,0.9444069844023287
2021-10-11,AAPL,Apple shares rallied after reported record quarterly profit,positive,1.0,0.9421745727869794
2021-10-12,AAPL,Apple guidance in line with expectations,neutral,0.0,0.0008418519205490131
2021-10-14,AAPL,Analysts turn cautious on Apple after weak cash flow,negative,-1.0,-0.8699517906116285
2021-10-18,AAPL,Apple shares trade flat as it filed its routine quarterly disclosure,neutral,0.0,-0.0003751600856096663
2021-10-20,AAPL,Apple shares trade flat as it announced a change to its board of directors,neutral,0.0,-0.0011888398453580567
2021-10-20,AAPL,Apple rallies as it unveiled a new product line to strong demand,positive,1.0,0.9321223541141459
2021-10-21,AAPL,Analysts turn cautious on Apple after worse-than-expected sales,negative,0.0,-0.918398380927089
2021-10-22,AAPL,Analysts turn cautious on Apple after soft sales,negative,0.0,-0.8907212749768577
2021-10-26,AAPL,Apple shares plunged after cut its full-year guidance,negative,-1.0,-0.8177907360612678
2021-10-27,AAPL,Analysts turn cautious on Apple after troubling guidance,negative,0.0,-0.9090103065929882
2021-10-28,AAPL,Apple stock sank on disappointing guidance,negative,-1.0,-0.8029620230731358
2021-10-29,AAPL,"Apple received an analyst upgrade, shares climb",positive,1.0,0.9194317067573098
2021-11-01,AAPL,Apple rallies as it unveiled a new product line to strong demand,positive,1.0,0.9321223541141459
2021-11-02,AAPL,Apple rallies as it received an analyst upgrade,positive,1.0,0.8954989283305828
2021-11-05,AAPL,"Apple reported record quarterly profit, shares climb",positive,1.0,0.9639572270273129
2021-11-08,AAPL,Analysts turn bullish on Apple after record quarterly earnings,positive,1.0,0.9383150969909279
2021-11-08,AAPL,Apple to hold investor call on profit margins,neutral,1.0,-0.00197081013589347
2021-11-09,AAPL,Apple held its annual shareholder meeting,neutral,0.0,-0.0042547469380051495
2021-11-09,AAPL,Apple shares advanced after raised its full-year guidance,positive,1.0,0.8138748444042203
2021-11-11,AAPL,Apple shares trade flat as it announced a change to its board of directors,neutral,0.0,-0.0011888398453580567
2021-11-11,AAPL,Apple guidance in line with expectations,neutral,0.0,0.0008418519205490131
2021-11-12,AAPL,Apple shares tumbled after cut its full-year guidance,negative,-1.0,-0.8288113927436718
2021-11-18,AAPL,Apple rallies as it beat analyst earnings estimates,positive,1.0,0.8870673045993982
2021-11-19,AAPL,Apple rallies as it unveiled a new product line to strong demand,positive,1.0,0.9321223541141459
2021-11-22,AAPL,Apple stock surged on strong quarterly earnings,positive,1.0,0.8458323940895685
2021-11-29,AAPL,Apple to hold investor call on sales,neutral,0.0,-0.0014050076077729602
2021-11-29,AAPL,"Apple beat analyst earnings estimates, shares climb",positive,1.0,0.9018077547412696
2021-11-30,AAPL,Apple held its annual shareholder meeting,neutral,0.0,-0.0042547469380051495
2021-12-01,AAPL,Analysts turn cautious on Apple after disappointing profit margins,negative,1.0,-0.902934358943416
2021-12-02,AAPL,Apple shares climbed after received an analyst upgrade,positive,1.0,0.8535820301122636
2021-12-06,AAPL,Apple drops as it warned of a demand slowdown,negative,-1.0,-0.9533158452008691
2021-12-08,AAPL,Analysts turn cautious on Apple after weak guidance,negative,-1.0,-0.9041681649492826
2021-12-13,AAPL,Apple shares fell after missed analyst earnings estimates,negative,-1.0,-0.8572271663946556
2021-12-14,AAPL,Analysts turn bullish on Apple after strong revenue,positive,1.0,0.9067344132742063
2021-12-14,AAPL,Apple shares trade flat as it announced a change to its board of directors,neutral,0.0,-0.0011888398453580567
2021-12-16,AAPL,Apple stock rallied on strong quarterly earnings,positive,1.0,0.8782449137083398
2021-12-16,AAPL,Apple stock plunged on disappointing quarterly earnings,negative,-1.0,-0.7790535943476746
2021-12-20,AAPL,Apple stock climbed on strong sales,positive,1.0,0.8617283272061875
2021-12-20,AAPL,Apple shares dropped after missed analyst earnings estimates,negative,-1.0,-0.8762233472337047
2021-12-21,AAPL,Apple announced a change to its board of directors,neutral,0.0,-0.00265317988934842
2021-12-21,AAPL,"Apple unveiled a new product line to strong demand, shares climb",positive,1.0,0.9405566048709924
2021-12-22,AAPL,Apple drops as it announced layoffs amid cost cuts,negative,-1.0,-0.9497124129098697
2021-12-27,AAPL,Apple to hold investor call on profit margins,neutral,1.0,-0.00197081013589347
2021-12-29,AAPL,Apple rallies as it announced a share buyback program,positive,1.0,0.9430135782382483
2021-12-29,AAPL,Analysts turn cautious on Apple after soft cash flow,negative,0.0,-0.8820957987650452
2021-12-30,AAPL,Apple shares surged after beat analyst earnings estimates,positive,1.0,0.8434182297432161
2021-12-30,AAPL,Apple rallies as it beat analyst earnings estimates,positive,1.0,0.8870673045993982
2022-01-03,AAPL,Apple shares fell after cut its full-year guidance,negative,-1.0,-0.84993558669835
2022-01-05,AAPL,Apple maintained its previous guidance,neutral,0.0,-0.002696215418628467
2022-01-07,AAPL,"Apple announced a share buyback program, shares climb",positive,1.0,0.9444069844023287
2022-01-07,AAPL,Analysts turn cautious on Apple after worse-than-expected profit margins,negative,1.0,-0.9017108676163619
2022-01-12,AAPL,"Apple unveiled a new product line to strong demand, shares climb",positive,1.0,0.9405566048709924
2022-01-13,AAPL,Apple shares tumbled after warned of a demand slowdown,negative,-1.0,-0.877405365837618
2022-01-13,AAPL,"Apple raised its full-year guidance, shares climb",positive,1.0,0.8815839559108796
2022-01-14,AAPL,Apple drops as it missed analyst earnings estimates,negative,-1.0,-0.9282800724279999
2022-01-18,AAPL,Apple guidance in line with expectations,neutral,0.0,0.0008418519205490131
2022-01-18,AAPL,Apple to hold investor call on sales,neutral,0.0,-0.0014050076077729602
2022-01-21,AAPL,Apple stock soared on record guidance,positive,1.0,0.7608642905877239
2022-01-21,AAPL,"Apple filed its routine quarterly disclosure, no major stock reaction",neutral,0.0,-0.00038340612260502616
2022-01-25,AAPL,Apple drops as it faces a regulatory investigation,negative,-1.0,-0.9500416970082133
2022-01-26,AAPL,Apple rallies as it received an analyst upgrade,positive,1.0,0.8954989283305828
2022-01-27,AAPL,Apple stock jumped on record cash flow,positive,1.0,0.78876703373618
2022-01-28,AAPL,Apple guidance in line with expectations,neutral,0.0,0.0008418519205490131
2022-01-31,AAPL,Apple rallies as it announced a share buyback program,positive,1.0,0.9430135782382483
2022-02-02,AAPL,Apple drops as it faces a regulatory investigation,negative,-1.0,-0.9500416970082133
2022-02-03,AAPL,Apple to hold investor call on profit margins,neutral,1.0,-0.00197081013589347
2022-02-03,AAPL,Analysts turn cautious on Apple after soft revenue,negative,0.0,-0.8945596657041595
2022-02-04,AAPL,"Apple warned of a demand slowdown, shares slide",negative,-1.0,-0.9457543626002491
2022-02-07,AAPL,Apple shares trade flat as it held its annual shareholder meeting,neutral,0.0,-0.001827263712095361
2022-02-09,AAPL,Apple stock jumped on resilient profit margins,positive,1.0,0.7208554041143713
2022-02-14,AAPL,Apple shares tumbled after missed analyst earnings estimates,negative,-1.0,-0.8557674008493236
2022-02-14,AAPL,Apple quarterly earnings in line with expectations,neutral,0.0,0.0036239929598154245
2022-02-16,AAPL,"Apple cut its full-year guidance, shares slide",negative,-1.0,-0.9068839458164285
2022-02-17,AAPL,Apple maintained its previous guidance,neutral,0.0,-0.002696215418628467
2022-02-17,AAPL,"Apple raised its full-year guidance, shares climb",positive,1.0,0.8815839559108796
2022-02-22,AAPL,"Apple received an analyst downgrade, shares slide",negative,-1.0,-0.9301553278334871
2022-02-23,AAPL,Apple stock plunged on soft revenue,negative,-1.0,-0.7614949703893232
2022-02-24,AAPL,Apple filed its routine quarterly disclosure,neutral,0.0,-0.0001809503518552802
2022-02-25,AAPL,Apple stock rallied on strong revenue,positive,1.0,0.8579003033522186
2022-03-01,AAPL,Apple shares jumped after announced a share buyback program,positive,1.0,0.9122552553944717
2022-03-02,AAPL,Apple stock dropped on worse-than-expected revenue,negative,-1.0,-0.8372450948672236
2022-03-04,AAPL,Analysts turn bullish on Apple after robust profit margins,positive,1.0,0.8792955094841604
2022-03-04,AAPL,Apple stock slumped on troubling revenue,negative,-1.0,-0.8734638629752453
2022-03-10,AAPL,Apple revenue in line with expectations,neutral,0.0,-0.0024028393052526083
2022-03-10,AAPL,"Apple faces a regulatory investigation, shares slide",negative,-1.0,-0.9542716268290757
2022-03-14,AAPL,Apple stock dropped on worse-than-expected quarterly earnings,negative,-1.0,-0.8121707689596713
2022-03-15,AAPL,Analysts turn bullish on Apple after resilient revenue,positive,1.0,0.9160741346554723
2022-03-21,AAPL,Apple shares tumbled after announced layoffs amid cost cuts,negative,-1.0,-0.9142249099385178
2022-03-22,AAPL,Apple stock sank on worse-than-expected profit margins,negative,0.0,-0.8362152213646479
2022-03-23,AAPL,Apple stock sank on troubling profit margins,negative,0.0,-0.8121935652954101
2022-03-24,AAPL,"Apple cut its full-year guidance, shares slide",negative,-1.0,-0.9068839458164285
2022-03-29,AAPL,Apple shares surged after reported record quarterly profit,positive,1.0,0.9122876873079651
2022-03-30,AAPL,Analysts turn bullish on Apple after better-than-expected revenue,positive,1.0,0.8917004840080984
2022-04-04,AAPL,Analysts turn bullish on Apple after resilient profit margins,positive,1.0,0.8875605091261689
2022-04-11,AAPL,Apple drops as it missed analyst earnings estimates,negative,-1.0,-0.9282800724279999
2022-04-13,AAPL,"Apple announced a change to its board of directors, no major stock reaction",neutral,0.0,-0.001263477277714753
2022-04-18,AAPL,Apple stock slumped on weak guidance,negative,-1.0,-0.8486642942539465
2022-04-21,AAPL,Analysts turn cautious on Apple after disappointing sales,negative,0.0,-0.9168949078548875
2022-04-26,AAPL,Apple rallies as it reported record quarterly profit,positive,1.0,0.9535105038108265
2022-04-29,AAPL,Apple shares fell after announced layoffs amid cost cuts,negative,-1.0,-0.9327537992508866
2022-05-02,AAPL,Analysts turn bullish on Apple after robust cash flow,positive,1.0,0.8971929841775284
2022-05-04,AAPL,"Apple unveiled a new product line to strong demand, shares climb",positive,1.0,0.9405566048709924
2022-05-05,AAPL,Apple stock slumped on soft revenue,negative,-1.0,-0.7948238332740664
2022-05-06,AAPL,Apple shares jumped after received an analyst upgrade,positive,1.0,0.8487320288589704
2022-05-09,AAPL,Analysts turn bullish on Apple after record guidance,positive,1.0,0.9102352163770884
2022-05-09,AAPL,Apple rallies as it reported record quarterly profit,positive,1.0,0.9535105038108265
2022-05-10,AAPL,Apple shares jumped after raised its full-year guidance,positive,1.0,0.8363033969732826
2022-05-11,AAPL,"Apple received an analyst downgrade, shares slide",negative,-1.0,-0.9301553278334871
2022-05-11,AAPL,Apple shares jumped after announced a share buyback program,positive,1.0,0.9122552553944717
2022-05-13,AAPL,Apple drops as it missed analyst earnings estimates,negative,-1.0,-0.9282800724279999
2022-05-16,AAPL,Apple shares soared after raised its full-year guidance,positive,1.0,0.8296597435802648
2022-05-17,AAPL,Apple shares rallied after reported record quarterly profit,positive,1.0,0.9421745727869794
2022-05-20,AAPL,Apple rallies as it received an analyst upgrade,positive,1.0,0.8954989283305828
2022-05-20,AAPL,"Apple cut its full-year guidance, shares slide",negative,-1.0,-0.9068839458164285
2022-05-27,AAPL,Apple rallies as it raised its full-year guidance,positive,1.0,0.903513004984563
2022-05-31,AAPL,Analysts turn bullish on Apple after better-than-expected cash flow,positive,1.0,0.8747619892349618
2022-06-01,AAPL,Apple presented at an industry conference,neutral,0.0,-0.004039395793169469
2022-06-01,AAPL,Apple shares climbed after reported record quarterly profit,positive,1.0,0.9190089820389667
2022-06-03,AAPL,Apple shares jumped after raised its full-year guidance,positive,1.0,0.8363033969732826
2022-06-07,AAPL,Apple rallies as it announced a share buyback program,positive,1.0,0.9430135782382483
2022-06-08,AAPL,Apple rallies as it announced a share buyback program,positive,1.0,0.9430135782382483
2022-06-09,AAPL,Apple shares rallied after announced a share buyback program,positive,1.0,0.91742328768756
2022-06-14,AAPL,Analysts turn cautious on Apple after soft quarterly earnings,negative,0.0,-0.8633732117550904
2022-06-15,AAPL,"Apple reported record quarterly profit, shares climb",positive,1.0,0.9639572270273129
2022-06-16,AAPL,Apple stock advanced on resilient revenue,positive,1.0,0.7814756816447943
2022-06-21,AAPL,"Apple received an analyst upgrade, shares climb",positive,1.0,0.9194317067573098
2022-06-21,AAPL,Analysts turn cautious on Apple after soft quarterly earnings,negative,0.0,-0.8633732117550904
2022-06-22,AAPL,Apple shares sank after faces a regulatory investigation,negative,-1.0,-0.9103458187504319
2022-06-29,AAPL,Apple rallies as it unveiled a new product line to strong demand,positive,1.0,0.9321223541141459
2022-06-30,AAPL,Apple stock jumped on robust sales,positive,1.0,0.8274824700477534
2022-07-01,AAPL,Apple to hold investor call on revenue,neutral,0.0,-0.003254350353674166
2022-07-05,AAPL,Apple profit margins in line with expectations,neutral,1.0,-0.000316157893408546
2022-07-06,AAPL,Apple stock slumped on disappointing sales,negative,-1.0,-0.8722724275761236
2022-07-08,AAPL,Apple stock surged on robust cash flow,positive,1.0,0.8082469616330314
2022-07-11,AAPL,Apple rallies as it unveiled a new product line to strong demand,positive,1.0,0.9321223541141459
2022-07-11,AAPL,Apple stock fell on weak revenue,negative,-1.0,-0.873647739966686
2022-07-13,AAPL,Apple stock climbed on strong quarterly earnings,positive,1.0,0.8510499848534715
2022-07-15,AAPL,Analysts turn bullish on Apple after better-than-expected revenue,positive,1.0,0.8917004840080984
2022-07-18,AAPL,Apple stock advanced on resilient quarterly earnings,positive,1.0,0.7545753403303171
2022-07-19,AAPL,Apple stock rallied on better-than-expected quarterly earnings,positive,1.0,0.8088779827556084
2022-07-22,AAPL,Apple stock soared on robust guidance,positive,1.0,0.8257246604009639
2022-07-26,AAPL,Analysts turn cautious on Apple after disappointing sales,negative,0.0,-0.9168949078548875
2022-07-27,AAPL,Apple drops as it received an analyst downgrade,negative,-1.0,-0.9438501355840346
2022-07-27,AAPL,Apple stock soared on resilient cash flow,positive,1.0,0.7631255250387949
2022-08-03,AAPL,Analysts turn bullish on Apple after better-than-expected quarterly earnings,positive,1.0,0.8843153576594242
2022-08-03,AAPL,Apple quarterly earnings in line with expectations,neutral,0.0,0.0036239929598154245
2022-08-04,AAPL,Apple stock slumped on worse-than-expected cash flow,negative,-1.0,-0.8636296565547041
2022-08-04,AAPL,"Apple filed its routine quarterly disclosure, no major stock reaction",neutral,0.0,-0.00038340612260502616
2022-08-05,AAPL,Apple stock surged on record sales,positive,1.0,0.8217568514015857
2022-08-05,AAPL,Apple rallies as it beat analyst earnings estimates,positive,1.0,0.8870673045993982
2022-08-10,AAPL,"Apple cut its full-year guidance, shares slide",negative,-1.0,-0.9068839458164285
2022-08-15,AAPL,Apple stock soared on resilient guidance,positive,1.0,0.7742312253837136
2022-08-16,AAPL,"Apple announced a share buyback program, shares climb",positive,1.0,0.9444069844023287
2022-08-18,AAPL,Analysts turn cautious on Apple after troubling revenue,negative,0.0,-0.9235237985644147
2022-08-22,AAPL,"Apple warned of a demand slowdown, shares slide",negative,-1.0,-0.9457543626002491
2022-08-22,AAPL,Apple shares surged after unveiled a new product line to strong demand,positive,1.0,0.9077836658036393
2022-08-23,AAPL,Apple rallies as it unveiled a new product line to strong demand,positive,1.0,0.9321223541141459
2022-08-26,AAPL,Analysts turn cautious on Apple after weak guidance,negative,-1.0,-0.9041681649492826
2022-08-30,AAPL,Apple rallies as it announced a share buyback program,positive,1.0,0.9430135782382483
2022-09-13,AAPL,Apple drops as it announced layoffs amid cost cuts,negative,-1.0,-0.9497124129098697
2022-09-16,AAPL,Apple shares rallied after raised its full-year guidance,positive,1.0,0.8658458044481174
2022-09-21,AAPL,Apple drops as it received an analyst downgrade,negative,-1.0,-0.9438501355840346
2022-09-21,AAPL,Apple shares advanced after reported record quarterly profit,positive,1.0,0.9208611031119128
2022-09-22,AAPL,"Apple filed its routine quarterly disclosure, no major stock reaction",neutral,0.0,-0.00038340612260502616
2022-09-22,AAPL,Apple rallies as it received an analyst upgrade,positive,1.0,0.8954989283305828
2022-09-23,AAPL,Apple shares surged after received an analyst upgrade,positive,1.0,0.8064107354957638
2022-09-27,AAPL,"Apple announced a share buyback program, shares climb",positive,1.0,0.9444069844023287
2022-09-29,AAPL,Apple shares plunged after missed analyst earnings estimates,negative,-1.0,-0.8104326870118893
2022-10-03,AAPL,Apple quarterly earnings in line with expectations,neutral,0.0,0.0036239929598154245
2022-10-06,AAPL,Apple presented at an industry conference,neutral,0.0,-0.004039395793169469
2022-10-07,AAPL,Analysts turn cautious on Apple after disappointing profit margins,negative,1.0,-0.902934358943416
2022-10-11,AAPL,Apple shares rallied after beat analyst earnings estimates,positive,1.0,0.8730038692379736
2022-10-12,AAPL,Apple stock sank on weak cash flow,negative,-1.0,-0.7542107249955656
2022-10-13,AAPL,"Apple presented at an industry conference, no major stock reaction",neutral,0.0,-0.001654714678620925
2022-10-17,AAPL,Apple shares advanced after reported record quarterly profit,positive,1.0,0.9208611031119128
2022-10-19,AAPL,Apple stock soared on strong quarterly earnings,positive,1.0,0.8523097106069832
2022-10-20,AAPL,Apple shares sank after announced layoffs amid cost cuts,negative,-1.0,-0.920221452594127
2022-10-24,AAPL,Apple shares rallied after reported record quarterly profit,positive,1.0,0.9421745727869794
2022-10-27,AAPL,Apple rallies as it received an analyst upgrade,positive,1.0,0.8954989283305828
2022-10-27,AAPL,"Apple reported record quarterly profit, shares climb",positive,1.0,0.9639572270273129
2022-10-28,AAPL,Apple drops as it warned of a demand slowdown,negative,-1.0,-0.9533158452008691
2022-11-03,AAPL,"Apple cut its full-year guidance, shares slide",negative,-1.0,-0.9068839458164285
2022-11-03,AAPL,"Apple warned of a demand slowdown, shares slide",negative,-1.0,-0.9457543626002491
2022-11-04,AAPL,Analysts turn cautious on Apple after worse-than-expected revenue,negative,0.0,-0.9174579172567847
2022-11-07,AAPL,Apple shares trade flat as it presented at an industry conference,neutral,0.0,-0.0016516250217269973
2022-11-08,AAPL,Analysts turn bullish on Apple after strong quarterly earnings,positive,1.0,0.9204955187886266
2022-11-09,AAPL,Apple stock tumbled on troubling revenue,negative,-1.0,-0.8517759495890754
2022-11-11,AAPL,Analysts turn cautious on Apple after soft quarterly earnings,negative,0.0,-0.8633732117550904
2022-11-14,AAPL,Apple shares advanced after raised its full-year guidance,positive,1.0,0.8138748444042203
2022-11-15,AAPL,Apple shares slumped after faces a regulatory investigation,negative,-1.0,-0.9197211271091705
2022-11-16,AAPL,Analysts turn cautious on Apple after soft quarterly earnings,negative,0.0,-0.8633732117550904
2022-11-17,AAPL,"Apple missed analyst earnings estimates, shares slide",negative,-1.0,-0.8926636842206951
2022-11-18,AAPL,Apple rallies as it received an analyst upgrade,positive,1.0,0.8954989283305828
2022-11-21,AAPL,"Apple announced a share buyback program, shares climb",positive,1.0,0.9444069844023287
2022-11-29,AAPL,Apple shares dropped after warned of a demand slowdown,negative,-1.0,-0.9127033943628073
2022-11-29,AAPL,Apple shares jumped after raised its full-year guidance,positive,1.0,0.8363033969732826
2022-12-02,AAPL,Analysts turn cautious on Apple after disappointing cash flow,negative,0.0,-0.903441483640197
2022-12-05,AAPL,Apple guidance in line with expectations,neutral,0.0,0.0008418519205490131
2022-12-07,AAPL,Apple drops as it faces a regulatory investigation,negative,-1.0,-0.9500416970082133
2022-12-12,AAPL,Apple announced a change to its board of directors,neutral,0.0,-0.00265317988934842
2022-12-12,AAPL,Analysts turn cautious on Apple after troubling profit margins,negative,1.0,-0.8946285288255174
2022-12-13,AAPL,Apple shares soared after reported record quarterly profit,positive,1.0,0.9479615183250069
2022-12-15,AAPL,Apple rallies as it announced a share buyback program,positive,1.0,0.9430135782382483
2022-12-20,AAPL,Apple shares dropped after received an analyst downgrade,negative,-1.0,-0.8858640114967333
2022-12-21,AAPL,Apple shares tumbled after warned of a demand slowdown,negative,-1.0,-0.877405365837618
2022-12-23,AAPL,Apple announced a change to its board of directors,neutral,0.0,-0.00265317988934842
2022-12-23,AAPL,"Apple faces a regulatory investigation, shares slide",negative,-1.0,-0.9542716268290757
2022-12-28,AAPL,Apple shares fell after warned of a demand slowdown,negative,-1.0,-0.8897687942568882
2022-12-29,AAPL,Apple drops as it faces a regulatory investigation,negative,-1.0,-0.9500416970082133
2022-12-29,AAPL,"Apple raised its full-year guidance, shares climb",positive,1.0,0.8815839559108796
2022-12-30,AAPL,Apple shares tumbled after missed analyst earnings estimates,negative,-1.0,-0.8557674008493236
2023-01-03,AAPL,Analysts turn cautious on Apple after worse-than-expected revenue,negative,0.0,-0.9174579172567847
2023-01-05,AAPL,Apple stock sank on soft guidance,negative,-1.0,-0.8043078786468486
2023-01-05,AAPL,"Apple beat analyst earnings estimates, shares climb",positive,1.0,0.9018077547412696
2023-01-06,AAPL,"Apple received an analyst downgrade, shares slide",negative,-1.0,-0.9301553278334871
2023-01-06,AAPL,Apple stock plunged on disappointing revenue,negative,-1.0,-0.8282687173710614
2023-01-10,AAPL,Apple shares trade flat as it maintained its previous guidance,neutral,0.0,-0.0011909663564374333
2023-01-11,AAPL,"Apple faces a regulatory investigation, shares slide",negative,-1.0,-0.9542716268290757
2023-01-13,AAPL,Apple to hold investor call on sales,neutral,0.0,-0.0014050076077729602
2023-01-13,AAPL,"Apple raised its full-year guidance, shares climb",positive,1.0,0.8815839559108796
2023-01-17,AAPL,Apple rallies as it announced a share buyback program,positive,1.0,0.9430135782382483
2023-01-18,AAPL,Apple shares soared after announced a share buyback program,positive,1.0,0.9159371002170803
2023-01-19,AAPL,Apple drops as it cut its full-year guidance,negative,-1.0,-0.9160228030951157
2023-01-20,AAPL,"Apple maintained its previous guidance, no major stock reaction",neutral,0.0,-0.0012635811608409202
2023-01-20,AAPL,Apple cash flow in line with expectations,neutral,0.0,-4.3670778837545665e-05
2023-01-24,AAPL,Apple shares dropped after announced layoffs amid cost cuts,negative,-1.0,-0.9256581696228255
2023-01-24,AAPL,Apple maintained its previous guidance,neutral,0.0,-0.002696215418628467
2023-01-25,AAPL,Apple stock soared on resilient sales,positive,1.0,0.7880030820827086
2023-01-30,AAPL,"Apple warned of a demand slowdown, shares slide",negative,-1.0,-0.9457543626002491
2023-02-01,AAPL,Apple rallies as it beat analyst earnings estimates,positive,1.0,0.8870673045993982
2023-02-03,AAPL,Apple stock rallied on robust revenue,positive,1.0,0.8143651151595581
2023-02-06,AAPL,Analysts turn bullish on Apple after robust profit margins,positive,1.0,0.8792955094841604
2023-02-07,AAPL,Analysts turn bullish on Apple after record guidance,positive,1.0,0.9102352163770884
2023-02-09,AAPL,Analysts turn bullish on Apple after robust sales,positive,1.0,0.9123980151793691
2023-02-09,AAPL,Analysts turn bullish on Apple after strong sales,positive,1.0,0.927642494735149
2023-02-10,AAPL,Apple shares trade flat as it will report quarterly results next week,neutral,0.0,-0.00038349743398443867
2023-02-10,AAPL,Apple shares trade flat as it announced a change to its board of directors,neutral,0.0,-0.0011888398453580567
2023-02-14,AAPL,"Apple unveiled a new product line to strong demand, shares climb",positive,1.0,0.9405566048709924
2023-02-15,AAPL,Apple to hold investor call on revenue,neutral,0.0,-0.003254350353674166
2023-02-15,AAPL,Apple rallies as it announced a share buyback program,positive,1.0,0.9430135782382483
2023-02-16,AAPL,Apple shares surged after announced a share buyback program,positive,1.0,0.8954235562531775
2023-02-17,AAPL,Apple drops as it cut its full-year guidance,negative,-1.0,-0.9160228030951157
2023-02-21,AAPL,"Apple announced a share buyback program, shares climb",positive,1.0,0.9444069844023287
2023-02-22,AAPL,Apple shares advanced after raised its full-year guidance,positive,1.0,0.8138748444042203
2023-02-27,AAPL,Apple to hold investor call on revenue,neutral,0.0,-0.003254350353674166
2023-03-02,AAPL,Apple shares plunged after warned of a demand slowdown,negative,-1.0,-0.8710155603831788
2023-03-03,AAPL,Apple presented at an industry conference,neutral,0.0,-0.004039395793169469
2023-03-06,AAPL,Analysts turn cautious on Apple after worse-than-expected guidance,negative,0.0,-0.9018107547707248
2023-03-07,AAPL,Apple drops as it warned of a demand slowdown,negative,-1.0,-0.9533158452008691
2023-03-09,AAPL,"Apple maintained its previous guidance, no major stock reaction",neutral,0.0,-0.0012635811608409202
2023-03-09,AAPL,Analysts turn bullish on Apple after record profit margins,positive,1.0,0.8769602525829345
2023-03-15,AAPL,"Apple unveiled a new product line to strong demand, shares climb",positive,1.0,0.9405566048709924
2023-03-16,AAPL,"Apple faces a regulatory investigation, shares slide",negative,-1.0,-0.9542716268290757
2023-03-17,AAPL,"Apple received an analyst upgrade, shares climb",positive,1.0,0.9194317067573098
2023-03-20,AAPL,Apple drops as it faces a regulatory investigation,negative,-1.0,-0.9500416970082133
2023-03-20,AAPL,Apple shares slumped after faces a regulatory investigation,negative,-1.0,-0.9197211271091705
2023-03-22,AAPL,Apple shares trade flat as it announced a change to its board of directors,neutral,0.0,-0.0011888398453580567
2023-03-22,AAPL,Apple will report quarterly results next week,neutral,0.0,0.00014860442515161193
2023-03-23,AAPL,Apple to hold investor call on profit margins,neutral,1.0,-0.00197081013589347
2023-03-28,AAPL,Apple drops as it missed analyst earnings estimates,negative,-1.0,-0.9282800724279999
2023-03-29,AAPL,Apple stock climbed on record cash flow,positive,1.0,0.7907562617573523
2023-03-31,AAPL,Apple shares tumbled after missed analyst earnings estimates,negative,-1.0,-0.8557674008493236
2023-04-03,AAPL,"Apple received an analyst upgrade, shares climb",positive,1.0,0.9194317067573098
2023-04-04,AAPL,Apple to hold investor call on revenue,neutral,0.0,-0.003254350353674166
2023-04-04,AAPL,Analysts turn cautious on Apple after weak sales,negative,-1.0,-0.908760694138755
2023-04-06,AAPL,Analysts turn cautious on Apple after soft revenue,negative,0.0,-0.8945596657041595
2023-04-06,AAPL,Apple drops as it missed analyst earnings estimates,negative,-1.0,-0.9282800724279999
2023-04-11,AAPL,Apple rallies as it beat analyst earnings estimates,positive,1.0,0.8870673045993982
2023-04-13,AAPL,Apple shares trade flat as it will report quarterly results next week,neutral,0.0,-0.00038349743398443867
2023-04-13,AAPL,Apple to hold investor call on cash flow,neutral,0.0,-0.0018594071186126444
2023-04-14,AAPL,Analysts turn bullish on Apple after resilient cash flow,positive,1.0,0.8944479702174621
2023-04-17,AAPL,Apple stock dropped on worse-than-expected quarterly earnings,negative,-1.0,-0.8121707689596713
2023-04-17,AAPL,Apple stock fell on weak profit margins,negative,-0.3333333333333333,-0.8353421512490774
2023-04-19,AAPL,Apple stock advanced on resilient sales,positive,1.0,0.7686052578737306
2023-04-21,AAPL,"Apple announced layoffs amid cost cuts, shares slide",negative,-1.0,-0.9470307704612175
2023-04-26,AAPL,Apple shares rallied after beat analyst earnings estimates,positive,1.0,0.8730038692379736
2023-04-27,AAPL,Apple stock sank on troubling profit margins,negative,0.0,-0.8121935652954101
2023-04-28,AAPL,Apple shares surged after unveiled a new product line to strong demand,positive,1.0,0.9077836658036393
2023-04-28,AAPL,Apple rallies as it beat analyst earnings estimates,positive,1.0,0.8870673045993982
2023-05-01,AAPL,Apple to hold investor call on quarterly earnings,neutral,0.0,0.0011241366078557236
2023-05-03,AAPL,Apple rallies as it raised its full-year guidance,positive,1.0,0.903513004984563
2023-05-04,AAPL,Apple rallies as it announced a share buyback program,positive,1.0,0.9430135782382483
2023-05-04,AAPL,Apple stock tumbled on soft quarterly earnings,negative,-1.0,-0.7469247993491961
2023-05-05,AAPL,Apple maintained its previous guidance,neutral,0.0,-0.002696215418628467
2023-05-09,AAPL,Apple stock climbed on strong sales,positive,1.0,0.8617283272061875
2023-05-09,AAPL,Apple maintained its previous guidance,neutral,0.0,-0.002696215418628467
2023-05-10,AAPL,Apple stock tumbled on soft cash flow,negative,-1.0,-0.7796366379193655
2023-05-11,AAPL,Apple shares climbed after announced a share buyback program,positive,1.0,0.8966776145276076
2023-05-12,AAPL,Apple stock jumped on better-than-expected sales,positive,1.0,0.8099129179842366
2023-05-19,AAPL,Apple shares sank after announced layoffs amid cost cuts,negative,-1.0,-0.920221452594127
2023-05-22,AAPL,Apple held its annual shareholder meeting,neutral,0.0,-0.0042547469380051495
2023-05-24,AAPL,Apple quarterly earnings in line with expectations,neutral,0.0,0.0036239929598154245
2023-05-25,AAPL,Apple rallies as it received an analyst upgrade,positive,1.0,0.8954989283305828
2023-05-26,AAPL,Analysts turn bullish on Apple after resilient quarterly earnings,positive,1.0,0.8984707099127344
2023-05-30,AAPL,"Apple raised its full-year guidance, shares climb",positive,1.0,0.8815839559108796
2023-05-31,AAPL,"Apple will report quarterly results next week, no major stock reaction",neutral,0.0,-0.0002353372193987409
2023-05-31,AAPL,Apple to hold investor call on cash flow,neutral,0.0,-0.0018594071186126444
2023-06-06,AAPL,"Apple warned of a demand slowdown, shares slide",negative,-1.0,-0.9457543626002491
2023-06-08,AAPL,Apple filed its routine quarterly disclosure,neutral,0.0,-0.0001809503518552802
2023-06-09,AAPL,Apple stock surged on strong guidance,positive,1.0,0.8413628783557965
2023-06-12,AAPL,"Apple received an analyst downgrade, shares slide",negative,-1.0,-0.9301553278334871
2023-06-16,AAPL,Apple rallies as it beat analyst earnings estimates,positive,1.0,0.8870673045993982
2023-06-20,AAPL,"Apple reported record quarterly profit, shares climb",positive,1.0,0.9639572270273129
2023-06-21,AAPL,"Apple unveiled a new product line to strong demand, shares climb",positive,1.0,0.9405566048709924
2023-06-23,AAPL,Apple drops as it faces a regulatory investigation,negative,-1.0,-0.9500416970082133
2023-06-28,AAPL,"Apple filed its routine quarterly disclosure, no major stock reaction",neutral,0.0,-0.00038340612260502616
2023-07-03,AAPL,Apple rallies as it beat analyst earnings estimates,positive,1.0,0.8870673045993982
2023-07-03,AAPL,Apple announced a change to its board of directors,neutral,0.0,-0.00265317988934842
2023-07-06,AAPL,"Apple received an analyst downgrade, shares slide",negative,-1.0,-0.9301553278334871
2023-07-11,AAPL,Apple shares trade flat as it maintained its previous guidance,neutral,0.0,-0.0011909663564374333
2023-07-13,AAPL,Analysts turn cautious on Apple after troubling guidance,negative,0.0,-0.9090103065929882
2023-07-14,AAPL,Apple rallies as it announced a share buyback program,positive,1.0,0.9430135782382483
2023-07-14,AAPL,Apple stock jumped on resilient profit margins,positive,1.0,0.7208554041143713
2023-07-17,AAPL,Apple held its annual shareholder meeting,neutral,0.0,-0.0042547469380051495
2023-07-18,AAPL,Apple rallies as it announced a share buyback program,positive,1.0,0.9430135782382483
2023-07-19,AAPL,Apple shares plunged after announced layoffs amid cost cuts,negative,-1.0,-0.9029822674137956
2023-07-21,AAPL,"Apple announced layoffs amid cost cuts, shares slide",negative,-1.0,-0.9470307704612175
2023-07-25,AAPL,Apple stock rallied on record quarterly earnings,positive,1.0,0.8718461169873086
2023-07-27,AAPL,Apple quarterly earnings in line with expectations,neutral,0.0,0.0036239929598154245
2023-07-28,AAPL,Apple drops as it faces a regulatory investigation,negative,-1.0,-0.9500416970082133
2023-07-31,AAPL,"Apple announced a share buyback program, shares climb",positive,1.0,0.9444069844023287
2023-07-31,AAPL,Analysts turn cautious on Apple after soft profit margins,negative,1.0,-0.860864838110639
2023-08-02,AAPL,Apple stock advanced on resilient cash flow,positive,1.0,0.749491955977716
2023-08-02,AAPL,Apple to hold investor call on revenue,neutral,0.0,-0.003254350353674166
2023-08-03,AAPL,Apple announced a change to its board of directors,neutral,0.0,-0.00265317988934842
2023-08-08,AAPL,Apple to hold investor call on revenue,neutral,0.0,-0.003254350353674166
2023-08-08,AAPL,Analysts turn cautious on Apple after worse-than-expected revenue,negative,0.0,-0.9174579172567847
2023-08-14,AAPL,Apple stock soared on better-than-expected cash flow,positive,1.0,0.7461886076692884
2023-08-15,AAPL,Apple stock surged on better-than-expected profit margins,positive,1.0,0.773496330410481
2023-08-16,AAPL,Analysts turn cautious on Apple after worse-than-expected quarterly earnings,negative,0.0,-0.9023623168696677
2023-08-17,AAPL,Apple drops as it missed analyst earnings estimates,negative,-1.0,-0.9282800724279999
2023-08-17,AAPL,Apple shares fell after missed analyst earnings estimates,negative,-1.0,-0.8572271663946556
2023-08-18,AAPL,Analysts turn bullish on Apple after resilient quarterly earnings,positive,1.0,0.8984707099127344
2023-08-21,AAPL,Analysts turn cautious on Apple after troubling guidance,negative,0.0,-0.9090103065929882
2023-08-22,AAPL,Apple presented at an industry conference,neutral,0.0,-0.004039395793169469
2023-08-22,AAPL,"Apple warned of a demand slowdown, shares slide",negative,-1.0,-0.9457543626002491
2023-08-23,AAPL,Analysts turn bullish on Apple after strong quarterly earnings,positive,1.0,0.9204955187886266
2023-08-24,AAPL,Apple to hold investor call on profit margins,neutral,1.0,-0.00197081013589347
2023-08-25,AAPL,"Apple reported record quarterly profit, shares climb",positive,1.0,0.9639572270273129
2023-08-25,AAPL,"Apple faces a regulatory investigation, shares slide",negative,-1.0,-0.9542716268290757
2023-08-29,AAPL,Apple stock plunged on weak quarterly earnings,negative,-1.0,-0.6939291084998833
2023-09-01,AAPL,Apple drops as it cut its full-year guidance,negative,-1.0,-0.9160228030951157
2023-09-07,AAPL,Apple drops as it faces a regulatory investigation,negative,-1.0,-0.9500416970082133
2023-09-08,AAPL,Apple drops as it received an analyst downgrade,negative,-1.0,-0.9438501355840346
2023-09-11,AAPL,Apple shares climbed after beat analyst earnings estimates,positive,1.0,0.8437077835193046
2023-09-15,AAPL,Apple stock jumped on record sales,positive,1.0,0.8043925232905493
2023-09-19,AAPL,"Apple announced a share buyback program, shares climb",positive,1.0,0.9444069844023287
2023-09-19,AAPL,"Apple missed analyst earnings estimates, shares slide",negative,-1.0,-0.8926636842206951
2023-09-21,AAPL,Apple shares rallied after reported record quarterly profit,positive,1.0,0.9421745727869794
2023-09-25,AAPL,Apple stock sank on disappointing revenue,negative,-1.0,-0.8369690613500383
2023-09-27,AAPL,Apple shares surged after raised its full-year guidance,positive,1.0,0.8174855430914125
2023-09-28,AAPL,Analysts turn cautious on Apple after worse-than-expected profit margins,negative,1.0,-0.9017108676163619
2023-09-29,AAPL,"Apple announced a share buyback program, shares climb",positive,1.0,0.9444069844023287
2023-10-02,AAPL,Analysts turn cautious on Apple after troubling quarterly earnings,negative,0.0,-0.8835945150204126
2023-10-03,AAPL,Analysts turn bullish on Apple after better-than-expected quarterly earnings,positive,1.0,0.8843153576594242
2023-10-04,AAPL,Apple shares dropped after received an analyst downgrade,negative,-1.0,-0.8858640114967333
2023-10-04,AAPL,Apple drops as it cut its full-year guidance,negative,-1.0,-0.9160228030951157
2023-10-05,AAPL,Analysts turn bullish on Apple after record cash flow,positive,1.0,0.895053413945584
2023-10-06,AAPL,Apple announced a change to its board of directors,neutral,0.0,-0.00265317988934842
2023-10-11,AAPL,Apple shares trade flat as it held its annual shareholder meeting,neutral,0.0,-0.001827263712095361
2023-10-12,AAPL,Apple shares trade flat as it held its annual shareholder meeting,neutral,0.0,-0.001827263712095361
2023-10-13,AAPL,"Apple raised its full-year guidance, shares climb",positive,1.0,0.8815839559108796
2023-10-17,AAPL,"Apple faces a regulatory investigation, shares slide",negative,-1.0,-0.9542716268290757
2023-10-18,AAPL,Analysts turn bullish on Apple after resilient revenue,positive,1.0,0.9160741346554723
2023-10-19,AAPL,Apple will report quarterly results next week,neutral,0.0,0.00014860442515161193
2023-10-24,AAPL,Apple rallies as it beat analyst earnings estimates,positive,1.0,0.8870673045993982
2023-10-25,AAPL,"Apple raised its full-year guidance, shares climb",positive,1.0,0.8815839559108796
2023-10-26,AAPL,Apple stock sank on worse-than-expected profit margins,negative,0.0,-0.8362152213646479
2023-10-30,AAPL,Apple to hold investor call on profit margins,neutral,1.0,-0.00197081013589347
2023-11-06,AAPL,"Apple filed its routine quarterly disclosure, no major stock reaction",neutral,0.0,-0.00038340612260502616
2023-11-07,AAPL,"Apple missed analyst earnings estimates, shares slide",negative,-1.0,-0.8926636842206951
2023-11-13,AAPL,"Apple received an analyst upgrade, shares climb",positive,1.0,0.9194317067573098
2023-11-16,AAPL,Apple maintained its previous guidance,neutral,0.0,-0.002696215418628467
2023-11-17,AAPL,Apple shares surged after announced a share buyback program,positive,1.0,0.8954235562531775
2023-11-20,AAPL,"Apple missed analyst earnings estimates, shares slide",negative,-1.0,-0.8926636842206951
2023-11-22,AAPL,"Apple missed analyst earnings estimates, shares slide",negative,-1.0,-0.8926636842206951
2023-11-27,AAPL,Apple shares jumped after beat analyst earnings estimates,positive,1.0,0.8608975262234894
2023-11-27,AAPL,Apple shares trade flat as it held its annual shareholder meeting,neutral,0.0,-0.001827263712095361
2023-11-28,AAPL,Apple to hold investor call on guidance,neutral,0.0,-0.0005680070921190057
2023-11-29,AAPL,Apple rallies as it beat analyst earnings estimates,positive,1.0,0.8870673045993982
2023-11-29,AAPL,Apple profit margins in line with expectations,neutral,1.0,-0.000316157893408546
2023-12-04,AAPL,"Apple cut its full-year guidance, shares slide",negative,-1.0,-0.9068839458164285
2023-12-06,AAPL,Apple rallies as it raised its full-year guidance,positive,1.0,0.903513004984563
2023-12-08,AAPL,"Apple announced a change to its board of directors, no major stock reaction",neutral,0.0,-0.001263477277714753
2023-12-12,AAPL,Analysts turn bullish on Apple after robust quarterly earnings,positive,1.0,0.8974604318753575
2023-12-14,AAPL,"Apple missed analyst earnings estimates, shares slide",negative,-1.0,-0.8926636842206951
2023-12-14,AAPL,Apple announced a change to its board of directors,neutral,0.0,-0.00265317988934842
2023-12-15,AAPL,Apple shares trade flat as it will report quarterly results next week,neutral,0.0,-0.00038349743398443867
2023-12-19,AAPL,Apple to hold investor call on sales,neutral,0.0,-0.0014050076077729602
2023-12-20,AAPL,Analysts turn cautious on Apple after weak quarterly earnings,negative,-1.0,-0.8714858278388277
2023-12-26,AAPL,Apple shares trade flat as it will report quarterly results next week,neutral,0.0,-0.00038349743398443867
2023-12-27,AAPL,Apple shares rallied after raised its full-year guidance,positive,1.0,0.8658458044481174
2023-12-29,AAPL,Apple to hold investor call on cash flow,neutral,0.0,-0.0018594071186126444
2023-12-29,AAPL,"Apple received an analyst upgrade, shares climb",positive,1.0,0.9194317067573098
2024-01-02,AAPL,Apple shares trade flat as it presented at an industry conference,neutral,0.0,-0.0016516250217269973
2024-01-04,AAPL,Apple stock surged on record quarterly earnings,positive,1.0,0.883707758167291
2024-01-05,AAPL,Apple stock dropped on soft profit margins,negative,0.0,-0.6948865590511433
2024-01-05,AAPL,Apple drops as it received an analyst downgrade,negative,-1.0,-0.9438501355840346
2024-01-09,AAPL,Apple shares tumbled after faces a regulatory investigation,negative,-1.0,-0.8876309931249486
2024-01-10,AAPL,Apple presented at an industry conference,neutral,0.0,-0.004039395793169469
2024-01-11,AAPL,Apple rallies as it received an analyst upgrade,positive,1.0,0.8954989283305828
2024-01-16,AAPL,Apple shares tumbled after warned of a demand slowdown,negative,-1.0,-0.877405365837618
2024-01-18,AAPL,Analysts turn cautious on Apple after disappointing cash flow,negative,0.0,-0.903441483640197
2024-01-22,AAPL,Apple stock slumped on troubling revenue,negative,-1.0,-0.8734638629752453
2024-01-22,AAPL,Apple shares tumbled after cut its full-year guidance,negative,-1.0,-0.8288113927436718
2024-01-23,AAPL,Apple shares rallied after raised its full-year guidance,positive,1.0,0.8658458044481174
2024-01-24,AAPL,Apple stock climbed on record cash flow,positive,1.0,0.7907562617573523
2024-01-25,AAPL,Apple presented at an industry conference,neutral,0.0,-0.004039395793169469
2024-01-26,AAPL,Apple drops as it announced layoffs amid cost cuts,negative,-1.0,-0.9497124129098697
2024-01-29,AAPL,Apple stock jumped on strong guidance,positive,1.0,0.820726098023747
2024-01-30,AAPL,"Apple filed its routine quarterly disclosure, no major stock reaction",neutral,0.0,-0.00038340612260502616
2024-02-01,AAPL,Apple shares jumped after raised its full-year guidance,positive,1.0,0.8363033969732826
2024-02-06,AAPL,Analysts turn cautious on Apple after worse-than-expected guidance,negative,0.0,-0.9018107547707248
2024-02-08,AAPL,Analysts turn cautious on Apple after weak sales,negative,-1.0,-0.908760694138755
2024-02-09,AAPL,Apple shares climbed after raised its full-year guidance,positive,1.0,0.8184575805321709
2024-02-12,AAPL,"Apple received an analyst downgrade, shares slide",negative,-1.0,-0.9301553278334871
2024-02-14,AAPL,Apple rallies as it beat analyst earnings estimates,positive,1.0,0.8870673045993982
2024-02-15,AAPL,Apple stock soared on strong quarterly earnings,positive,1.0,0.8523097106069832
2024-02-15,AAPL,Apple shares fell after cut its full-year guidance,negative,-1.0,-0.84993558669835
2024-02-20,AAPL,Apple shares trade flat as it will report quarterly results next week,neutral,0.0,-0.00038349743398443867
2024-02-21,AAPL,Apple stock slumped on disappointing revenue,negative,-1.0,-0.8908116599898455
2024-02-21,AAPL,Apple stock plunged on soft profit margins,negative,0.0,-0.69897465891586
2024-02-22,AAPL,Apple shares trade flat as it will report quarterly results next week,neutral,0.0,-0.00038349743398443867
2024-02-28,AAPL,"Apple received an analyst upgrade, shares climb",positive,1.0,0.9194317067573098
2024-03-01,AAPL,Apple drops as it warned of a demand slowdown,negative,-1.0,-0.9533158452008691
2024-03-06,AAPL,"Apple reported record quarterly profit, shares climb",positive,1.0,0.9639572270273129
2024-03-08,AAPL,Apple drops as it announced layoffs amid cost cuts,negative,-1.0,-0.9497124129098697
2024-03-13,AAPL,Apple shares sank after warned of a demand slowdown,negative,-1.0,-0.8967327638698802
2024-03-14,AAPL,Apple shares jumped after reported record quarterly profit,positive,1.0,0.9278899589159857
2024-03-15,AAPL,Apple drops as it faces a regulatory investigation,negative,-1.0,-0.9500416970082133
2024-03-19,AAPL,Apple sales in line with expectations,neutral,0.0,0.0007415139619491688
2024-03-20,AAPL,Apple shares plunged after announced layoffs amid cost cuts,negative,-1.0,-0.9029822674137956
2024-03-21,AAPL,"Apple held its annual shareholder meeting, no major stock reaction",neutral,0.0,-0.001796699418437863
2024-03-21,AAPL,Apple stock jumped on robust quarterly earnings,positive,1.0,0.8041906677232072
2024-03-22,AAPL,Analysts turn bullish on Apple after better-than-expected quarterly earnings,positive,1.0,0.8843153576594242
2024-03-26,AAPL,Apple shares trade flat as it held its annual shareholder meeting,neutral,0.0,-0.001827263712095361
2024-04-01,AAPL,Apple drops as it missed analyst earnings estimates,negative,-1.0,-0.9282800724279999
2024-04-02,AAPL,Apple rallies as it beat analyst earnings estimates,positive,1.0,0.8870673045993982
2024-04-09,AAPL,Apple stock tumbled on weak sales,negative,-1.0,-0.8242167916516157
2024-04-11,AAPL,Apple rallies as it announced a share buyback program,positive,1.0,0.9430135782382483
2024-04-16,AAPL,"Apple warned of a demand slowdown, shares slide",negative,-1.0,-0.9457543626002491
2024-04-16,AAPL,Apple stock fell on weak revenue,negative,-1.0,-0.873647739966686
2024-04-17,AAPL,"Apple warned of a demand slowdown, shares slide",negative,-1.0,-0.9457543626002491
2024-04-18,AAPL,Apple stock jumped on record quarterly earnings,positive,1.0,0.8640471385735213
2024-04-19,AAPL,Apple drops as it cut its full-year guidance,negative,-1.0,-0.9160228030951157
2024-04-22,AAPL,Apple shares sank after received an analyst downgrade,negative,-1.0,-0.8607072400834562
2024-04-22,AAPL,Apple drops as it cut its full-year guidance,negative,-1.0,-0.9160228030951157
2024-04-23,AAPL,Apple shares jumped after unveiled a new product line to strong demand,positive,1.0,0.9264370721492453
2024-04-25,AAPL,Apple shares climbed after announced a share buyback program,positive,1.0,0.8966776145276076
2024-04-26,AAPL,Apple shares slumped after announced layoffs amid cost cuts,negative,-1.0,-0.9196713366479907
2024-04-26,AAPL,Apple will report quarterly results next week,neutral,0.0,0.00014860442515161193
2024-05-01,AAPL,Apple shares surged after beat analyst earnings estimates,positive,1.0,0.8434182297432161
2024-05-02,AAPL,Apple stock plunged on worse-than-expected quarterly earnings,negative,-1.0,-0.8082436039928083
2024-05-02,AAPL,"Apple faces a regulatory investigation, shares slide",negative,-1.0,-0.9542716268290757
2024-05-03,AAPL,Apple maintained its previous guidance,neutral,0.0,-0.002696215418628467
2024-05-06,AAPL,Apple stock dropped on troubling profit margins,negative,0.0,-0.754706010749137
2024-05-08,AAPL,Apple shares advanced after announced a share buyback program,positive,1.0,0.8934046060740444
2024-05-09,AAPL,Apple cash flow in line with expectations,neutral,0.0,-4.3670778837545665e-05
2024-05-09,AAPL,Apple shares plunged after cut its full-year guidance,negative,-1.0,-0.8177907360612678
2024-05-13,AAPL,Apple shares plunged after faces a regulatory investigation,negative,-1.0,-0.8884898669949352
2024-05-17,AAPL,Analysts turn cautious on Apple after soft sales,negative,0.0,-0.8907212749768577
2024-05-21,AAPL,Analysts turn bullish on Apple after strong guidance,positive,1.0,0.9198373650307776
2024-05-24,AAPL,Analysts turn cautious on Apple after worse-than-expected cash flow,negative,0.0,-0.9087480428053889
2024-05-28,AAPL,"Apple warned of a demand slowdown, shares slide",negative,-1.0,-0.9457543626002491
2024-05-29,AAPL,"Apple faces a regulatory investigation, shares slide",negative,-1.0,-0.9542716268290757
2024-05-29,AAPL,Analysts turn cautious on Apple after weak sales,negative,-1.0,-0.908760694138755
2024-05-31,AAPL,Analysts turn bullish on Apple after strong profit margins,positive,1.0,0.889897615235942
2024-05-31,AAPL,Apple stock advanced on strong sales,positive,1.0,0.8595592556187528
2024-06-03,AAPL,Apple to hold investor call on guidance,neutral,0.0,-0.0005680070921190057
2024-06-05,AAPL,Analysts turn bullish on Apple after record quarterly earnings,positive,1.0,0.9383150969909279
2024-06-07,AAPL,Apple drops as it cut its full-year guidance,negative,-1.0,-0.9160228030951157
2024-06-07,AAPL,Apple drops as it warned of a demand slowdown,negative,-1.0,-0.9533158452008691
2024-06-10,AAPL,Analysts turn bullish on Apple after robust revenue,positive,1.0,0.8914105279883199
2024-06-11,AAPL,Apple rallies as it raised its full-year guidance,positive,1.0,0.903513004984563
2024-06-13,AAPL,Apple stock climbed on strong profit margins,positive,1.0,0.8020146469917755
2024-06-14,AAPL,Analysts turn bullish on Apple after better-than-expected cash flow,positive,1.0,0.8747619892349618
2024-06-17,AAPL,Analysts turn bullish on Apple after robust guidance,positive,1.0,0.917122241004372
2024-06-18,AAPL,"Apple raised its full-year guidance, shares climb",positive,1.0,0.8815839559108796
2024-06-20,AAPL,Apple drops as it warned of a demand slowdown,negative,-1.0,-0.9533158452008691
2024-06-21,AAPL,Apple stock jumped on robust profit margins,positive,1.0,0.7765233593564598
2024-06-24,AAPL,"Apple reported record quarterly profit, shares climb",positive,1.0,0.9639572270273129
2024-06-26,AAPL,Apple rallies as it reported record quarterly profit,positive,1.0,0.9535105038108265
2024-06-27,AAPL,Apple drops as it received an analyst downgrade,negative,-1.0,-0.9438501355840346
2024-07-01,AAPL,Apple stock climbed on resilient cash flow,positive,1.0,0.7874311609913249
2024-07-01,AAPL,"Apple missed analyst earnings estimates, shares slide",negative,-1.0,-0.8926636842206951
2024-07-02,AAPL,"Apple will report quarterly results next week, no major stock reaction",neutral,0.0,-0.0002353372193987409
2024-07-03,AAPL,Analysts turn bullish on Apple after strong sales,positive,1.0,0.927642494735149
2024-07-05,AAPL,Apple shares surged after reported record quarterly profit,positive,1.0,0.9122876873079651
2024-07-05,AAPL,Apple shares soared after announced a share buyback program,positive,1.0,0.9159371002170803
2024-07-08,AAPL,"Apple presented at an industry conference, no major stock reaction",neutral,0.0,-0.001654714678620925
2024-07-08,AAPL,Analysts turn bullish on Apple after robust cash flow,positive,1.0,0.8971929841775284
2024-07-10,AAPL,Apple profit margins in line with expectations,neutral,1.0,-0.000316157893408546
2024-07-10,AAPL,"Apple warned of a demand slowdown, shares slide",negative,-1.0,-0.9457543626002491
2024-07-11,AAPL,Apple stock fell on weak cash flow,negative,-1.0,-0.7917663949444781
2024-07-15,AAPL,"Apple unveiled a new product line to strong demand, shares climb",positive,1.0,0.9405566048709924
2024-07-15,AAPL,Apple stock climbed on resilient cash flow,positive,1.0,0.7874311609913249
2024-07-16,AAPL,Analysts turn cautious on Apple after weak quarterly earnings,negative,-1.0,-0.8714858278388277
2024-07-17,AAPL,Analysts turn bullish on Apple after strong revenue,positive,1.0,0.9067344132742063
2024-07-18,AAPL,Apple rallies as it announced a share buyback program,positive,1.0,0.9430135782382483
2024-07-19,AAPL,Apple guidance in line with expectations,neutral,0.0,0.0008418519205490131
2024-07-23,AAPL,Apple stock fell on disappointing guidance,negative,-1.0,-0.8486833059726697
2024-07-24,AAPL,Apple sales in line with expectations,neutral,0.0,0.0007415139619491688
2024-07-24,AAPL,Analysts turn bullish on Apple after record sales,positive,1.0,0.9069077381569794
2024-07-26,AAPL,Analysts turn bullish on Apple after resilient revenue,positive,1.0,0.9160741346554723
2024-08-01,AAPL,Apple to hold investor call on revenue,neutral,0.0,-0.003254350353674166
2024-08-05,AAPL,Apple to hold investor call on cash flow,neutral,0.0,-0.0018594071186126444
2024-08-08,AAPL,Apple shares advanced after reported record quarterly profit,positive,1.0,0.9208611031119128
2024-08-09,AAPL,Apple shares rallied after reported record quarterly profit,positive,1.0,0.9421745727869794
2024-08-12,AAPL,Apple guidance in line with expectations,neutral,0.0,0.0008418519205490131
2024-08-14,AAPL,Analysts turn cautious on Apple after weak profit margins,negative,0.0,-0.8991465310551295
2024-08-19,AAPL,Analysts turn bullish on Apple after strong profit margins,positive,1.0,0.889897615235942
2024-08-19,AAPL,Apple rallies as it announced a share buyback program,positive,1.0,0.9430135782382483
2024-08-20,AAPL,"Apple faces a regulatory investigation, shares slide",negative,-1.0,-0.9542716268290757
2024-08-21,AAPL,Apple stock jumped on record revenue,positive,1.0,0.767230110575662
2024-08-22,AAPL,Apple rallies as it raised its full-year guidance,positive,1.0,0.903513004984563
2024-08-22,AAPL,Apple shares climbed after unveiled a new product line to strong demand,positive,1.0,0.9155691315216847
2024-08-23,AAPL,Apple drops as it faces a regulatory investigation,negative,-1.0,-0.9500416970082133
2024-08-23,AAPL,Apple shares slumped after faces a regulatory investigation,negative,-1.0,-0.9197211271091705
2024-08-26,AAPL,Apple to hold investor call on sales,neutral,0.0,-0.0014050076077729602
2024-08-29,AAPL,Apple to hold investor call on revenue,neutral,0.0,-0.003254350353674166
2024-09-03,AAPL,"Apple beat analyst earnings estimates, shares climb",positive,1.0,0.9018077547412696
2024-09-04,AAPL,Analysts turn bullish on Apple after resilient quarterly earnings,positive,1.0,0.8984707099127344
2024-09-05,AAPL,Apple drops as it announced layoffs amid cost cuts,negative,-1.0,-0.9497124129098697
2024-09-09,AAPL,Apple rallies as it reported record quarterly profit,positive,1.0,0.9535105038108265
2024-09-10,AAPL,"Apple raised its full-year guidance, shares climb",positive,1.0,0.8815839559108796
2024-09-11,AAPL,Apple rallies as it received an analyst upgrade,positive,1.0,0.8954989283305828
2024-09-12,AAPL,Apple revenue in line with expectations,neutral,0.0,-0.0024028393052526083
2024-09-13,AAPL,Analysts turn cautious on Apple after worse-than-expected sales,negative,0.0,-0.918398380927089
2024-09-16,AAPL,Apple drops as it faces a regulatory investigation,negative,-1.0,-0.9500416970082133
2024-09-18,AAPL,Apple rallies as it beat analyst earnings estimates,positive,1.0,0.8870673045993982
2024-09-19,AAPL,Apple rallies as it beat analyst earnings estimates,positive,1.0,0.8870673045993982
2024-09-20,AAPL,Apple drops as it warned of a demand slowdown,negative,-1.0,-0.9533158452008691
2024-09-26,AAPL,Apple shares dropped after announced layoffs amid cost cuts,negative,-1.0,-0.9256581696228255
2024-09-26,AAPL,"Apple beat analyst earnings estimates, shares climb",positive,1.0,0.9018077547412696
2024-09-27,AAPL,Analysts turn bullish on Apple after resilient profit margins,positive,1.0,0.8875605091261689
2024-09-30,AAPL,Analysts turn bullish on Apple after record quarterly earnings,positive,1.0,0.9383150969909279
2024-10-02,AAPL,Apple shares jumped after received an analyst upgrade,positive,1.0,0.8487320288589704
2024-10-03,AAPL,Analysts turn cautious on Apple after troubling guidance,negative,0.0,-0.9090103065929882
2024-10-04,AAPL,Analysts turn cautious on Apple after disappointing cash flow,negative,0.0,-0.903441483640197
2024-10-07,AAPL,"Apple announced layoffs amid cost cuts, shares slide",negative,-1.0,-0.9470307704612175
2024-10-08,AAPL,Apple shares sank after received an analyst downgrade,negative,-1.0,-0.8607072400834562
2024-10-09,AAPL,Apple drops as it missed analyst earnings estimates,negative,-1.0,-0.9282800724279999
2024-10-10,AAPL,Apple shares soared after reported record quarterly profit,positive,1.0,0.9479615183250069
2024-10-15,AAPL,Apple held its annual shareholder meeting,neutral,0.0,-0.0042547469380051495
2024-10-17,AAPL,Analysts turn cautious on Apple after disappointing profit margins,negative,1.0,-0.902934358943416
2024-10-18,AAPL,Apple stock rallied on record quarterly earnings,positive,1.0,0.8718461169873086
2024-10-18,AAPL,Apple shares tumbled after faces a regulatory investigation,negative,-1.0,-0.8876309931249486
2024-10-21,AAPL,Apple drops as it announced layoffs amid cost cuts,negative,-1.0,-0.9497124129098697
2024-10-22,AAPL,"Apple cut its full-year guidance, shares slide",negative,-1.0,-0.9068839458164285
2024-10-23,AAPL,Apple shares trade flat as it maintained its previous guidance,neutral,0.0,-0.0011909663564374333
2024-10-25,AAPL,Apple stock soared on record quarterly earnings,positive,1.0,0.8274850144323097
2024-10-25,AAPL,Analysts turn bullish on Apple after better-than-expected quarterly earnings,positive,1.0,0.8843153576594242
2024-10-28,AAPL,"Apple faces a regulatory investigation, shares slide",negative,-1.0,-0.9542716268290757
2024-10-29,AAPL,"Apple unveiled a new product line to strong demand, shares climb",positive,1.0,0.9405566048709924
2024-11-01,AAPL,Apple rallies as it beat analyst earnings estimates,positive,1.0,0.8870673045993982
2024-11-01,AAPL,Apple cash flow in line with expectations,neutral,0.0,-4.3670778837545665e-05
2024-11-05,AAPL,Analysts turn bullish on Apple after resilient guidance,positive,1.0,0.9034705440312931
2024-11-08,AAPL,Apple to hold investor call on profit margins,neutral,1.0,-0.00197081013589347
2024-11-12,AAPL,Apple guidance in line with expectations,neutral,0.0,0.0008418519205490131
2024-11-14,AAPL,Apple drops as it warned of a demand slowdown,negative,-1.0,-0.9533158452008691
2024-11-14,AAPL,Apple rallies as it unveiled a new product line to strong demand,positive,1.0,0.9321223541141459
2024-11-15,AAPL,Apple drops as it faces a regulatory investigation,negative,-1.0,-0.9500416970082133
2024-11-18,AAPL,Analysts turn cautious on Apple after disappointing quarterly earnings,negative,0.0,-0.9036088415749409
2024-11-21,AAPL,Apple rallies as it announced a share buyback program,positive,1.0,0.9430135782382483
2024-11-22,AAPL,"Apple cut its full-year guidance, shares slide",negative,-1.0,-0.9068839458164285
2024-11-26,AAPL,"Apple announced a change to its board of directors, no major stock reaction",neutral,0.0,-0.001263477277714753
2024-11-29,AAPL,Apple stock climbed on record profit margins,positive,1.0,0.7622075243500609
2024-12-02,AAPL,Apple stock rallied on robust profit margins,positive,1.0,0.7992958799583536
2024-12-04,AAPL,Apple maintained its previous guidance,neutral,0.0,-0.002696215418628467
2024-12-06,AAPL,Apple stock slumped on soft sales,negative,-1.0,-0.7884349818669008
2024-12-11,AAPL,Apple stock slumped on disappointing quarterly earnings,negative,-1.0,-0.8527366393505079
2024-12-12,AAPL,"Apple faces a regulatory investigation, shares slide",negative,-1.0,-0.9542716268290757
2024-12-12,AAPL,Analysts turn cautious on Apple after soft sales,negative,0.0,-0.8907212749768577
2024-12-13,AAPL,Analysts turn cautious on Apple after soft sales,negative,0.0,-0.8907212749768577
2024-12-13,AAPL,"Apple received an analyst upgrade, shares climb",positive,1.0,0.9194317067573098
2024-12-16,AAPL,"Apple received an analyst downgrade, shares slide",negative,-1.0,-0.9301553278334871
2024-12-18,AAPL,"Apple maintained its previous guidance, no major stock reaction",neutral,0.0,-0.0012635811608409202
2024-12-18,AAPL,Apple stock dropped on soft profit margins,negative,0.0,-0.6948865590511433
2024-12-19,AAPL,Analysts turn cautious on Apple after disappointing quarterly earnings,negative,0.0,-0.9036088415749409
2024-12-26,AAPL,Apple rallies as it unveiled a new product line to strong demand,positive,1.0,0.9321223541141459
2024-12-27,AAPL,Apple stock fell on worse-than-expected cash flow,negative,-1.0,-0.8630939457913442
2024-12-30,AAPL,Apple rallies as it announced a share buyback program,positive,1.0,0.9430135782382483
2024-12-30,AAPL,Apple shares dropped after faces a regulatory investigation,negative,-1.0,-0.9089056675301416
2025-01-02,AAPL,"Apple announced a share buyback program, shares climb",positive,1.0,0.9444069844023287
2025-01-02,AAPL,Apple shares tumbled after received an analyst downgrade,negative,-1.0,-0.8366115719617147
2025-01-03,AAPL,Apple rallies as it unveiled a new product line to strong demand,positive,1.0,0.9321223541141459
2025-01-06,AAPL,Apple rallies as it announced a share buyback program,positive,1.0,0.9430135782382483
2025-01-14,AAPL,Apple rallies as it raised its full-year guidance,positive,1.0,0.903513004984563
2025-01-15,AAPL,Apple shares climbed after beat analyst earnings estimates,positive,1.0,0.8437077835193046
2025-01-16,AAPL,Apple shares jumped after unveiled a new product line to strong demand,positive,1.0,0.9264370721492453
2025-01-16,AAPL,Apple shares trade flat as it presented at an industry conference,neutral,0.0,-0.0016516250217269973
2025-01-17,AAPL,Apple stock rallied on strong quarterly earnings,positive,1.0,0.8782449137083398
2025-01-29,AAPL,Analysts turn cautious on Apple after soft guidance,negative,0.0,-0.9028775167854167
2025-01-30,AAPL,Analysts turn cautious on Apple after worse-than-expected profit margins,negative,1.0,-0.9017108676163619
2025-01-30,AAPL,Apple shares soared after reported record quarterly profit,positive,1.0,0.9479615183250069
2025-02-03,AAPL,Analysts turn cautious on Apple after worse-than-expected profit margins,negative,1.0,-0.9017108676163619
2025-02-05,AAPL,Analysts turn cautious on Apple after weak quarterly earnings,negative,-1.0,-0.8714858278388277
2025-02-10,AAPL,Analysts turn bullish on Apple after record revenue,positive,1.0,0.8857297951398488
2025-02-11,AAPL,Apple stock dropped on soft cash flow,negative,-1.0,-0.73224548672079
2025-02-12,AAPL,Apple shares trade flat as it filed its routine quarterly disclosure,neutral,0.0,-0.0003751600856096663
2025-02-12,AAPL,"Apple raised its full-year guidance, shares climb",positive,1.0,0.8815839559108796
2025-02-13,AAPL,"Apple received an analyst upgrade, shares climb",positive,1.0,0.9194317067573098
2025-02-14,AAPL,Analysts turn bullish on Apple after better-than-expected revenue,positive,1.0,0.8917004840080984
2025-02-14,AAPL,Apple profit margins in line with expectations,neutral,1.0,-0.000316157893408546
2025-02-20,AAPL,"Apple reported record quarterly profit, shares climb",positive,1.0,0.9639572270273129
2025-02-21,AAPL,Apple shares rallied after beat analyst earnings estimates,positive,1.0,0.8730038692379736
2025-02-25,AAPL,Apple drops as it cut its full-year guidance,negative,-1.0,-0.9160228030951157
2025-02-26,AAPL,"Apple will report quarterly results next week, no major stock reaction",neutral,0.0,-0.0002353372193987409
2025-02-27,AAPL,Apple maintained its previous guidance,neutral,0.0,-0.002696215418628467
2025-02-28,AAPL,Apple quarterly earnings in line with expectations,neutral,0.0,0.0036239929598154245
2025-03-03,AAPL,Analysts turn bullish on Apple after strong cash flow,positive,1.0,0.8926135126478505
2025-03-04,AAPL,"Apple held its annual shareholder meeting, no major stock reaction",neutral,0.0,-0.001796699418437863
2025-03-07,AAPL,"Apple beat analyst earnings estimates, shares climb",positive,1.0,0.9018077547412696
2025-03-12,AAPL,Apple drops as it cut its full-year guidance,negative,-1.0,-0.9160228030951157
2025-03-13,AAPL,Apple rallies as it announced a share buyback program,positive,1.0,0.9430135782382483
2025-03-17,AAPL,Apple drops as it missed analyst earnings estimates,negative,-1.0,-0.9282800724279999
2025-03-18,AAPL,Apple drops as it missed analyst earnings estimates,negative,-1.0,-0.9282800724279999
2025-03-19,AAPL,"Apple reported record quarterly profit, shares climb",positive,1.0,0.9639572270273129
2025-03-20,AAPL,"Apple raised its full-year guidance, shares climb",positive,1.0,0.8815839559108796
2025-03-24,AAPL,Apple filed its routine quarterly disclosure,neutral,0.0,-0.0001809503518552802
2025-03-24,AAPL,Apple shares trade flat as it maintained its previous guidance,neutral,0.0,-0.0011909663564374333
2025-03-25,AAPL,Apple shares plunged after cut its full-year guidance,negative,-1.0,-0.8177907360612678
2025-03-27,AAPL,"Apple announced a change to its board of directors, no major stock reaction",neutral,0.0,-0.001263477277714753
2025-03-31,AAPL,Apple stock fell on weak guidance,negative,-1.0,-0.8396690678679586
2025-04-01,AAPL,Analysts turn cautious on Apple after disappointing sales,negative,0.0,-0.9168949078548875
2025-04-03,AAPL,Apple shares surged after raised its full-year guidance,positive,1.0,0.8174855430914125
2025-04-11,AAPL,Analysts turn cautious on Apple after weak guidance,negative,-1.0,-0.9041681649492826
2025-04-14,AAPL,Apple shares jumped after received an analyst upgrade,positive,1.0,0.8487320288589704
2025-04-21,AAPL,"Apple cut its full-year guidance, shares slide",negative,-1.0,-0.9068839458164285
2025-04-24,AAPL,Apple rallies as it raised its full-year guidance,positive,1.0,0.903513004984563
2025-04-25,AAPL,Apple revenue in line with expectations,neutral,0.0,-0.0024028393052526083
2025-04-30,AAPL,Apple shares tumbled after faces a regulatory investigation,negative,-1.0,-0.8876309931249486
2025-04-30,AAPL,Apple rallies as it received an analyst upgrade,positive,1.0,0.8954989283305828
2025-05-02,AAPL,Analysts turn bullish on Apple after robust sales,positive,1.0,0.9123980151793691
2025-05-05,AAPL,Apple shares sank after faces a regulatory investigation,negative,-1.0,-0.9103458187504319
2025-05-06,AAPL,Apple to hold investor call on sales,neutral,0.0,-0.0014050076077729602
2025-05-06,AAPL,"Apple missed analyst earnings estimates, shares slide",negative,-1.0,-0.8926636842206951
2025-05-08,AAPL,Apple stock slumped on soft profit margins,negative,0.0,-0.745227041659999
2025-05-09,AAPL,"Apple received an analyst upgrade, shares climb",positive,1.0,0.9194317067573098
2025-05-12,AAPL,Apple rallies as it reported record quarterly profit,positive,1.0,0.9535105038108265
2025-05-13,AAPL,Apple shares slumped after announced layoffs amid cost cuts,negative,-1.0,-0.9196713366479907
2025-05-13,AAPL,Analysts turn bullish on Apple after resilient cash flow,positive,1.0,0.8944479702174621
2025-05-15,AAPL,Apple stock fell on worse-than-expected profit margins,negative,0.0,-0.8529909928664727
2025-05-15,AAPL,Analysts turn cautious on Apple after soft guidance,negative,0.0,-0.9028775167854167
2025-05-16,AAPL,Apple stock slumped on troubling profit margins,negative,0.0,-0.8315883187810754
2025-05-19,AAPL,"Apple beat analyst earnings estimates, shares climb",positive,1.0,0.9018077547412696
2025-05-21,AAPL,Apple shares climbed after reported record quarterly profit,positive,1.0,0.9190089820389667
2025-05-22,AAPL,Apple stock rallied on resilient guidance,positive,1.0,0.7696606540986807
2025-05-28,AAPL,Apple shares surged after unveiled a new product line to strong demand,positive,1.0,0.9077836658036393
2025-05-30,AAPL,Analysts turn bullish on Apple after robust profit margins,positive,1.0,0.8792955094841604
2025-06-02,AAPL,Apple shares plunged after announced layoffs amid cost cuts,negative,-1.0,-0.9029822674137956
2025-06-03,AAPL,Apple shares climbed after beat analyst earnings estimates,positive,1.0,0.8437077835193046
2025-06-04,AAPL,Apple to hold investor call on guidance,neutral,0.0,-0.0005680070921190057
2025-06-04,AAPL,Apple stock soared on robust profit margins,positive,1.0,0.7657798824874806
2025-06-06,AAPL,Apple shares soared after unveiled a new product line to strong demand,positive,1.0,0.9195437623115332
2025-06-09,AAPL,Apple drops as it missed analyst earnings estimates,negative,-1.0,-0.9282800724279999
2025-06-10,AAPL,Apple shares advanced after announced a share buyback program,positive,1.0,0.8934046060740444
2025-06-10,AAPL,"Apple announced a change to its board of directors, no major stock reaction",neutral,0.0,-0.001263477277714753
2025-06-11,AAPL,Analysts turn bullish on Apple after robust profit margins,positive,1.0,0.8792955094841604
2025-06-18,AAPL,Apple stock plunged on weak quarterly earnings,negative,-1.0,-0.6939291084998833
2025-06-20,AAPL,Apple stock jumped on robust sales,positive,1.0,0.8274824700477534
2025-06-20,AAPL,"Apple received an analyst upgrade, shares climb",positive,1.0,0.9194317067573098
2025-06-23,AAPL,Apple to hold investor call on quarterly earnings,neutral,0.0,0.0011241366078557236
2025-06-23,AAPL,Apple filed its routine quarterly disclosure,neutral,0.0,-0.0001809503518552802
2025-06-25,AAPL,Apple sales in line with expectations,neutral,0.0,0.0007415139619491688
2025-06-25,AAPL,Apple to hold investor call on guidance,neutral,0.0,-0.0005680070921190057
2025-06-26,AAPL,Apple rallies as it reported record quarterly profit,positive,1.0,0.9535105038108265
2025-06-27,AAPL,Apple stock fell on weak revenue,negative,-1.0,-0.873647739966686
2025-06-30,AAPL,Apple will report quarterly results next week,neutral,0.0,0.00014860442515161193
2025-07-02,AAPL,Apple rallies as it unveiled a new product line to strong demand,positive,1.0,0.9321223541141459
2025-07-07,AAPL,Apple shares tumbled after announced layoffs amid cost cuts,negative,-1.0,-0.9142249099385178
2025-07-09,AAPL,Analysts turn cautious on Apple after worse-than-expected cash flow,negative,0.0,-0.9087480428053889
2025-07-11,AAPL,Analysts turn cautious on Apple after soft quarterly earnings,negative,0.0,-0.8633732117550904
2025-07-14,AAPL,"Apple received an analyst downgrade, shares slide",negative,-1.0,-0.9301553278334871
2025-07-14,AAPL,Apple drops as it faces a regulatory investigation,negative,-1.0,-0.9500416970082133
2025-07-16,AAPL,Apple revenue in line with expectations,neutral,0.0,-0.0024028393052526083
2025-07-21,AAPL,Apple stock climbed on resilient cash flow,positive,1.0,0.7874311609913249
2025-07-22,AAPL,Apple revenue in line with expectations,neutral,0.0,-0.0024028393052526083
2025-07-24,AAPL,Apple shares fell after faces a regulatory investigation,negative,-1.0,-0.8981358756447909
2025-07-24,AAPL,Apple to hold investor call on revenue,neutral,0.0,-0.003254350353674166
2025-07-28,AAPL,Apple stock sank on disappointing quarterly earnings,negative,-1.0,-0.7900296049643559
2025-08-01,AAPL,Apple shares trade flat as it held its annual shareholder meeting,neutral,0.0,-0.001827263712095361
2025-08-04,AAPL,Apple drops as it missed analyst earnings estimates,negative,-1.0,-0.9282800724279999
2025-08-06,AAPL,Apple shares trade flat as it presented at an industry conference,neutral,0.0,-0.0016516250217269973
2025-08-07,AAPL,Apple stock rallied on record profit margins,positive,1.0,0.7707753495966986
2025-08-11,AAPL,Apple shares rallied after raised its full-year guidance,positive,1.0,0.8658458044481174
2025-08-13,AAPL,Analysts turn cautious on Apple after disappointing quarterly earnings,negative,0.0,-0.9036088415749409
2025-08-14,AAPL,Apple shares sank after announced layoffs amid cost cuts,negative,-1.0,-0.920221452594127
2025-08-14,AAPL,Apple stock surged on strong cash flow,positive,1.0,0.8005072908207967
2025-08-15,AAPL,Apple shares surged after announced a share buyback program,positive,1.0,0.8954235562531775
2025-08-18,AAPL,Apple shares plunged after missed analyst earnings estimates,negative,-1.0,-0.8104326870118893
2025-08-19,AAPL,Apple drops as it missed analyst earnings estimates,negative,-1.0,-0.9282800724279999
2025-08-19,AAPL,Apple shares dropped after received an analyst downgrade,negative,-1.0,-0.8858640114967333
2025-08-20,AAPL,"Apple filed its routine quarterly disclosure, no major stock reaction",neutral,0.0,-0.00038340612260502616
2025-08-25,AAPL,Apple drops as it faces a regulatory investigation,negative,-1.0,-0.9500416970082133
2025-08-25,AAPL,Apple cash flow in line with expectations,neutral,0.0,-4.3670778837545665e-05
2025-08-27,AAPL,Apple stock sank on disappointing cash flow,negative,-1.0,-0.7942185958605157
2025-08-28,AAPL,Apple profit margins in line with expectations,neutral,1.0,-0.000316157893408546
2025-09-02,AAPL,Apple to hold investor call on revenue,neutral,0.0,-0.003254350353674166
2025-09-05,AAPL,Apple drops as it announced layoffs amid cost cuts,negative,-1.0,-0.9497124129098697
2025-09-05,AAPL,Apple shares tumbled after missed analyst earnings estimates,negative,-1.0,-0.8557674008493236
2025-09-08,AAPL,Apple filed its routine quarterly disclosure,neutral,0.0,-0.0001809503518552802
2025-09-09,AAPL,Apple rallies as it raised its full-year guidance,positive,1.0,0.903513004984563
2025-09-12,AAPL,Apple shares surged after unveiled a new product line to strong demand,positive,1.0,0.9077836658036393
2025-09-15,AAPL,"Apple announced a change to its board of directors, no major stock reaction",neutral,0.0,-0.001263477277714753
2025-09-17,AAPL,Apple stock tumbled on worse-than-expected sales,negative,-1.0,-0.8635742038413857
2025-09-19,AAPL,Apple shares plunged after warned of a demand slowdown,negative,-1.0,-0.8710155603831788
2025-09-23,AAPL,Analysts turn bullish on Apple after robust quarterly earnings,positive,1.0,0.8974604318753575
2025-09-24,AAPL,Apple maintained its previous guidance,neutral,0.0,-0.002696215418628467
2025-09-26,AAPL,Apple stock climbed on robust guidance,positive,1.0,0.844641854294111
2025-09-30,AAPL,Analysts turn cautious on Apple after worse-than-expected quarterly earnings,negative,0.0,-0.9023623168696677
2025-10-02,AAPL,Apple shares rallied after received an analyst upgrade,positive,1.0,0.8485046382932053
2025-10-03,AAPL,Apple rallies as it announced a share buyback program,positive,1.0,0.9430135782382483
2025-10-06,AAPL,Apple shares trade flat as it filed its routine quarterly disclosure,neutral,0.0,-0.0003751600856096663
2025-10-07,AAPL,Apple drops as it received an analyst downgrade,negative,-1.0,-0.9438501355840346
2025-10-07,AAPL,Apple maintained its previous guidance,neutral,0.0,-0.002696215418628467
2025-10-08,AAPL,Apple profit margins in line with expectations,neutral,1.0,-0.000316157893408546
2025-10-09,AAPL,Apple stock rallied on resilient quarterly earnings,positive,1.0,0.768480277357365
2025-10-09,AAPL,Apple drops as it cut its full-year guidance,negative,-1.0,-0.9160228030951157
2025-10-15,AAPL,Apple shares slumped after warned of a demand slowdown,negative,-1.0,-0.9015074206952988
2025-10-20,AAPL,"Apple warned of a demand slowdown, shares slide",negative,-1.0,-0.9457543626002491
2025-10-22,AAPL,"Apple received an analyst upgrade, shares climb",positive,1.0,0.9194317067573098
2025-10-22,AAPL,Analysts turn bullish on Apple after robust revenue,positive,1.0,0.8914105279883199
2025-10-27,AAPL,Apple rallies as it beat analyst earnings estimates,positive,1.0,0.8870673045993982
2025-10-28,AAPL,"Apple received an analyst downgrade, shares slide",negative,-1.0,-0.9301553278334871
2025-10-31,AAPL,Apple shares rallied after announced a share buyback program,positive,1.0,0.91742328768756
2025-10-31,AAPL,Apple rallies as it announced a share buyback program,positive,1.0,0.9430135782382483
2025-11-06,AAPL,Apple shares rallied after received an analyst upgrade,positive,1.0,0.8485046382932053
2025-11-07,AAPL,Apple shares trade flat as it maintained its previous guidance,neutral,0.0,-0.0011909663564374333
2025-11-07,AAPL,Apple stock climbed on strong revenue,positive,1.0,0.8260914311299279
2025-11-10,AAPL,Analysts turn cautious on Apple after worse-than-expected sales,negative,0.0,-0.918398380927089
2025-11-10,AAPL,Apple rallies as it announced a share buyback program,positive,1.0,0.9430135782382483
2025-11-13,AAPL,Apple stock tumbled on troubling quarterly earnings,negative,-1.0,-0.785825433220499
2025-11-14,AAPL,Apple rallies as it unveiled a new product line to strong demand,positive,1.0,0.9321223541141459
2025-11-17,AAPL,Apple shares jumped after beat analyst earnings estimates,positive,1.0,0.8608975262234894
2025-11-19,AAPL,Apple drops as it received an analyst downgrade,negative,-1.0,-0.9438501355840346
2025-11-20,AAPL,Apple filed its routine quarterly disclosure,neutral,0.0,-0.0001809503518552802
2025-11-26,AAPL,Apple shares tumbled after missed analyst earnings estimates,negative,-1.0,-0.8557674008493236
2025-11-26,AAPL,Analysts turn bullish on Apple after resilient cash flow,positive,1.0,0.8944479702174621
2025-11-28,AAPL,Apple shares advanced after raised its full-year guidance,positive,1.0,0.8138748444042203
2025-12-04,AAPL,Analysts turn bullish on Apple after robust guidance,positive,1.0,0.917122241004372
2025-12-08,AAPL,Analysts turn bullish on Apple after better-than-expected cash flow,positive,1.0,0.8747619892349618
2025-12-09,AAPL,"Apple cut its full-year guidance, shares slide",negative,-1.0,-0.9068839458164285
2025-12-09,AAPL,Apple shares sank after faces a regulatory investigation,negative,-1.0,-0.9103458187504319
2025-12-11,AAPL,Apple rallies as it unveiled a new product line to strong demand,positive,1.0,0.9321223541141459
2025-12-16,AAPL,Apple stock fell on disappointing sales,negative,-1.0,-0.8564784556036685
2025-12-16,AAPL,Apple will report quarterly results next week,neutral,0.0,0.00014860442515161193
2025-12-18,AAPL,"Apple beat analyst earnings estimates, shares climb",positive,1.0,0.9018077547412696
2025-12-19,AAPL,"Apple raised its full-year guidance, shares climb",positive,1.0,0.8815839559108796
2025-12-22,AAPL,Analysts turn cautious on Apple after worse-than-expected quarterly earnings,negative,0.0,-0.9023623168696677
2025-12-23,AAPL,Apple stock advanced on robust quarterly earnings,positive,1.0,0.7994608939663946
2025-12-26,AAPL,Apple stock slumped on troubling sales,negative,-1.0,-0.8626886855776711
2025-12-30,AAPL,Apple shares rallied after received an analyst upgrade,positive,1.0,0.8485046382932053
2025-12-31,AAPL,Apple profit margins in line with expectations,neutral,1.0,-0.000316157893408546
2026-01-05,AAPL,Apple shares advanced after raised its full-year guidance,positive,1.0,0.8138748444042203
2026-01-06,AAPL,Apple shares trade flat as it held its annual shareholder meeting,neutral,0.0,-0.001827263712095361
2026-01-07,AAPL,Analysts turn bullish on Apple after strong cash flow,positive,1.0,0.8926135126478505
2026-01-12,AAPL,Apple shares climbed after received an analyst upgrade,positive,1.0,0.8535820301122636
2026-01-12,AAPL,Analysts turn bullish on Apple after better-than-expected quarterly earnings,positive,1.0,0.8843153576594242
2026-01-13,AAPL,Analysts turn cautious on Apple after worse-than-expected sales,negative,0.0,-0.918398380927089
2026-01-15,AAPL,"Apple reported record quarterly profit, shares climb",positive,1.0,0.9639572270273129
2026-01-21,AAPL,Apple stock advanced on strong sales,positive,1.0,0.8595592556187528
2026-01-22,AAPL,Apple announced a change to its board of directors,neutral,0.0,-0.00265317988934842
2026-01-22,AAPL,Apple shares trade flat as it filed its routine quarterly disclosure,neutral,0.0,-0.0003751600856096663
2026-01-26,AAPL,Analysts turn bullish on Apple after record cash flow,positive,1.0,0.895053413945584
2026-01-28,AAPL,"Apple received an analyst downgrade, shares slide",negative,-1.0,-0.9301553278334871
2026-01-29,AAPL,Apple to hold investor call on cash flow,neutral,0.0,-0.0018594071186126444
2026-01-29,AAPL,Apple shares trade flat as it presented at an industry conference,neutral,0.0,-0.0016516250217269973
2026-01-30,AAPL,Apple shares sank after missed analyst earnings estimates,negative,-1.0,-0.8588358415769929
2026-01-30,AAPL,Apple shares soared after received an analyst upgrade,positive,1.0,0.8433666432873026
2026-02-02,AAPL,Apple will report quarterly results next week,neutral,0.0,0.00014860442515161193
2026-02-05,AAPL,Apple stock jumped on resilient quarterly earnings,positive,1.0,0.7399731189132328
2026-02-06,AAPL,Apple drops as it announced layoffs amid cost cuts,negative,-1.0,-0.9497124129098697
2026-02-10,AAPL,Apple drops as it announced layoffs amid cost cuts,negative,-1.0,-0.9497124129098697
2026-02-12,AAPL,"Apple unveiled a new product line to strong demand, shares climb",positive,1.0,0.9405566048709924
2026-02-13,AAPL,"Apple faces a regulatory investigation, shares slide",negative,-1.0,-0.9542716268290757
2026-02-17,AAPL,"Apple cut its full-year guidance, shares slide",negative,-1.0,-0.9068839458164285
2026-02-18,AAPL,Apple stock advanced on better-than-expected cash flow,positive,1.0,0.7977956682920635
2026-02-18,AAPL,"Apple beat analyst earnings estimates, shares climb",positive,1.0,0.9018077547412696
2026-02-19,AAPL,Apple shares plunged after faces a regulatory investigation,negative,-1.0,-0.8884898669949352
2026-02-24,AAPL,Apple stock tumbled on disappointing quarterly earnings,negative,-1.0,-0.8177215039028902
2026-02-25,AAPL,Apple shares rallied after beat analyst earnings estimates,positive,1.0,0.8730038692379736
2026-02-26,AAPL,Apple maintained its previous guidance,neutral,0.0,-0.002696215418628467
2026-02-27,AAPL,Apple to hold investor call on revenue,neutral,0.0,-0.003254350353674166
2026-03-03,AAPL,Apple presented at an industry conference,neutral,0.0,-0.004039395793169469
2026-03-04,AAPL,Apple profit margins in line with expectations,neutral,1.0,-0.000316157893408546
2026-03-06,AAPL,"Apple beat analyst earnings estimates, shares climb",positive,1.0,0.9018077547412696
2026-03-09,AAPL,Apple to hold investor call on cash flow,neutral,0.0,-0.0018594071186126444
2026-03-09,AAPL,Apple stock jumped on strong guidance,positive,1.0,0.820726098023747
2026-03-10,AAPL,Apple stock plunged on troubling sales,negative,-1.0,-0.7861750804758575
2026-03-12,AAPL,Apple cash flow in line with expectations,neutral,0.0,-4.3670778837545665e-05
2026-03-12,AAPL,"Apple held its annual shareholder meeting, no major stock reaction",neutral,0.0,-0.001796699418437863
2026-03-13,AAPL,Apple drops as it missed analyst earnings estimates,negative,-1.0,-0.9282800724279999
2026-03-16,AAPL,"Apple announced a share buyback program, shares climb",positive,1.0,0.9444069844023287
2026-03-17,AAPL,Apple rallies as it beat analyst earnings estimates,positive,1.0,0.8870673045993982
2026-03-17,AAPL,Apple drops as it faces a regulatory investigation,negative,-1.0,-0.9500416970082133
2026-03-19,AAPL,Analysts turn cautious on Apple after disappointing profit margins,negative,1.0,-0.902934358943416
2026-03-23,AAPL,Apple shares advanced after beat analyst earnings estimates,positive,1.0,0.8322499413267133
2026-03-24,AAPL,Apple shares surged after announced a share buyback program,positive,1.0,0.8954235562531775
2026-03-24,AAPL,Apple will report quarterly results next week,neutral,0.0,0.00014860442515161193
2026-03-26,AAPL,Apple stock tumbled on worse-than-expected profit margins,negative,0.0,-0.8392269437955493
2026-03-27,AAPL,Analysts turn cautious on Apple after troubling cash flow,negative,0.0,-0.9078191926508233
2026-03-30,AAPL,Apple shares jumped after reported record quarterly profit,positive,1.0,0.9278899589159857
2026-04-06,AAPL,Analysts turn cautious on Apple after soft cash flow,negative,0.0,-0.8820957987650452
2026-04-07,AAPL,Apple stock jumped on strong sales,positive,1.0,0.8374457062330926
2026-04-08,AAPL,Apple shares dropped after faces a regulatory investigation,negative,-1.0,-0.9089056675301416
2026-04-08,AAPL,Analysts turn cautious on Apple after weak sales,negative,-1.0,-0.908760694138755
2026-04-13,AAPL,Analysts turn bullish on Apple after resilient guidance,positive,1.0,0.9034705440312931
2026-04-13,AAPL,"Apple cut its full-year guidance, shares slide",negative,-1.0,-0.9068839458164285
2026-04-15,AAPL,"Apple warned of a demand slowdown, shares slide",negative,-1.0,-0.9457543626002491
2026-04-15,AAPL,Apple rallies as it beat analyst earnings estimates,positive,1.0,0.8870673045993982
2026-04-16,AAPL,Apple stock sank on disappointing cash flow,negative,-1.0,-0.7942185958605157
2026-04-17,AAPL,Apple stock rallied on better-than-expected guidance,positive,1.0,0.8436104420000079
2026-04-20,AAPL,Apple will report quarterly results next week,neutral,0.0,0.00014860442515161193
2026-04-24,AAPL,"Apple beat analyst earnings estimates, shares climb",positive,1.0,0.9018077547412696
2026-04-27,AAPL,"Apple announced a share buyback program, shares climb",positive,1.0,0.9444069844023287
2026-04-28,AAPL,Apple drops as it faces a regulatory investigation,negative,-1.0,-0.9500416970082133
2026-04-29,AAPL,Apple stock plunged on soft revenue,negative,-1.0,-0.7614949703893232
2026-04-30,AAPL,Apple stock tumbled on soft cash flow,negative,-1.0,-0.7796366379193655
2026-05-01,AAPL,Apple rallies as it announced a share buyback program,positive,1.0,0.9430135782382483
2026-05-04,AAPL,Apple stock soared on better-than-expected profit margins,positive,1.0,0.741009593414543
2026-05-05,AAPL,Apple drops as it missed analyst earnings estimates,negative,-1.0,-0.9282800724279999
2026-05-06,AAPL,Apple to hold investor call on sales,neutral,0.0,-0.0014050076077729602
2026-05-07,AAPL,"Apple warned of a demand slowdown, shares slide",negative,-1.0,-0.9457543626002491
2026-05-13,AAPL,Apple stock jumped on robust cash flow,positive,1.0,0.8044627655506924
2026-05-13,AAPL,"Apple maintained its previous guidance, no major stock reaction",neutral,0.0,-0.0012635811608409202
2026-05-14,AAPL,Apple rallies as it raised its full-year guidance,positive,1.0,0.903513004984563
2026-05-14,AAPL,Analysts turn bullish on Apple after better-than-expected cash flow,positive,1.0,0.8747619892349618
2026-05-15,AAPL,Apple to hold investor call on quarterly earnings,neutral,0.0,0.0011241366078557236
2026-05-18,AAPL,Analysts turn bullish on Apple after better-than-expected quarterly earnings,positive,1.0,0.8843153576594242
2026-05-18,AAPL,Apple stock tumbled on weak profit margins,negative,-0.3333333333333333,-0.8115555524167164
2026-05-21,AAPL,Analysts turn cautious on Apple after weak sales,negative,-1.0,-0.908760694138755
2026-05-27,AAPL,Apple quarterly earnings in line with expectations,neutral,0.0,0.0036239929598154245
2026-05-28,AAPL,"Apple faces a regulatory investigation, shares slide",negative,-1.0,-0.9542716268290757
2026-05-29,AAPL,Apple to hold investor call on guidance,neutral,0.0,-0.0005680070921190057
2026-06-01,AAPL,Apple shares trade flat as it maintained its previous guidance,neutral,0.0,-0.0011909663564374333
2026-06-02,AAPL,"Apple will report quarterly results next week, no major stock reaction",neutral,0.0,-0.0002353372193987409
2026-06-03,AAPL,"Apple faces a regulatory investigation, shares slide",negative,-1.0,-0.9542716268290757
2026-06-03,AAPL,Apple shares trade flat as it announced a change to its board of directors,neutral,0.0,-0.0011888398453580567
2026-06-08,AAPL,Analysts turn bullish on Apple after record sales,positive,1.0,0.9069077381569794
2026-06-09,AAPL,Apple presented at an industry conference,neutral,0.0,-0.004039395793169469
2026-06-10,AAPL,Apple stock tumbled on worse-than-expected profit margins,negative,0.0,-0.8392269437955493
2026-06-12,AAPL,Apple stock plunged on troubling guidance,negative,-1.0,-0.7677627045759143
2026-06-15,AAPL,Analysts turn bullish on Apple after record revenue,positive,1.0,0.8857297951398488
2026-06-25,AAPL,Apple held its annual shareholder meeting,neutral,0.0,-0.0042547469380051495
2026-06-29,AAPL,Apple rallies as it raised its full-year guidance,positive,1.0,0.903513004984563
2026-06-30,AAPL,"Apple reported record quarterly profit, shares climb",positive,1.0,0.9639572270273129
2026-06-30,AAPL,Apple shares climbed after received an analyst upgrade,positive,1.0,0.8535820301122636
2026-07-01,AAPL,Analysts turn cautious on Apple after troubling revenue,negative,0.0,-0.9235237985644147
2021-07-02,MSFT,Microsoft quarterly earnings in line with expectations,neutral,0.0,0.00507988028441346
2021-07-07,MSFT,"Microsoft announced a share buyback program, shares climb",positive,1.0,0.9512395916030502
2021-07-07,MSFT,Microsoft shares plunged after cut its full-year guidance,negative,-1.0,-0.7863417301624269
2021-07-08,MSFT,Microsoft shares plunged after received an analyst downgrade,negative,-1.0,-0.8006798681916445
2021-07-14,MSFT,Analysts turn bullish on Microsoft after robust cash flow,positive,1.0,0.9095098594702262
2021-07-15,MSFT,Microsoft rallies as it reported record quarterly profit,positive,1.0,0.958703659090934
2021-07-21,MSFT,Analysts turn cautious on Microsoft after worse-than-expected guidance,negative,0.0,-0.9254095180263086
2021-07-23,MSFT,Analysts turn bullish on Microsoft after better-than-expected sales,positive,1.0,0.9103121266473886
2021-07-27,MSFT,"Microsoft presented at an industry conference, no major stock reaction",neutral,0.0,-0.00043188623034046136
2021-07-28,MSFT,Microsoft stock fell on worse-than-expected cash flow,negative,-1.0,-0.8591492313595044
2021-07-29,MSFT,Microsoft shares tumbled after received an analyst downgrade,negative,-1.0,-0.8107591595382526
2021-08-03,MSFT,Analysts turn bullish on Microsoft after record revenue,positive,1.0,0.892898010351791
2021-08-03,MSFT,Microsoft rallies as it announced a share buyback program,positive,1.0,0.9490455380417047
2021-08-06,MSFT,"Microsoft filed its routine quarterly disclosure, no major stock reaction",neutral,0.0,0.0006504761388644829
2021-08-12,MSFT,Microsoft stock climbed on strong revenue,positive,1.0,0.8315511026933127
2021-08-16,MSFT,Microsoft stock jumped on robust quarterly earnings,positive,1.0,0.8096038694466197
2021-08-17,MSFT,"Microsoft announced a share buyback program, shares climb",positive,1.0,0.9512395916030502
2021-08-19,MSFT,Microsoft stock plunged on disappointing sales,negative,-1.0,-0.7964749080813485
2021-08-24,MSFT,Microsoft drops as it warned of a demand slowdown,negative,-1.0,-0.9431989895603899
2021-08-30,MSFT,Microsoft shares tumbled after announced layoffs amid cost cuts,negative,-1.0,-0.9036095768364794
2021-09-01,MSFT,Microsoft to hold investor call on guidance,neutral,0.0,0.0005390898643303811
2021-09-02,MSFT,"Microsoft announced layoffs amid cost cuts, shares slide",negative,-1.0,-0.945090481196986
2021-09-08,MSFT,Microsoft shares advanced after reported record quarterly profit,positive,1.0,0.932654452647616
2021-09-09,MSFT,"Microsoft missed analyst earnings estimates, shares slide",negative,-1.0,-0.9001358536729646
2021-09-13,MSFT,Microsoft stock slumped on disappointing sales,negative,-1.0,-0.8680734821446203
2021-09-15,MSFT,Microsoft rallies as it unveiled a new product line to strong demand,positive,1.0,0.9375511222849942
2021-09-28,MSFT,Microsoft stock sank on soft guidance,negative,-1.0,-0.7984039351176622
2021-09-30,MSFT,Analysts turn bullish on Microsoft after record quarterly earnings,positive,1.0,0.942608495993481
2021-10-04,MSFT,"Microsoft raised its full-year guidance, shares climb",positive,1.0,0.9082557214788926
2021-10-04,MSFT,Microsoft rallies as it announced a share buyback program,positive,1.0,0.9490455380417047
2021-10-11,MSFT,Microsoft shares dropped after warned of a demand slowdown,negative,-1.0,-0.8995453659414331
2021-10-12,MSFT,"Microsoft cut its full-year guidance, shares slide",negative,-1.0,-0.8964579875253386
2021-10-13,MSFT,Microsoft stock soared on record guidance,positive,1.0,0.7678736007809731
2021-10-20,MSFT,"Microsoft unveiled a new product line to strong demand, shares climb",positive,1.0,0.9402317416563803
2021-10-21,MSFT,Microsoft rallies as it reported record quarterly profit,positive,1.0,0.958703659090934
2021-10-22,MSFT,Analysts turn cautious on Microsoft after disappointing quarterly earnings,negative,0.0,-0.9106176787957758
2021-10-25,MSFT,Microsoft shares soared after beat analyst earnings estimates,positive,1.0,0.8692345574926263
2021-10-25,MSFT,"Microsoft reported record quarterly profit, shares climb",positive,1.0,0.9599448491286057
2021-10-28,MSFT,Microsoft stock rallied on record profit margins,positive,1.0,0.7770585331376472
2021-10-29,MSFT,Microsoft maintained its previous guidance,neutral,0.0,0.000987405380009937
2021-11-01,MSFT,Microsoft profit margins in line with expectations,neutral,1.0,0.0021587447277013547
2021-11-03,MSFT,Analysts turn bullish on Microsoft after record profit margins,positive,1.0,0.8839668257008882
2021-11-09,MSFT,Analysts turn bullish on Microsoft after better-than-expected revenue,positive,1.0,0.9140446185830465
2021-11-12,MSFT,Microsoft drops as it received an analyst downgrade,negative,-1.0,-0.9305147911120507
2021-11-18,MSFT,Microsoft stock sank on soft cash flow,negative,-1.0,-0.7705044082435979
2021-11-19,MSFT,"Microsoft announced a change to its board of directors, no major stock reaction",neutral,0.0,0.00036516734546148885
2021-11-19,MSFT,"Microsoft reported record quarterly profit, shares climb",positive,1.0,0.9599448491286057
2021-11-22,MSFT,Microsoft stock dropped on soft quarterly earnings,negative,-1.0,-0.6867154443478325
2021-11-24,MSFT,Analysts turn cautious on Microsoft after troubling sales,negative,0.0,-0.9056356623517139
2021-12-01,MSFT,Microsoft stock climbed on strong guidance,positive,1.0,0.8518108298006475
2021-12-02,MSFT,Microsoft shares slumped after faces a regulatory investigation,negative,-1.0,-0.9080243724636294
2021-12-10,MSFT,"Microsoft announced a change to its board of directors, no major stock reaction",neutral,0.0,0.00036516734546148885
2021-12-14,MSFT,Microsoft shares tumbled after warned of a demand slowdown,negative,-1.0,-0.8598129187192646
2021-12-15,MSFT,Analysts turn cautious on Microsoft after worse-than-expected quarterly earnings,negative,0.0,-0.9241868020402354
2021-12-16,MSFT,Analysts turn bullish on Microsoft after record sales,positive,1.0,0.9130652900650434
2021-12-17,MSFT,Microsoft to hold investor call on profit margins,neutral,1.0,-0.0002579097062262309
2021-12-23,MSFT,Microsoft presented at an industry conference,neutral,0.0,-0.000496873097922304
2021-12-28,MSFT,Microsoft stock plunged on soft cash flow,negative,-1.0,-0.7334660241711537
2021-12-28,MSFT,Microsoft revenue in line with expectations,neutral,0.0,-1.3279232391538026e-05
2021-12-29,MSFT,Microsoft shares plunged after cut its full-year guidance,negative,-1.0,-0.7863417301624269
2021-12-30,MSFT,Microsoft stock plunged on disappointing revenue,negative,-1.0,-0.8229552311477671
2021-12-31,MSFT,Microsoft drops as it received an analyst downgrade,negative,-1.0,-0.9305147911120507
2022-01-05,MSFT,Microsoft maintained its previous guidance,neutral,0.0,0.000987405380009937
2022-01-05,MSFT,Analysts turn cautious on Microsoft after worse-than-expected revenue,negative,0.0,-0.9387309215516985
2022-01-06,MSFT,"Microsoft warned of a demand slowdown, shares slide",negative,-1.0,-0.9382878105105269
2022-01-07,MSFT,Analysts turn bullish on Microsoft after resilient revenue,positive,1.0,0.9123600799091093
2022-01-10,MSFT,"Microsoft announced a share buyback program, shares climb",positive,1.0,0.9512395916030502
2022-01-11,MSFT,Microsoft drops as it received an analyst downgrade,negative,-1.0,-0.9305147911120507
2022-01-11,MSFT,"Microsoft reported record quarterly profit, shares climb",positive,1.0,0.9599448491286057
2022-01-14,MSFT,Microsoft shares jumped after reported record quarterly profit,positive,1.0,0.938749185910681
2022-01-21,MSFT,Microsoft drops as it received an analyst downgrade,negative,-1.0,-0.9305147911120507
2022-01-21,MSFT,Microsoft drops as it announced layoffs amid cost cuts,negative,-1.0,-0.9417293143559937
2022-01-26,MSFT,Microsoft shares trade flat as it will report quarterly results next week,neutral,0.0,0.002537779482999424
2022-01-28,MSFT,Microsoft drops as it faces a regulatory investigation,negative,-1.0,-0.9398217588330752
2022-01-28,MSFT,"Microsoft unveiled a new product line to strong demand, shares climb",positive,1.0,0.9402317416563803
2022-01-31,MSFT,Microsoft stock fell on weak guidance,negative,-1.0,-0.834602000299872
2022-02-01,MSFT,Microsoft filed its routine quarterly disclosure,neutral,0.0,0.0024474162541892747
2022-02-01,MSFT,Microsoft stock climbed on strong profit margins,positive,1.0,0.8076823278802485
2022-02-02,MSFT,Microsoft stock dropped on soft profit margins,negative,0.0,-0.687136181208827
2022-02-03,MSFT,"Microsoft beat analyst earnings estimates, shares climb",positive,1.0,0.8939149390986564
2022-02-03,MSFT,Microsoft revenue in line with expectations,neutral,0.0,-1.3279232391538026e-05
2022-02-07,MSFT,Analysts turn cautious on Microsoft after weak revenue,negative,-1.0,-0.913499331324348
2022-02-07,MSFT,Analysts turn cautious on Microsoft after weak sales,negative,-1.0,-0.8954947571019459
2022-02-08,MSFT,Microsoft to hold investor call on cash flow,neutral,0.0,-5.2315254429141644e-05
2022-02-08,MSFT,Microsoft stock soared on better-than-expected quarterly earnings,positive,1.0,0.7681733125007687
2022-02-10,MSFT,Microsoft stock rallied on record profit margins,positive,1.0,0.7770585331376472
2022-02-11,MSFT,Microsoft drops as it cut its full-year guidance,negative,-1.0,-0.8985587535583589
2022-02-11,MSFT,"Microsoft warned of a demand slowdown, shares slide",negative,-1.0,-0.9382878105105269
2022-02-14,MSFT,Analysts turn bullish on Microsoft after better-than-expected sales,positive,1.0,0.9103121266473886
2022-02-15,MSFT,"Microsoft missed analyst earnings estimates, shares slide",negative,-1.0,-0.9001358536729646
2022-02-16,MSFT,Microsoft drops as it missed analyst earnings estimates,negative,-1.0,-0.9136105866647274
2022-02-22,MSFT,Analysts turn cautious on Microsoft after soft cash flow,negative,0.0,-0.8689278209103972
2022-02-28,MSFT,"Microsoft unveiled a new product line to strong demand, shares climb",positive,1.0,0.9402317416563803
2022-03-03,MSFT,"Microsoft received an analyst downgrade, shares slide",negative,-1.0,-0.9328803544313999
2022-03-03,MSFT,"Microsoft cut its full-year guidance, shares slide",negative,-1.0,-0.8964579875253386
2022-03-07,MSFT,"Microsoft faces a regulatory investigation, shares slide",negative,-1.0,-0.9551445813348404
2022-03-08,MSFT,Analysts turn bullish on Microsoft after robust quarterly earnings,positive,1.0,0.9096493132626392
2022-03-11,MSFT,Microsoft stock climbed on better-than-expected guidance,positive,1.0,0.8403848503084091
2022-03-14,MSFT,"Microsoft raised its full-year guidance, shares climb",positive,1.0,0.9082557214788926
2022-03-16,MSFT,Microsoft rallies as it raised its full-year guidance,positive,1.0,0.9148809428518899
2022-03-17,MSFT,Microsoft stock climbed on robust sales,positive,1.0,0.8427036554939016
2022-03-17,MSFT,Microsoft shares fell after faces a regulatory investigation,negative,-1.0,-0.8839653171917728
2022-03-18,MSFT,Analysts turn cautious on Microsoft after soft quarterly earnings,negative,0.0,-0.8484211924935957
2022-03-21,MSFT,"Microsoft announced layoffs amid cost cuts, shares slide",negative,-1.0,-0.945090481196986
2022-03-22,MSFT,"Microsoft announced layoffs amid cost cuts, shares slide",negative,-1.0,-0.945090481196986
2022-03-23,MSFT,Analysts turn bullish on Microsoft after better-than-expected cash flow,positive,1.0,0.8986474975513078
2022-03-24,MSFT,Microsoft stock sank on soft quarterly earnings,negative,-1.0,-0.736639635713223
2022-03-24,MSFT,Analysts turn cautious on Microsoft after worse-than-expected quarterly earnings,negative,0.0,-0.9241868020402354
2022-03-28,MSFT,Microsoft shares surged after unveiled a new product line to strong demand,positive,1.0,0.9188004600469326
2022-03-29,MSFT,"Microsoft missed analyst earnings estimates, shares slide",negative,-1.0,-0.9001358536729646
2022-03-30,MSFT,Microsoft stock rallied on better-than-expected sales,positive,1.0,0.8181613528845504
2022-03-31,MSFT,Microsoft stock jumped on record revenue,positive,1.0,0.7741065422928473
2022-04-01,MSFT,Microsoft will report quarterly results next week,neutral,0.0,0.0030203307834693674
2022-04-04,MSFT,"Microsoft will report quarterly results next week, no major stock reaction",neutral,0.0,0.0007598423604889652
2022-04-07,MSFT,Analysts turn cautious on Microsoft after disappointing guidance,negative,0.0,-0.919799008005382
2022-04-12,MSFT,Microsoft stock sank on weak cash flow,negative,-1.0,-0.7475156243948399
2022-04-13,MSFT,Microsoft drops as it cut its full-year guidance,negative,-1.0,-0.8985587535583589
2022-04-14,MSFT,Microsoft shares climbed after received an analyst upgrade,positive,1.0,0.8803257035554891
2022-04-19,MSFT,Microsoft drops as it warned of a demand slowdown,negative,-1.0,-0.9431989895603899
2022-04-22,MSFT,Microsoft shares trade flat as it will report quarterly results next week,neutral,0.0,0.002537779482999424
2022-04-22,MSFT,"Microsoft maintained its previous guidance, no major stock reaction",neutral,0.0,-3.194907159042443e-05
2022-04-27,MSFT,Microsoft drops as it warned of a demand slowdown,negative,-1.0,-0.9431989895603899
2022-04-27,MSFT,Microsoft stock surged on record cash flow,positive,1.0,0.8081300061812194
2022-04-28,MSFT,Analysts turn bullish on Microsoft after better-than-expected cash flow,positive,1.0,0.8986474975513078
2022-05-02,MSFT,Microsoft stock sank on disappointing quarterly earnings,negative,-1.0,-0.7840089598103912
2022-05-06,MSFT,"Microsoft unveiled a new product line to strong demand, shares climb",positive,1.0,0.9402317416563803
2022-05-06,MSFT,"Microsoft maintained its previous guidance, no major stock reaction",neutral,0.0,-3.194907159042443e-05
2022-05-09,MSFT,Microsoft rallies as it raised its full-year guidance,positive,1.0,0.9148809428518899
2022-05-10,MSFT,Microsoft rallies as it beat analyst earnings estimates,positive,1.0,0.8995451194443781
2022-05-11,MSFT,Microsoft shares dropped after announced layoffs amid cost cuts,negative,-1.0,-0.9164094850717621
2022-05-17,MSFT,"Microsoft received an analyst upgrade, shares climb",positive,1.0,0.9278534444613776
2022-05-18,MSFT,Microsoft shares dropped after warned of a demand slowdown,negative,-1.0,-0.8995453659414331
2022-05-19,MSFT,"Microsoft beat analyst earnings estimates, shares climb",positive,1.0,0.8939149390986564
2022-05-19,MSFT,Microsoft shares plunged after cut its full-year guidance,negative,-1.0,-0.7863417301624269
2022-05-25,MSFT,Microsoft stock tumbled on weak cash flow,negative,-1.0,-0.7583371060213295
2022-05-27,MSFT,Microsoft stock rallied on record profit margins,positive,1.0,0.7770585331376472
2022-06-03,MSFT,Analysts turn bullish on Microsoft after resilient profit margins,positive,1.0,0.883633784970596
2022-06-06,MSFT,Microsoft drops as it cut its full-year guidance,negative,-1.0,-0.8985587535583589
2022-06-07,MSFT,Analysts turn cautious on Microsoft after troubling cash flow,negative,0.0,-0.8967102190216043
2022-06-13,MSFT,Microsoft shares dropped after warned of a demand slowdown,negative,-1.0,-0.8995453659414331
2022-06-15,MSFT,Microsoft drops as it cut its full-year guidance,negative,-1.0,-0.8985587535583589
2022-06-15,MSFT,Microsoft shares slumped after cut its full-year guidance,negative,-1.0,-0.8453767410717469
2022-06-21,MSFT,Microsoft shares surged after reported record quarterly profit,positive,1.0,0.9249230488676073
2022-06-22,MSFT,Microsoft stock jumped on resilient revenue,positive,1.0,0.7738090373275595
2022-06-23,MSFT,"Microsoft announced layoffs amid cost cuts, shares slide",negative,-1.0,-0.945090481196986
2022-06-27,MSFT,"Microsoft will report quarterly results next week, no major stock reaction",neutral,0.0,0.0007598423604889652
2022-07-01,MSFT,Microsoft maintained its previous guidance,neutral,0.0,0.000987405380009937
2022-07-06,MSFT,Microsoft to hold investor call on sales,neutral,0.0,0.00026710958517958336
2022-07-11,MSFT,"Microsoft received an analyst upgrade, shares climb",positive,1.0,0.9278534444613776
2022-07-12,MSFT,"Microsoft received an analyst upgrade, shares climb",positive,1.0,0.9278534444613776
2022-07-12,MSFT,Analysts turn bullish on Microsoft after record profit margins,positive,1.0,0.8839668257008882
2022-07-13,MSFT,Microsoft shares trade flat as it filed its routine quarterly disclosure,neutral,0.0,0.0020769221501236237
2022-07-14,MSFT,Microsoft announced a change to its board of directors,neutral,0.0,0.0017527311095111228
2022-07-15,MSFT,Microsoft shares trade flat as it presented at an industry conference,neutral,0.0,0.001317603834630924
2022-07-18,MSFT,Microsoft stock slumped on troubling profit margins,negative,0.0,-0.8266173970468667
2022-07-20,MSFT,Microsoft stock slumped on troubling quarterly earnings,negative,-1.0,-0.8069743411546683
2022-07-21,MSFT,Microsoft shares climbed after unveiled a new product line to strong demand,positive,1.0,0.9259396041957131
2022-07-22,MSFT,Microsoft stock sank on troubling cash flow,negative,-1.0,-0.8279939242977485
2022-07-25,MSFT,Microsoft stock sank on disappointing revenue,negative,-1.0,-0.8319460768097733
2022-07-26,MSFT,Microsoft revenue in line with expectations,neutral,0.0,-1.3279232391538026e-05
2022-07-27,MSFT,Microsoft drops as it faces a regulatory investigation,negative,-1.0,-0.9398217588330752
2022-07-28,MSFT,Microsoft will report quarterly results next week,neutral,0.0,0.0030203307834693674
2022-07-29,MSFT,Microsoft stock climbed on resilient quarterly earnings,positive,1.0,0.798072923123595
2022-08-02,MSFT,"Microsoft presented at an industry conference, no major stock reaction",neutral,0.0,-0.00043188623034046136
2022-08-04,MSFT,Microsoft shares dropped after faces a regulatory investigation,negative,-1.0,-0.8960003548197577
2022-08-08,MSFT,Analysts turn cautious on Microsoft after worse-than-expected revenue,negative,0.0,-0.9387309215516985
2022-08-10,MSFT,Microsoft shares fell after faces a regulatory investigation,negative,-1.0,-0.8839653171917728
2022-08-11,MSFT,Microsoft to hold investor call on cash flow,neutral,0.0,-5.2315254429141644e-05
2022-08-12,MSFT,Microsoft rallies as it unveiled a new product line to strong demand,positive,1.0,0.9375511222849942
2022-08-16,MSFT,Microsoft sales in line with expectations,neutral,0.0,0.0030045366287297787
2022-08-17,MSFT,Microsoft to hold investor call on quarterly earnings,neutral,0.0,0.0022777295840900325
2022-08-18,MSFT,Analysts turn bullish on Microsoft after better-than-expected cash flow,positive,1.0,0.8986474975513078
2022-08-19,MSFT,Microsoft cash flow in line with expectations,neutral,0.0,0.0020177587386779466
2022-08-19,MSFT,Microsoft stock sank on troubling cash flow,negative,-1.0,-0.8279939242977485
2022-08-22,MSFT,"Microsoft received an analyst downgrade, shares slide",negative,-1.0,-0.9328803544313999
2022-08-26,MSFT,Microsoft rallies as it raised its full-year guidance,positive,1.0,0.9148809428518899
2022-08-29,MSFT,Analysts turn cautious on Microsoft after soft revenue,negative,0.0,-0.8818239435832834
2022-08-30,MSFT,Analysts turn bullish on Microsoft after better-than-expected revenue,positive,1.0,0.9140446185830465
2022-09-08,MSFT,Analysts turn cautious on Microsoft after worse-than-expected guidance,negative,0.0,-0.9254095180263086
2022-09-09,MSFT,Microsoft stock tumbled on disappointing cash flow,negative,-1.0,-0.8154143410843152
2022-09-13,MSFT,"Microsoft unveiled a new product line to strong demand, shares climb",positive,1.0,0.9402317416563803
2022-09-13,MSFT,"Microsoft unveiled a new product line to strong demand, shares climb",positive,1.0,0.9402317416563803
2022-09-14,MSFT,Microsoft guidance in line with expectations,neutral,0.0,0.002944639034825232
2022-09-19,MSFT,Microsoft stock surged on better-than-expected revenue,positive,1.0,0.8083948662949776
2022-09-20,MSFT,"Microsoft raised its full-year guidance, shares climb",positive,1.0,0.9082557214788926
2022-09-22,MSFT,Microsoft shares rallied after reported record quarterly profit,positive,1.0,0.9512297091814925
2022-09-22,MSFT,Microsoft shares jumped after announced a share buyback program,positive,1.0,0.9249977682534514
2022-09-23,MSFT,"Microsoft announced layoffs amid cost cuts, shares slide",negative,-1.0,-0.945090481196986
2022-09-26,MSFT,Microsoft rallies as it beat analyst earnings estimates,positive,1.0,0.8995451194443781
2022-09-26,MSFT,Microsoft stock plunged on weak sales,negative,-1.0,-0.7572138249009462
2022-09-27,MSFT,Microsoft stock tumbled on troubling guidance,negative,-1.0,-0.8197135205126771
2022-09-28,MSFT,Microsoft held its annual shareholder meeting,neutral,0.0,-0.001235383134034325
2022-09-29,MSFT,Microsoft rallies as it beat analyst earnings estimates,positive,1.0,0.8995451194443781
2022-10-06,MSFT,Microsoft shares climbed after unveiled a new product line to strong demand,positive,1.0,0.9259396041957131
2022-10-06,MSFT,Microsoft profit margins in line with expectations,neutral,1.0,0.0021587447277013547
2022-10-12,MSFT,Microsoft stock rallied on record guidance,positive,1.0,0.8240730797863922
2022-10-13,MSFT,Microsoft shares tumbled after missed analyst earnings estimates,negative,-1.0,-0.8298719010052005
2022-10-13,MSFT,Analysts turn bullish on Microsoft after record revenue,positive,1.0,0.892898010351791
2022-10-17,MSFT,Microsoft rallies as it received an analyst upgrade,positive,1.0,0.908189682239063
2022-10-19,MSFT,Analysts turn cautious on Microsoft after worse-than-expected guidance,negative,0.0,-0.9254095180263086
2022-10-20,MSFT,Microsoft shares fell after announced layoffs amid cost cuts,negative,-1.0,-0.923756700458432
2022-10-24,MSFT,"Microsoft reported record quarterly profit, shares climb",positive,1.0,0.9599448491286057
2022-10-25,MSFT,Microsoft shares tumbled after received an analyst downgrade,negative,-1.0,-0.8107591595382526
2022-10-26,MSFT,Microsoft shares rallied after reported record quarterly profit,positive,1.0,0.9512297091814925
2022-10-28,MSFT,"Microsoft unveiled a new product line to strong demand, shares climb",positive,1.0,0.9402317416563803
2022-10-28,MSFT,"Microsoft beat analyst earnings estimates, shares climb",positive,1.0,0.8939149390986564
2022-10-31,MSFT,Microsoft stock jumped on strong profit margins,positive,1.0,0.779716845253346
2022-11-02,MSFT,Microsoft drops as it announced layoffs amid cost cuts,negative,-1.0,-0.9417293143559937
2022-11-03,MSFT,Analysts turn cautious on Microsoft after disappointing sales,negative,0.0,-0.923587355189566
2022-11-04,MSFT,Analysts turn cautious on Microsoft after worse-than-expected guidance,negative,0.0,-0.9254095180263086
2022-11-07,MSFT,Microsoft drops as it missed analyst earnings estimates,negative,-1.0,-0.9136105866647274
2022-11-09,MSFT,Microsoft stock jumped on strong revenue,positive,1.0,0.8042265084785046
2022-11-14,MSFT,Analysts turn bullish on Microsoft after better-than-expected profit margins,positive,1.0,0.8946960474191858
2022-11-16,MSFT,Microsoft drops as it received an analyst downgrade,negative,-1.0,-0.9305147911120507
2022-11-18,MSFT,Analysts turn bullish on Microsoft after better-than-expected quarterly earnings,positive,1.0,0.9068463709948174
2022-11-21,MSFT,Microsoft shares plunged after received an analyst downgrade,negative,-1.0,-0.8006798681916445
2022-11-23,MSFT,Microsoft rallies as it reported record quarterly profit,positive,1.0,0.958703659090934
2022-11-25,MSFT,Microsoft stock advanced on resilient revenue,positive,1.0,0.7878277007802372
2022-11-28,MSFT,Microsoft stock dropped on weak profit margins,negative,-0.3333333333333333,-0.7817066900626355
2022-11-28,MSFT,"Microsoft beat analyst earnings estimates, shares climb",positive,1.0,0.8939149390986564
2022-11-29,MSFT,"Microsoft filed its routine quarterly disclosure, no major stock reaction",neutral,0.0,0.0006504761388644829
2022-11-30,MSFT,Microsoft stock jumped on better-than-expected guidance,positive,1.0,0.8499445390933346
2022-11-30,MSFT,Analysts turn cautious on Microsoft after soft profit margins,negative,1.0,-0.8460613151256662
2022-12-01,MSFT,"Microsoft raised its full-year guidance, shares climb",positive,1.0,0.9082557214788926
2022-12-05,MSFT,Microsoft shares trade flat as it maintained its previous guidance,neutral,0.0,0.0018093301091885502
2022-12-05,MSFT,Microsoft stock plunged on disappointing revenue,negative,-1.0,-0.8229552311477671
2022-12-07,MSFT,Microsoft stock climbed on strong profit margins,positive,1.0,0.8076823278802485
2022-12-09,MSFT,"Microsoft announced a change to its board of directors, no major stock reaction",neutral,0.0,0.00036516734546148885
2022-12-21,MSFT,"Microsoft beat analyst earnings estimates, shares climb",positive,1.0,0.8939149390986564
2022-12-22,MSFT,Microsoft rallies as it raised its full-year guidance,positive,1.0,0.9148809428518899
2022-12-23,MSFT,Microsoft rallies as it announced a share buyback program,positive,1.0,0.9490455380417047
2022-12-27,MSFT,Microsoft stock surged on better-than-expected guidance,positive,1.0,0.8337287563787514
2022-12-27,MSFT,Microsoft presented at an industry conference,neutral,0.0,-0.000496873097922304
2022-12-28,MSFT,Microsoft shares dropped after missed analyst earnings estimates,negative,-1.0,-0.8559706088158381
2022-12-28,MSFT,Microsoft stock fell on soft cash flow,negative,-1.0,-0.7608593832652415
2023-01-03,MSFT,"Microsoft faces a regulatory investigation, shares slide",negative,-1.0,-0.9551445813348404
2023-01-04,MSFT,Microsoft stock surged on robust quarterly earnings,positive,1.0,0.8131827553039865
2023-01-05,MSFT,Analysts turn bullish on Microsoft after resilient revenue,positive,1.0,0.9123600799091093
2023-01-05,MSFT,Microsoft shares climbed after beat analyst earnings estimates,positive,1.0,0.8676335789829392
2023-01-09,MSFT,Microsoft shares dropped after cut its full-year guidance,negative,-1.0,-0.8020208847783354
2023-01-10,MSFT,Microsoft stock slumped on weak sales,negative,-1.0,-0.8522473033531678
2023-01-10,MSFT,"Microsoft unveiled a new product line to strong demand, shares climb",positive,1.0,0.9402317416563803
2023-01-11,MSFT,"Microsoft maintained its previous guidance, no major stock reaction",neutral,0.0,-3.194907159042443e-05
2023-01-11,MSFT,"Microsoft received an analyst upgrade, shares climb",positive,1.0,0.9278534444613776
2023-01-13,MSFT,Microsoft stock surged on better-than-expected guidance,positive,1.0,0.8337287563787514
2023-01-17,MSFT,Microsoft shares trade flat as it announced a change to its board of directors,neutral,0.0,0.001646006313644371
2023-01-18,MSFT,Analysts turn bullish on Microsoft after robust profit margins,positive,1.0,0.8929053190286087
2023-01-20,MSFT,Microsoft shares jumped after received an analyst upgrade,positive,1.0,0.8733655962542143
2023-01-23,MSFT,Analysts turn cautious on Microsoft after worse-than-expected sales,negative,0.0,-0.9391868363922576
2023-01-27,MSFT,Analysts turn bullish on Microsoft after record sales,positive,1.0,0.9130652900650434
2023-01-30,MSFT,"Microsoft reported record quarterly profit, shares climb",positive,1.0,0.9599448491286057
2023-01-30,MSFT,Microsoft shares trade flat as it held its annual shareholder meeting,neutral,0.0,0.0009897905382276265
2023-02-01,MSFT,Microsoft shares plunged after announced layoffs amid cost cuts,negative,-1.0,-0.8912277931776407
2023-02-02,MSFT,"Microsoft warned of a demand slowdown, shares slide",negative,-1.0,-0.9382878105105269
2023-02-08,MSFT,Microsoft stock rallied on better-than-expected revenue,positive,1.0,0.8242488438993748
2023-02-13,MSFT,"Microsoft warned of a demand slowdown, shares slide",negative,-1.0,-0.9382878105105269
2023-02-15,MSFT,Microsoft to hold investor call on sales,neutral,0.0,0.00026710958517958336
2023-02-16,MSFT,"Microsoft announced layoffs amid cost cuts, shares slide",negative,-1.0,-0.945090481196986
2023-02-17,MSFT,"Microsoft announced layoffs amid cost cuts, shares slide",negative,-1.0,-0.945090481196986
2023-02-17,MSFT,Microsoft stock dropped on weak profit margins,negative,-0.3333333333333333,-0.7817066900626355
2023-02-21,MSFT,Microsoft drops as it received an analyst downgrade,negative,-1.0,-0.9305147911120507
2023-02-22,MSFT,Analysts turn cautious on Microsoft after disappointing sales,negative,0.0,-0.923587355189566
2023-02-24,MSFT,Microsoft rallies as it unveiled a new product line to strong demand,positive,1.0,0.9375511222849942
2023-02-28,MSFT,Microsoft shares trade flat as it announced a change to its board of directors,neutral,0.0,0.001646006313644371
2023-02-28,MSFT,"Microsoft announced a change to its board of directors, no major stock reaction",neutral,0.0,0.00036516734546148885
2023-03-06,MSFT,Microsoft stock dropped on worse-than-expected guidance,negative,-1.0,-0.8022855691709307
2023-03-08,MSFT,Microsoft shares trade flat as it maintained its previous guidance,neutral,0.0,0.0018093301091885502
2023-03-09,MSFT,Microsoft rallies as it announced a share buyback program,positive,1.0,0.9490455380417047
2023-03-10,MSFT,Microsoft presented at an industry conference,neutral,0.0,-0.000496873097922304
2023-03-17,MSFT,Microsoft rallies as it raised its full-year guidance,positive,1.0,0.9148809428518899
2023-03-21,MSFT,Microsoft announced a change to its board of directors,neutral,0.0,0.0017527311095111228
2023-03-22,MSFT,"Microsoft announced layoffs amid cost cuts, shares slide",negative,-1.0,-0.945090481196986
2023-03-24,MSFT,Microsoft maintained its previous guidance,neutral,0.0,0.000987405380009937
2023-03-27,MSFT,Microsoft rallies as it beat analyst earnings estimates,positive,1.0,0.8995451194443781
2023-03-27,MSFT,Microsoft shares soared after announced a share buyback program,positive,1.0,0.9282691559190286
2023-03-28,MSFT,Microsoft shares trade flat as it will report quarterly results next week,neutral,0.0,0.002537779482999424
2023-03-29,MSFT,Analysts turn cautious on Microsoft after weak quarterly earnings,negative,-1.0,-0.8550240359117379
2023-03-30,MSFT,"Microsoft maintained its previous guidance, no major stock reaction",neutral,0.0,-3.194907159042443e-05
2023-04-04,MSFT,Microsoft shares dropped after warned of a demand slowdown,negative,-1.0,-0.8995453659414331
2023-04-11,MSFT,Microsoft to hold investor call on profit margins,neutral,1.0,-0.0002579097062262309
2023-04-14,MSFT,Analysts turn bullish on Microsoft after better-than-expected quarterly earnings,positive,1.0,0.9068463709948174
2023-04-18,MSFT,Microsoft shares sank after faces a regulatory investigation,negative,-1.0,-0.897561051390166
2023-04-24,MSFT,Analysts turn cautious on Microsoft after weak guidance,negative,-1.0,-0.8902337512558024
2023-04-26,MSFT,Microsoft rallies as it beat analyst earnings estimates,positive,1.0,0.8995451194443781
2023-05-01,MSFT,Microsoft rallies as it raised its full-year guidance,positive,1.0,0.9148809428518899
2023-05-02,MSFT,Analysts turn cautious on Microsoft after troubling guidance,negative,0.0,-0.8972550729721898
2023-05-03,MSFT,Analysts turn bullish on Microsoft after robust sales,positive,1.0,0.9238795651777376
2023-05-05,MSFT,Microsoft rallies as it received an analyst upgrade,positive,1.0,0.908189682239063
2023-05-09,MSFT,Microsoft stock soared on strong cash flow,positive,1.0,0.8126661754322154
2023-05-10,MSFT,Microsoft shares sank after cut its full-year guidance,negative,-1.0,-0.811622241482974
2023-05-10,MSFT,Microsoft stock dropped on worse-than-expected cash flow,negative,-1.0,-0.8203695223140082
2023-05-11,MSFT,Microsoft stock climbed on robust sales,positive,1.0,0.8427036554939016
2023-05-11,MSFT,Microsoft shares plunged after received an analyst downgrade,negative,-1.0,-0.8006798681916445
2023-05-17,MSFT,Microsoft filed its routine quarterly disclosure,neutral,0.0,0.0024474162541892747
2023-05-19,MSFT,Microsoft shares trade flat as it maintained its previous guidance,neutral,0.0,0.0018093301091885502
2023-05-19,MSFT,"Microsoft announced a share buyback program, shares climb",positive,1.0,0.9512395916030502
2023-05-22,MSFT,Microsoft shares soared after reported record quarterly profit,positive,1.0,0.9568015390936987
2023-05-24,MSFT,Microsoft to hold investor call on quarterly earnings,neutral,0.0,0.0022777295840900325
2023-05-25,MSFT,Analysts turn cautious on Microsoft after worse-than-expected profit margins,negative,1.0,-0.9223119070389055
2023-06-05,MSFT,"Microsoft cut its full-year guidance, shares slide",negative,-1.0,-0.8964579875253386
2023-06-06,MSFT,Microsoft stock surged on record profit margins,positive,1.0,0.7764309788784345
2023-06-08,MSFT,Microsoft shares advanced after beat analyst earnings estimates,positive,1.0,0.8574386646827882
2023-06-09,MSFT,Microsoft shares climbed after unveiled a new product line to strong demand,positive,1.0,0.9259396041957131
2023-06-12,MSFT,Microsoft shares tumbled after announced layoffs amid cost cuts,negative,-1.0,-0.9036095768364794
2023-06-20,MSFT,Microsoft drops as it announced layoffs amid cost cuts,negative,-1.0,-0.9417293143559937
2023-06-21,MSFT,Microsoft rallies as it beat analyst earnings estimates,positive,1.0,0.8995451194443781
2023-06-22,MSFT,Microsoft filed its routine quarterly disclosure,neutral,0.0,0.0024474162541892747
2023-06-23,MSFT,Analysts turn bullish on Microsoft after better-than-expected sales,positive,1.0,0.9103121266473886
2023-06-28,MSFT,Microsoft shares plunged after faces a regulatory investigation,negative,-1.0,-0.8728722922724798
2023-07-03,MSFT,"Microsoft faces a regulatory investigation, shares slide",negative,-1.0,-0.9551445813348404
2023-07-03,MSFT,"Microsoft missed analyst earnings estimates, shares slide",negative,-1.0,-0.9001358536729646
2023-07-07,MSFT,Microsoft stock rallied on better-than-expected sales,positive,1.0,0.8181613528845504
2023-07-10,MSFT,"Microsoft announced layoffs amid cost cuts, shares slide",negative,-1.0,-0.945090481196986
2023-07-11,MSFT,"Microsoft raised its full-year guidance, shares climb",positive,1.0,0.9082557214788926
2023-07-12,MSFT,Microsoft maintained its previous guidance,neutral,0.0,0.000987405380009937
2023-07-18,MSFT,Microsoft stock fell on weak guidance,negative,-1.0,-0.834602000299872
2023-07-19,MSFT,Microsoft stock soared on resilient profit margins,positive,1.0,0.7558972831527099
2023-07-24,MSFT,Microsoft drops as it faces a regulatory investigation,negative,-1.0,-0.9398217588330752
2023-07-24,MSFT,Analysts turn cautious on Microsoft after worse-than-expected profit margins,negative,1.0,-0.9223119070389055
2023-07-25,MSFT,Microsoft presented at an industry conference,neutral,0.0,-0.000496873097922304
2023-07-27,MSFT,Microsoft rallies as it beat analyst earnings estimates,positive,1.0,0.8995451194443781
2023-07-27,MSFT,Microsoft shares dropped after warned of a demand slowdown,negative,-1.0,-0.8995453659414331
2023-07-28,MSFT,Microsoft drops as it received an analyst downgrade,negative,-1.0,-0.9305147911120507
2023-08-01,MSFT,"Microsoft cut its full-year guidance, shares slide",negative,-1.0,-0.8964579875253386
2023-08-02,MSFT,Microsoft shares surged after reported record quarterly profit,positive,1.0,0.9249230488676073
2023-08-07,MSFT,Microsoft shares slumped after received an analyst downgrade,negative,-1.0,-0.8741998671903006
2023-08-08,MSFT,Microsoft shares tumbled after warned of a demand slowdown,negative,-1.0,-0.8598129187192646
2023-08-10,MSFT,Microsoft drops as it faces a regulatory investigation,negative,-1.0,-0.9398217588330752
2023-08-11,MSFT,Microsoft rallies as it unveiled a new product line to strong demand,positive,1.0,0.9375511222849942
2023-08-14,MSFT,Microsoft shares soared after received an analyst upgrade,positive,1.0,0.8686035321830946
2023-08-14,MSFT,Microsoft shares soared after received an analyst upgrade,positive,1.0,0.8686035321830946
2023-08-16,MSFT,Microsoft shares jumped after received an analyst upgrade,positive,1.0,0.8733655962542143
2023-08-18,MSFT,"Microsoft held its annual shareholder meeting, no major stock reaction",neutral,0.0,-0.000686760777387465
2023-08-21,MSFT,Microsoft stock soared on resilient quarterly earnings,positive,1.0,0.7768549576486476
2023-08-21,MSFT,Analysts turn cautious on Microsoft after disappointing profit margins,negative,1.0,-0.9096777277400662
2023-08-22,MSFT,Microsoft stock soared on resilient sales,positive,1.0,0.7951229777549076
2023-08-23,MSFT,Analysts turn cautious on Microsoft after worse-than-expected guidance,negative,0.0,-0.9254095180263086
2023-08-25,MSFT,"Microsoft faces a regulatory investigation, shares slide",negative,-1.0,-0.9551445813348404
2023-08-28,MSFT,Analysts turn cautious on Microsoft after worse-than-expected revenue,negative,0.0,-0.9387309215516985
2023-08-28,MSFT,"Microsoft presented at an industry conference, no major stock reaction",neutral,0.0,-0.00043188623034046136
2023-08-31,MSFT,Microsoft rallies as it announced a share buyback program,positive,1.0,0.9490455380417047
2023-09-05,MSFT,Microsoft stock surged on better-than-expected cash flow,positive,1.0,0.7846629483438318
2023-09-06,MSFT,"Microsoft raised its full-year guidance, shares climb",positive,1.0,0.9082557214788926
2023-09-12,MSFT,Microsoft rallies as it beat analyst earnings estimates,positive,1.0,0.8995451194443781
2023-09-13,MSFT,Microsoft shares trade flat as it held its annual shareholder meeting,neutral,0.0,0.0009897905382276265
2023-09-14,MSFT,Analysts turn bullish on Microsoft after record revenue,positive,1.0,0.892898010351791
2023-09-14,MSFT,Microsoft stock surged on resilient quarterly earnings,positive,1.0,0.7746464730176896
2023-09-15,MSFT,Microsoft sales in line with expectations,neutral,0.0,0.0030045366287297787
2023-09-15,MSFT,Analysts turn bullish on Microsoft after record cash flow,positive,1.0,0.9013703715843417
2023-09-21,MSFT,Analysts turn cautious on Microsoft after troubling guidance,negative,0.0,-0.8972550729721898
2023-09-22,MSFT,Microsoft filed its routine quarterly disclosure,neutral,0.0,0.0024474162541892747
2023-09-26,MSFT,Analysts turn bullish on Microsoft after record quarterly earnings,positive,1.0,0.942608495993481
2023-09-26,MSFT,Microsoft stock plunged on worse-than-expected cash flow,negative,-1.0,-0.8165988473772683
2023-09-29,MSFT,Microsoft drops as it warned of a demand slowdown,negative,-1.0,-0.9431989895603899
2023-09-29,MSFT,Microsoft to hold investor call on quarterly earnings,neutral,0.0,0.0022777295840900325
2023-10-02,MSFT,"Microsoft cut its full-year guidance, shares slide",negative,-1.0,-0.8964579875253386
2023-10-04,MSFT,"Microsoft raised its full-year guidance, shares climb",positive,1.0,0.9082557214788926
2023-10-09,MSFT,Microsoft stock surged on better-than-expected revenue,positive,1.0,0.8083948662949776
2023-10-11,MSFT,Microsoft drops as it cut its full-year guidance,negative,-1.0,-0.8985587535583589
2023-10-12,MSFT,Microsoft stock plunged on weak quarterly earnings,negative,-1.0,-0.6859112863947519
2023-10-13,MSFT,"Microsoft presented at an industry conference, no major stock reaction",neutral,0.0,-0.00043188623034046136
2023-10-13,MSFT,Microsoft stock sank on disappointing sales,negative,-1.0,-0.8068455553206846
2023-10-17,MSFT,Microsoft shares surged after unveiled a new product line to strong demand,positive,1.0,0.9188004600469326
2023-10-18,MSFT,Microsoft shares sank after cut its full-year guidance,negative,-1.0,-0.811622241482974
2023-10-24,MSFT,Microsoft shares climbed after received an analyst upgrade,positive,1.0,0.8803257035554891
2023-10-24,MSFT,Microsoft shares jumped after received an analyst upgrade,positive,1.0,0.8733655962542143
2023-10-30,MSFT,Analysts turn bullish on Microsoft after resilient sales,positive,1.0,0.904999825008427
2023-10-31,MSFT,Microsoft stock soared on strong sales,positive,1.0,0.8677038541272483
2023-11-01,MSFT,Microsoft to hold investor call on sales,neutral,0.0,0.00026710958517958336
2023-11-01,MSFT,Microsoft drops as it cut its full-year guidance,negative,-1.0,-0.8985587535583589
2023-11-02,MSFT,Microsoft shares slumped after faces a regulatory investigation,negative,-1.0,-0.9080243724636294
2023-11-02,MSFT,Microsoft stock tumbled on soft quarterly earnings,negative,-1.0,-0.7400379273845237
2023-11-03,MSFT,"Microsoft will report quarterly results next week, no major stock reaction",neutral,0.0,0.0007598423604889652
2023-11-06,MSFT,Microsoft drops as it cut its full-year guidance,negative,-1.0,-0.8985587535583589
2023-11-13,MSFT,Microsoft stock climbed on record quarterly earnings,positive,1.0,0.8696060696411427
2023-11-13,MSFT,"Microsoft cut its full-year guidance, shares slide",negative,-1.0,-0.8964579875253386
2023-11-15,MSFT,Microsoft rallies as it unveiled a new product line to strong demand,positive,1.0,0.9375511222849942
2023-11-20,MSFT,Microsoft filed its routine quarterly disclosure,neutral,0.0,0.0024474162541892747
2023-11-22,MSFT,Analysts turn bullish on Microsoft after strong sales,positive,1.0,0.9407883312460595
2023-11-30,MSFT,Microsoft stock jumped on robust cash flow,positive,1.0,0.8099869710432814
2023-12-01,MSFT,"Microsoft reported record quarterly profit, shares climb",positive,1.0,0.9599448491286057
2023-12-05,MSFT,Microsoft rallies as it announced a share buyback program,positive,1.0,0.9490455380417047
2023-12-06,MSFT,Microsoft stock soared on robust quarterly earnings,positive,1.0,0.8001786866105856
2023-12-07,MSFT,Microsoft profit margins in line with expectations,neutral,1.0,0.0021587447277013547
2023-12-08,MSFT,Microsoft stock climbed on resilient quarterly earnings,positive,1.0,0.798072923123595
2023-12-11,MSFT,Microsoft shares surged after reported record quarterly profit,positive,1.0,0.9249230488676073
2023-12-14,MSFT,Microsoft shares soared after announced a share buyback program,positive,1.0,0.9282691559190286
2023-12-15,MSFT,"Microsoft announced a share buyback program, shares climb",positive,1.0,0.9512395916030502
2023-12-15,MSFT,Microsoft shares trade flat as it will report quarterly results next week,neutral,0.0,0.002537779482999424
2023-12-21,MSFT,Microsoft shares plunged after received an analyst downgrade,negative,-1.0,-0.8006798681916445
2023-12-29,MSFT,"Microsoft warned of a demand slowdown, shares slide",negative,-1.0,-0.9382878105105269
2023-12-29,MSFT,"Microsoft reported record quarterly profit, shares climb",positive,1.0,0.9599448491286057
2024-01-02,MSFT,"Microsoft missed analyst earnings estimates, shares slide",negative,-1.0,-0.9001358536729646
2024-01-08,MSFT,"Microsoft received an analyst downgrade, shares slide",negative,-1.0,-0.9328803544313999
2024-01-09,MSFT,Analysts turn bullish on Microsoft after better-than-expected quarterly earnings,positive,1.0,0.9068463709948174
2024-01-10,MSFT,Microsoft sales in line with expectations,neutral,0.0,0.0030045366287297787
2024-01-10,MSFT,Microsoft shares tumbled after cut its full-year guidance,negative,-1.0,-0.7988235273483173
2024-01-11,MSFT,"Microsoft announced a change to its board of directors, no major stock reaction",neutral,0.0,0.00036516734546148885
2024-01-11,MSFT,Microsoft shares sank after faces a regulatory investigation,negative,-1.0,-0.897561051390166
2024-01-12,MSFT,Microsoft shares jumped after unveiled a new product line to strong demand,positive,1.0,0.9356663833280612
2024-01-16,MSFT,Microsoft cash flow in line with expectations,neutral,0.0,0.0020177587386779466
2024-01-17,MSFT,"Microsoft received an analyst upgrade, shares climb",positive,1.0,0.9278534444613776
2024-01-18,MSFT,"Microsoft beat analyst earnings estimates, shares climb",positive,1.0,0.8939149390986564
2024-01-19,MSFT,"Microsoft missed analyst earnings estimates, shares slide",negative,-1.0,-0.9001358536729646
2024-01-22,MSFT,Microsoft shares jumped after beat analyst earnings estimates,positive,1.0,0.8826427558666385
2024-01-23,MSFT,Microsoft shares trade flat as it will report quarterly results next week,neutral,0.0,0.002537779482999424
2024-01-24,MSFT,Microsoft drops as it missed analyst earnings estimates,negative,-1.0,-0.9136105866647274
2024-01-24,MSFT,"Microsoft reported record quarterly profit, shares climb",positive,1.0,0.9599448491286057
2024-01-25,MSFT,Microsoft shares soared after reported record quarterly profit,positive,1.0,0.9568015390936987
2024-01-29,MSFT,Microsoft rallies as it beat analyst earnings estimates,positive,1.0,0.8995451194443781
2024-01-29,MSFT,Microsoft stock rallied on resilient sales,positive,1.0,0.7892018404644766
2024-01-30,MSFT,Microsoft shares rallied after announced a share buyback program,positive,1.0,0.9295069694643429
2024-02-01,MSFT,Analysts turn cautious on Microsoft after worse-than-expected quarterly earnings,negative,0.0,-0.9241868020402354
2024-02-01,MSFT,"Microsoft reported record quarterly profit, shares climb",positive,1.0,0.9599448491286057
2024-02-07,MSFT,Microsoft stock surged on better-than-expected revenue,positive,1.0,0.8083948662949776
2024-02-08,MSFT,Microsoft drops as it warned of a demand slowdown,negative,-1.0,-0.9431989895603899
2024-02-08,MSFT,Microsoft rallies as it unveiled a new product line to strong demand,positive,1.0,0.9375511222849942
2024-02-12,MSFT,"Microsoft missed analyst earnings estimates, shares slide",negative,-1.0,-0.9001358536729646
2024-02-15,MSFT,Microsoft shares climbed after announced a share buyback program,positive,1.0,0.9112380210813291
2024-02-16,MSFT,"Microsoft announced a share buyback program, shares climb",positive,1.0,0.9512395916030502
2024-02-20,MSFT,Analysts turn cautious on Microsoft after troubling quarterly earnings,negative,0.0,-0.8699910467073382
2024-02-21,MSFT,Microsoft stock surged on resilient profit margins,positive,1.0,0.7572978477353696
2024-02-21,MSFT,Analysts turn bullish on Microsoft after better-than-expected profit margins,positive,1.0,0.8946960474191858
2024-02-22,MSFT,Microsoft shares soared after received an analyst upgrade,positive,1.0,0.8686035321830946
2024-02-26,MSFT,Analysts turn bullish on Microsoft after robust profit margins,positive,1.0,0.8929053190286087
2024-02-27,MSFT,"Microsoft unveiled a new product line to strong demand, shares climb",positive,1.0,0.9402317416563803
2024-03-01,MSFT,Microsoft to hold investor call on revenue,neutral,0.0,-0.0016833824916511544
2024-03-01,MSFT,Microsoft shares trade flat as it will report quarterly results next week,neutral,0.0,0.002537779482999424
2024-03-04,MSFT,Microsoft held its annual shareholder meeting,neutral,0.0,-0.001235383134034325
2024-03-06,MSFT,"Microsoft announced a change to its board of directors, no major stock reaction",neutral,0.0,0.00036516734546148885
2024-03-11,MSFT,Microsoft will report quarterly results next week,neutral,0.0,0.0030203307834693674
2024-03-12,MSFT,Microsoft shares fell after received an analyst downgrade,negative,-1.0,-0.8500244707300498
2024-03-13,MSFT,"Microsoft announced a change to its board of directors, no major stock reaction",neutral,0.0,0.00036516734546148885
2024-03-14,MSFT,Microsoft to hold investor call on revenue,neutral,0.0,-0.0016833824916511544
2024-03-20,MSFT,Analysts turn cautious on Microsoft after worse-than-expected sales,negative,0.0,-0.9391868363922576
2024-03-22,MSFT,Analysts turn bullish on Microsoft after strong quarterly earnings,positive,1.0,0.9338415312228157
2024-03-25,MSFT,Analysts turn cautious on Microsoft after soft revenue,negative,0.0,-0.8818239435832834
2024-03-26,MSFT,Analysts turn bullish on Microsoft after robust profit margins,positive,1.0,0.8929053190286087
2024-04-01,MSFT,Microsoft shares surged after beat analyst earnings estimates,positive,1.0,0.8670999556766674
2024-04-03,MSFT,"Microsoft warned of a demand slowdown, shares slide",negative,-1.0,-0.9382878105105269
2024-04-04,MSFT,Analysts turn cautious on Microsoft after troubling quarterly earnings,negative,0.0,-0.8699910467073382
2024-04-05,MSFT,Microsoft rallies as it raised its full-year guidance,positive,1.0,0.9148809428518899
2024-04-08,MSFT,"Microsoft received an analyst upgrade, shares climb",positive,1.0,0.9278534444613776
2024-04-09,MSFT,Microsoft will report quarterly results next week,neutral,0.0,0.0030203307834693674
2024-04-11,MSFT,Analysts turn cautious on Microsoft after troubling quarterly earnings,negative,0.0,-0.8699910467073382
2024-04-15,MSFT,"Microsoft beat analyst earnings estimates, shares climb",positive,1.0,0.8939149390986564
2024-04-16,MSFT,Microsoft drops as it received an analyst downgrade,negative,-1.0,-0.9305147911120507
2024-04-17,MSFT,Microsoft drops as it missed analyst earnings estimates,negative,-1.0,-0.9136105866647274
2024-04-18,MSFT,Microsoft shares tumbled after received an analyst downgrade,negative,-1.0,-0.8107591595382526
2024-04-19,MSFT,"Microsoft faces a regulatory investigation, shares slide",negative,-1.0,-0.9551445813348404
2024-04-22,MSFT,Microsoft shares rallied after raised its full-year guidance,positive,1.0,0.8873547756924046
2024-04-23,MSFT,"Microsoft warned of a demand slowdown, shares slide",negative,-1.0,-0.9382878105105269
2024-04-25,MSFT,Microsoft shares jumped after raised its full-year guidance,positive,1.0,0.861368184265792
2024-04-26,MSFT,Analysts turn bullish on Microsoft after robust quarterly earnings,positive,1.0,0.9096493132626392
2024-05-02,MSFT,Microsoft presented at an industry conference,neutral,0.0,-0.000496873097922304
2024-05-03,MSFT,"Microsoft faces a regulatory investigation, shares slide",negative,-1.0,-0.9551445813348404
2024-05-06,MSFT,Microsoft drops as it announced layoffs amid cost cuts,negative,-1.0,-0.9417293143559937
2024-05-06,MSFT,"Microsoft received an analyst upgrade, shares climb",positive,1.0,0.9278534444613776
2024-05-07,MSFT,"Microsoft announced a share buyback program, shares climb",positive,1.0,0.9512395916030502
2024-05-09,MSFT,Microsoft stock fell on worse-than-expected cash flow,negative,-1.0,-0.8591492313595044
2024-05-10,MSFT,Microsoft rallies as it announced a share buyback program,positive,1.0,0.9490455380417047
2024-05-13,MSFT,Microsoft drops as it faces a regulatory investigation,negative,-1.0,-0.9398217588330752
2024-05-13,MSFT,Microsoft to hold investor call on sales,neutral,0.0,0.00026710958517958336
2024-05-15,MSFT,Microsoft stock tumbled on disappointing quarterly earnings,negative,-1.0,-0.8123038545321821
2024-05-16,MSFT,Microsoft shares surged after unveiled a new product line to strong demand,positive,1.0,0.9188004600469326
2024-05-16,MSFT,Microsoft rallies as it unveiled a new product line to strong demand,positive,1.0,0.9375511222849942
2024-05-17,MSFT,Microsoft maintained its previous guidance,neutral,0.0,0.000987405380009937
2024-05-21,MSFT,"Microsoft raised its full-year guidance, shares climb",positive,1.0,0.9082557214788926
2024-05-23,MSFT,"Microsoft faces a regulatory investigation, shares slide",negative,-1.0,-0.9551445813348404
2024-05-24,MSFT,"Microsoft missed analyst earnings estimates, shares slide",negative,-1.0,-0.9001358536729646
2024-05-28,MSFT,Microsoft to hold investor call on profit margins,neutral,1.0,-0.0002579097062262309
2024-05-28,MSFT,Microsoft drops as it warned of a demand slowdown,negative,-1.0,-0.9431989895603899
2024-05-29,MSFT,Microsoft stock jumped on strong quarterly earnings,positive,1.0,0.8318265985256799
2024-05-29,MSFT,Microsoft rallies as it announced a share buyback program,positive,1.0,0.9490455380417047
2024-05-30,MSFT,Microsoft drops as it announced layoffs amid cost cuts,negative,-1.0,-0.9417293143559937
2024-05-31,MSFT,Microsoft stock jumped on record quarterly earnings,positive,1.0,0.8683732179083719
2024-06-05,MSFT,Microsoft announced a change to its board of directors,neutral,0.0,0.0017527311095111228
2024-06-06,MSFT,Analysts turn bullish on Microsoft after resilient quarterly earnings,positive,1.0,0.8945864536642733
2024-06-07,MSFT,"Microsoft beat analyst earnings estimates, shares climb",positive,1.0,0.8939149390986564
2024-06-10,MSFT,Microsoft shares trade flat as it will report quarterly results next week,neutral,0.0,0.002537779482999424
2024-06-11,MSFT,Microsoft stock surged on record quarterly earnings,positive,1.0,0.8879885560305715
2024-06-13,MSFT,Microsoft stock soared on strong sales,positive,1.0,0.8677038541272483
2024-06-17,MSFT,Microsoft rallies as it unveiled a new product line to strong demand,positive,1.0,0.9375511222849942
2024-06-20,MSFT,Analysts turn bullish on Microsoft after record quarterly earnings,positive,1.0,0.942608495993481
2024-06-24,MSFT,Analysts turn bullish on Microsoft after better-than-expected cash flow,positive,1.0,0.8986474975513078
2024-06-25,MSFT,"Microsoft cut its full-year guidance, shares slide",negative,-1.0,-0.8964579875253386
2024-06-25,MSFT,Microsoft revenue in line with expectations,neutral,0.0,-1.3279232391538026e-05
2024-06-26,MSFT,"Microsoft beat analyst earnings estimates, shares climb",positive,1.0,0.8939149390986564
2024-06-27,MSFT,Microsoft stock fell on soft sales,negative,-1.0,-0.7699357776912588
2024-07-01,MSFT,Microsoft shares tumbled after announced layoffs amid cost cuts,negative,-1.0,-0.9036095768364794
2024-07-01,MSFT,Microsoft stock jumped on resilient quarterly earnings,positive,1.0,0.7466531738028679
2024-07-05,MSFT,Microsoft stock plunged on soft sales,negative,-1.0,-0.7451300942158507
2024-07-05,MSFT,Microsoft shares trade flat as it held its annual shareholder meeting,neutral,0.0,0.0009897905382276265
2024-07-08,MSFT,Microsoft rallies as it raised its full-year guidance,positive,1.0,0.9148809428518899
2024-07-08,MSFT,Microsoft stock jumped on robust cash flow,positive,1.0,0.8099869710432814
2024-07-10,MSFT,Microsoft drops as it announced layoffs amid cost cuts,negative,-1.0,-0.9417293143559937
2024-07-11,MSFT,Microsoft held its annual shareholder meeting,neutral,0.0,-0.001235383134034325
2024-07-11,MSFT,"Microsoft received an analyst upgrade, shares climb",positive,1.0,0.9278534444613776
2024-07-15,MSFT,Microsoft shares trade flat as it presented at an industry conference,neutral,0.0,0.001317603834630924
2024-07-16,MSFT,Analysts turn bullish on Microsoft after better-than-expected profit margins,positive,1.0,0.8946960474191858
2024-07-17,MSFT,"Microsoft missed analyst earnings estimates, shares slide",negative,-1.0,-0.9001358536729646
2024-07-17,MSFT,"Microsoft warned of a demand slowdown, shares slide",negative,-1.0,-0.9382878105105269
2024-07-18,MSFT,"Microsoft received an analyst downgrade, shares slide",negative,-1.0,-0.9328803544313999
2024-07-22,MSFT,"Microsoft warned of a demand slowdown, shares slide",negative,-1.0,-0.9382878105105269
2024-07-22,MSFT,"Microsoft received an analyst upgrade, shares climb",positive,1.0,0.9278534444613776
2024-07-25,MSFT,Microsoft shares trade flat as it filed its routine quarterly disclosure,neutral,0.0,0.0020769221501236237
2024-07-29,MSFT,"Microsoft announced layoffs amid cost cuts, shares slide",negative,-1.0,-0.945090481196986
2024-07-29,MSFT,Analysts turn cautious on Microsoft after worse-than-expected revenue,negative,0.0,-0.9387309215516985
2024-07-31,MSFT,Microsoft to hold investor call on cash flow,neutral,0.0,-5.2315254429141644e-05
2024-08-05,MSFT,Microsoft maintained its previous guidance,neutral,0.0,0.000987405380009937
2024-08-05,MSFT,Microsoft stock surged on resilient sales,positive,1.0,0.7890945082172618
2024-08-08,MSFT,Analysts turn bullish on Microsoft after record revenue,positive,1.0,0.892898010351791
2024-08-08,MSFT,Analysts turn bullish on Microsoft after strong quarterly earnings,positive,1.0,0.9338415312228157
2024-08-09,MSFT,Microsoft shares trade flat as it maintained its previous guidance,neutral,0.0,0.0018093301091885502
2024-08-12,MSFT,Microsoft shares rallied after reported record quarterly profit,positive,1.0,0.9512297091814925
2024-08-14,MSFT,Microsoft stock fell on worse-than-expected revenue,negative,-1.0,-0.870946074632492
2024-08-15,MSFT,Microsoft to hold investor call on profit margins,neutral,1.0,-0.0002579097062262309
2024-08-16,MSFT,Analysts turn bullish on Microsoft after strong sales,positive,1.0,0.9407883312460595
2024-08-20,MSFT,"Microsoft received an analyst upgrade, shares climb",positive,1.0,0.9278534444613776
2024-08-27,MSFT,Microsoft stock surged on resilient cash flow,positive,1.0,0.7698760640346081
2024-09-04,MSFT,Microsoft profit margins in line with expectations,neutral,1.0,0.0021587447277013547
2024-09-05,MSFT,Analysts turn bullish on Microsoft after better-than-expected revenue,positive,1.0,0.9140446185830465
2024-09-06,MSFT,Microsoft stock soared on resilient profit margins,positive,1.0,0.7558972831527099
2024-09-10,MSFT,Microsoft stock advanced on resilient sales,positive,1.0,0.7751870179271187
2024-09-11,MSFT,"Microsoft announced a change to its board of directors, no major stock reaction",neutral,0.0,0.00036516734546148885
2024-09-13,MSFT,"Microsoft raised its full-year guidance, shares climb",positive,1.0,0.9082557214788926
2024-09-16,MSFT,Microsoft drops as it warned of a demand slowdown,negative,-1.0,-0.9431989895603899
2024-09-17,MSFT,"Microsoft reported record quarterly profit, shares climb",positive,1.0,0.9599448491286057
2024-09-19,MSFT,Analysts turn bullish on Microsoft after robust quarterly earnings,positive,1.0,0.9096493132626392
2024-09-20,MSFT,Microsoft stock fell on worse-than-expected guidance,negative,-1.0,-0.8463401362207907
2024-09-25,MSFT,Analysts turn bullish on Microsoft after resilient profit margins,positive,1.0,0.883633784970596
2024-10-03,MSFT,Microsoft shares trade flat as it announced a change to its board of directors,neutral,0.0,0.001646006313644371
2024-10-04,MSFT,Microsoft drops as it missed analyst earnings estimates,negative,-1.0,-0.9136105866647274
2024-10-08,MSFT,Microsoft shares rallied after raised its full-year guidance,positive,1.0,0.8873547756924046
2024-10-10,MSFT,Microsoft rallies as it unveiled a new product line to strong demand,positive,1.0,0.9375511222849942
2024-10-11,MSFT,Microsoft shares trade flat as it maintained its previous guidance,neutral,0.0,0.0018093301091885502
2024-10-14,MSFT,Microsoft drops as it faces a regulatory investigation,negative,-1.0,-0.9398217588330752
2024-10-15,MSFT,"Microsoft reported record quarterly profit, shares climb",positive,1.0,0.9599448491286057
2024-10-15,MSFT,Microsoft sales in line with expectations,neutral,0.0,0.0030045366287297787
2024-10-16,MSFT,Analysts turn bullish on Microsoft after strong profit margins,positive,1.0,0.9066695258134049
2024-10-17,MSFT,Analysts turn bullish on Microsoft after record guidance,positive,1.0,0.916231969974666
2024-10-18,MSFT,Microsoft stock sank on soft revenue,negative,-1.0,-0.7865280252502442
2024-10-21,MSFT,Microsoft shares advanced after raised its full-year guidance,positive,1.0,0.841548778418722
2024-10-21,MSFT,Microsoft filed its routine quarterly disclosure,neutral,0.0,0.0024474162541892747
2024-10-22,MSFT,Microsoft stock plunged on troubling cash flow,negative,-1.0,-0.769385133246546
2024-10-23,MSFT,Microsoft shares slumped after faces a regulatory investigation,negative,-1.0,-0.9080243724636294
2024-10-24,MSFT,Microsoft stock advanced on better-than-expected quarterly earnings,positive,1.0,0.8162857399853193
2024-10-24,MSFT,Microsoft to hold investor call on guidance,neutral,0.0,0.0005390898643303811
2024-10-25,MSFT,Microsoft shares fell after warned of a demand slowdown,negative,-1.0,-0.8739191804601896
2024-10-28,MSFT,Microsoft shares surged after announced a share buyback program,positive,1.0,0.9099832379963523
2024-10-29,MSFT,Microsoft rallies as it received an analyst upgrade,positive,1.0,0.908189682239063
2024-10-30,MSFT,Microsoft drops as it announced layoffs amid cost cuts,negative,-1.0,-0.9417293143559937
2024-10-31,MSFT,Analysts turn bullish on Microsoft after resilient revenue,positive,1.0,0.9123600799091093
2024-11-01,MSFT,Microsoft shares slumped after cut its full-year guidance,negative,-1.0,-0.8453767410717469
2024-11-04,MSFT,Microsoft stock fell on troubling sales,negative,-1.0,-0.8298503963009825
2024-11-06,MSFT,"Microsoft received an analyst downgrade, shares slide",negative,-1.0,-0.9328803544313999
2024-11-06,MSFT,Microsoft revenue in line with expectations,neutral,0.0,-1.3279232391538026e-05
2024-11-08,MSFT,Microsoft presented at an industry conference,neutral,0.0,-0.000496873097922304
2024-11-08,MSFT,Microsoft drops as it warned of a demand slowdown,negative,-1.0,-0.9431989895603899
2024-11-11,MSFT,Microsoft drops as it faces a regulatory investigation,negative,-1.0,-0.9398217588330752
2024-11-12,MSFT,Analysts turn bullish on Microsoft after record cash flow,positive,1.0,0.9013703715843417
2024-11-14,MSFT,Microsoft rallies as it received an analyst upgrade,positive,1.0,0.908189682239063
2024-11-14,MSFT,"Microsoft announced layoffs amid cost cuts, shares slide",negative,-1.0,-0.945090481196986
2024-11-15,MSFT,Analysts turn bullish on Microsoft after record quarterly earnings,positive,1.0,0.942608495993481
2024-11-18,MSFT,"Microsoft faces a regulatory investigation, shares slide",negative,-1.0,-0.9551445813348404
2024-11-18,MSFT,Microsoft stock dropped on disappointing quarterly earnings,negative,-1.0,-0.7776758059212484
2024-11-19,MSFT,"Microsoft beat analyst earnings estimates, shares climb",positive,1.0,0.8939149390986564
2024-11-20,MSFT,Microsoft rallies as it raised its full-year guidance,positive,1.0,0.9148809428518899
2024-11-21,MSFT,"Microsoft announced a share buyback program, shares climb",positive,1.0,0.9512395916030502
2024-11-22,MSFT,Microsoft drops as it warned of a demand slowdown,negative,-1.0,-0.9431989895603899
2024-11-25,MSFT,"Microsoft will report quarterly results next week, no major stock reaction",neutral,0.0,0.0007598423604889652
2024-11-26,MSFT,Microsoft stock plunged on disappointing revenue,negative,-1.0,-0.8229552311477671
2024-11-26,MSFT,Microsoft stock fell on soft quarterly earnings,negative,-1.0,-0.726043579280363
2024-11-27,MSFT,Analysts turn bullish on Microsoft after record quarterly earnings,positive,1.0,0.942608495993481
2024-11-29,MSFT,Analysts turn cautious on Microsoft after worse-than-expected guidance,negative,0.0,-0.9254095180263086
2024-12-03,MSFT,Microsoft guidance in line with expectations,neutral,0.0,0.002944639034825232
2024-12-05,MSFT,Microsoft shares surged after unveiled a new product line to strong demand,positive,1.0,0.9188004600469326
2024-12-05,MSFT,"Microsoft announced a share buyback program, shares climb",positive,1.0,0.9512395916030502
2024-12-06,MSFT,Microsoft stock fell on worse-than-expected quarterly earnings,negative,-1.0,-0.8484747686638489
2024-12-09,MSFT,Microsoft drops as it announced layoffs amid cost cuts,negative,-1.0,-0.9417293143559937
2024-12-10,MSFT,Microsoft to hold investor call on profit margins,neutral,1.0,-0.0002579097062262309
2024-12-12,MSFT,Microsoft shares dropped after cut its full-year guidance,negative,-1.0,-0.8020208847783354
2024-12-13,MSFT,"Microsoft will report quarterly results next week, no major stock reaction",neutral,0.0,0.0007598423604889652
2024-12-16,MSFT,"Microsoft filed its routine quarterly disclosure, no major stock reaction",neutral,0.0,0.0006504761388644829
2024-12-17,MSFT,Microsoft stock advanced on record cash flow,positive,1.0,0.8050072219524551
2024-12-19,MSFT,Microsoft stock sank on soft quarterly earnings,negative,-1.0,-0.736639635713223
2024-12-20,MSFT,Microsoft guidance in line with expectations,neutral,0.0,0.002944639034825232
2024-12-20,MSFT,Microsoft stock soared on better-than-expected cash flow,positive,1.0,0.7527533750656179
2024-12-23,MSFT,Microsoft drops as it missed analyst earnings estimates,negative,-1.0,-0.9136105866647274
2024-12-30,MSFT,Microsoft revenue in line with expectations,neutral,0.0,-1.3279232391538026e-05
2025-01-02,MSFT,"Microsoft maintained its previous guidance, no major stock reaction",neutral,0.0,-3.194907159042443e-05
2025-01-06,MSFT,Microsoft shares climbed after announced a share buyback program,positive,1.0,0.9112380210813291
2025-01-08,MSFT,Analysts turn bullish on Microsoft after resilient sales,positive,1.0,0.904999825008427
2025-01-13,MSFT,Analysts turn bullish on Microsoft after record guidance,positive,1.0,0.916231969974666
2025-01-13,MSFT,Analysts turn bullish on Microsoft after better-than-expected revenue,positive,1.0,0.9140446185830465
2025-01-15,MSFT,Microsoft rallies as it reported record quarterly profit,positive,1.0,0.958703659090934
2025-01-15,MSFT,Microsoft shares climbed after raised its full-year guidance,positive,1.0,0.8456507943718387
2025-01-16,MSFT,"Microsoft warned of a demand slowdown, shares slide",negative,-1.0,-0.9382878105105269
2025-01-23,MSFT,Microsoft stock sank on disappointing cash flow,negative,-1.0,-0.7884313528235233
2025-01-28,MSFT,"Microsoft received an analyst upgrade, shares climb",positive,1.0,0.9278534444613776
2025-02-05,MSFT,Microsoft profit margins in line with expectations,neutral,1.0,0.0021587447277013547
2025-02-07,MSFT,"Microsoft missed analyst earnings estimates, shares slide",negative,-1.0,-0.9001358536729646
2025-02-11,MSFT,Microsoft rallies as it beat analyst earnings estimates,positive,1.0,0.8995451194443781
2025-02-12,MSFT,Microsoft shares fell after warned of a demand slowdown,negative,-1.0,-0.8739191804601896
2025-02-21,MSFT,Microsoft drops as it received an analyst downgrade,negative,-1.0,-0.9305147911120507
2025-02-21,MSFT,Analysts turn bullish on Microsoft after record guidance,positive,1.0,0.916231969974666
2025-02-24,MSFT,Microsoft shares trade flat as it presented at an industry conference,neutral,0.0,0.001317603834630924
2025-02-26,MSFT,Microsoft stock slumped on soft profit margins,negative,0.0,-0.7384144091813482
2025-03-03,MSFT,"Microsoft beat analyst earnings estimates, shares climb",positive,1.0,0.8939149390986564
2025-03-05,MSFT,"Microsoft faces a regulatory investigation, shares slide",negative,-1.0,-0.9551445813348404
2025-03-07,MSFT,"Microsoft beat analyst earnings estimates, shares climb",positive,1.0,0.8939149390986564
2025-03-11,MSFT,Microsoft shares tumbled after cut its full-year guidance,negative,-1.0,-0.7988235273483173
2025-03-12,MSFT,Microsoft shares soared after raised its full-year guidance,positive,1.0,0.8554594651700083
2025-03-17,MSFT,"Microsoft held its annual shareholder meeting, no major stock reaction",neutral,0.0,-0.000686760777387465
2025-03-19,MSFT,Analysts turn bullish on Microsoft after robust revenue,positive,1.0,0.9049229185255715
2025-03-21,MSFT,Microsoft sales in line with expectations,neutral,0.0,0.0030045366287297787
2025-03-21,MSFT,Microsoft shares trade flat as it will report quarterly results next week,neutral,0.0,0.002537779482999424
2025-03-25,MSFT,Microsoft stock slumped on soft quarterly earnings,negative,-1.0,-0.7391784407959343
2025-03-26,MSFT,Microsoft drops as it faces a regulatory investigation,negative,-1.0,-0.9398217588330752
2025-04-02,MSFT,"Microsoft raised its full-year guidance, shares climb",positive,1.0,0.9082557214788926
2025-04-07,MSFT,Microsoft stock slumped on weak sales,negative,-1.0,-0.8522473033531678
2025-04-09,MSFT,"Microsoft received an analyst upgrade, shares climb",positive,1.0,0.9278534444613776
2025-04-10,MSFT,"Microsoft reported record quarterly profit, shares climb",positive,1.0,0.9599448491286057
2025-04-10,MSFT,Microsoft shares trade flat as it will report quarterly results next week,neutral,0.0,0.002537779482999424
2025-04-11,MSFT,Analysts turn bullish on Microsoft after resilient sales,positive,1.0,0.904999825008427
2025-04-14,MSFT,Microsoft stock jumped on resilient sales,positive,1.0,0.7607389369115146
2025-04-14,MSFT,Microsoft maintained its previous guidance,neutral,0.0,0.000987405380009937
2025-04-15,MSFT,"Microsoft held its annual shareholder meeting, no major stock reaction",neutral,0.0,-0.000686760777387465
2025-04-16,MSFT,Microsoft shares plunged after warned of a demand slowdown,negative,-1.0,-0.8526906054708562
2025-04-21,MSFT,Microsoft drops as it cut its full-year guidance,negative,-1.0,-0.8985587535583589
2025-04-23,MSFT,Microsoft sales in line with expectations,neutral,0.0,0.0030045366287297787
2025-04-29,MSFT,Microsoft stock soared on strong quarterly earnings,positive,1.0,0.856789661072241
2025-04-30,MSFT,"Microsoft cut its full-year guidance, shares slide",negative,-1.0,-0.8964579875253386
2025-05-02,MSFT,"Microsoft received an analyst downgrade, shares slide",negative,-1.0,-0.9328803544313999
2025-05-05,MSFT,"Microsoft cut its full-year guidance, shares slide",negative,-1.0,-0.8964579875253386
2025-05-06,MSFT,"Microsoft faces a regulatory investigation, shares slide",negative,-1.0,-0.9551445813348404
2025-05-12,MSFT,Analysts turn bullish on Microsoft after better-than-expected profit margins,positive,1.0,0.8946960474191858
2025-05-13,MSFT,"Microsoft missed analyst earnings estimates, shares slide",negative,-1.0,-0.9001358536729646
2025-05-13,MSFT,Microsoft stock rallied on resilient guidance,positive,1.0,0.776200553568944
2025-05-14,MSFT,"Microsoft filed its routine quarterly disclosure, no major stock reaction",neutral,0.0,0.0006504761388644829
2025-05-14,MSFT,Microsoft drops as it warned of a demand slowdown,negative,-1.0,-0.9431989895603899
2025-05-15,MSFT,Analysts turn bullish on Microsoft after robust profit margins,positive,1.0,0.8929053190286087
2025-05-16,MSFT,Microsoft shares climbed after received an analyst upgrade,positive,1.0,0.8803257035554891
2025-05-20,MSFT,Microsoft stock tumbled on soft profit margins,negative,0.0,-0.7392725936767184
2025-05-21,MSFT,Analysts turn bullish on Microsoft after record cash flow,positive,1.0,0.9013703715843417
2025-05-22,MSFT,Analysts turn cautious on Microsoft after disappointing cash flow,negative,0.0,-0.9101067728520131
2025-05-28,MSFT,Microsoft shares trade flat as it maintained its previous guidance,neutral,0.0,0.0018093301091885502
2025-05-28,MSFT,Microsoft announced a change to its board of directors,neutral,0.0,0.0017527311095111228
2025-06-02,MSFT,Microsoft shares trade flat as it announced a change to its board of directors,neutral,0.0,0.001646006313644371
2025-06-04,MSFT,Analysts turn bullish on Microsoft after robust profit margins,positive,1.0,0.8929053190286087
2025-06-05,MSFT,"Microsoft maintained its previous guidance, no major stock reaction",neutral,0.0,-3.194907159042443e-05
2025-06-06,MSFT,Microsoft guidance in line with expectations,neutral,0.0,0.002944639034825232
2025-06-06,MSFT,Microsoft stock sank on disappointing sales,negative,-1.0,-0.8068455553206846
2025-06-09,MSFT,Microsoft revenue in line with expectations,neutral,0.0,-1.3279232391538026e-05
2025-06-09,MSFT,Microsoft to hold investor call on sales,neutral,0.0,0.00026710958517958336
2025-06-12,MSFT,Analysts turn cautious on Microsoft after weak cash flow,negative,-1.0,-0.8538749222025991
2025-06-13,MSFT,Microsoft presented at an industry conference,neutral,0.0,-0.000496873097922304
2025-06-13,MSFT,Microsoft shares dropped after cut its full-year guidance,negative,-1.0,-0.8020208847783354
2025-06-17,MSFT,Microsoft stock dropped on soft guidance,negative,-1.0,-0.7530945584172817
2025-06-17,MSFT,Microsoft rallies as it received an analyst upgrade,positive,1.0,0.908189682239063
2025-06-18,MSFT,Microsoft stock plunged on worse-than-expected sales,negative,-1.0,-0.8315551949686248
2025-06-23,MSFT,"Microsoft maintained its previous guidance, no major stock reaction",neutral,0.0,-3.194907159042443e-05
2025-06-24,MSFT,Microsoft drops as it faces a regulatory investigation,negative,-1.0,-0.9398217588330752
2025-06-25,MSFT,Microsoft announced a change to its board of directors,neutral,0.0,0.0017527311095111228
2025-06-27,MSFT,"Microsoft faces a regulatory investigation, shares slide",negative,-1.0,-0.9551445813348404
2025-06-30,MSFT,"Microsoft cut its full-year guidance, shares slide",negative,-1.0,-0.8964579875253386
2025-07-02,MSFT,Analysts turn bullish on Microsoft after resilient profit margins,positive,1.0,0.883633784970596
2025-07-02,MSFT,"Microsoft received an analyst upgrade, shares climb",positive,1.0,0.9278534444613776
2025-07-07,MSFT,Microsoft shares climbed after unveiled a new product line to strong demand,positive,1.0,0.9259396041957131
2025-07-08,MSFT,Microsoft cash flow in line with expectations,neutral,0.0,0.0020177587386779466
2025-07-10,MSFT,Analysts turn cautious on Microsoft after weak profit margins,negative,0.0,-0.8856504581127813
2025-07-10,MSFT,Microsoft shares soared after reported record quarterly profit,positive,1.0,0.9568015390936987
2025-07-14,MSFT,"Microsoft reported record quarterly profit, shares climb",positive,1.0,0.9599448491286057
2025-07-22,MSFT,Microsoft maintained its previous guidance,neutral,0.0,0.000987405380009937
2025-07-22,MSFT,Microsoft filed its routine quarterly disclosure,neutral,0.0,0.0024474162541892747
2025-07-25,MSFT,Analysts turn bullish on Microsoft after record guidance,positive,1.0,0.916231969974666
2025-07-28,MSFT,Microsoft rallies as it raised its full-year guidance,positive,1.0,0.9148809428518899
2025-07-28,MSFT,Analysts turn cautious on Microsoft after worse-than-expected revenue,negative,0.0,-0.9387309215516985
2025-07-29,MSFT,Microsoft stock slumped on troubling quarterly earnings,negative,-1.0,-0.8069743411546683
2025-07-29,MSFT,Microsoft stock slumped on soft guidance,negative,-1.0,-0.8006162420066232
2025-07-30,MSFT,"Microsoft received an analyst downgrade, shares slide",negative,-1.0,-0.9328803544313999
2025-07-31,MSFT,"Microsoft announced a share buyback program, shares climb",positive,1.0,0.9512395916030502
2025-08-07,MSFT,"Microsoft warned of a demand slowdown, shares slide",negative,-1.0,-0.9382878105105269
2025-08-08,MSFT,Microsoft stock surged on record cash flow,positive,1.0,0.8081300061812194
2025-08-08,MSFT,Microsoft shares rallied after unveiled a new product line to strong demand,positive,1.0,0.9480907713176656
2025-08-11,MSFT,Analysts turn cautious on Microsoft after soft sales,negative,0.0,-0.8775783164728393
2025-08-13,MSFT,Analysts turn bullish on Microsoft after resilient quarterly earnings,positive,1.0,0.8945864536642733
2025-08-14,MSFT,Analysts turn bullish on Microsoft after resilient quarterly earnings,positive,1.0,0.8945864536642733
2025-08-15,MSFT,Microsoft shares surged after received an analyst upgrade,positive,1.0,0.835727376224255
2025-08-15,MSFT,Analysts turn bullish on Microsoft after resilient quarterly earnings,positive,1.0,0.8945864536642733
2025-08-18,MSFT,Microsoft drops as it received an analyst downgrade,negative,-1.0,-0.9305147911120507
2025-08-18,MSFT,Microsoft maintained its previous guidance,neutral,0.0,0.000987405380009937
2025-08-19,MSFT,Microsoft stock climbed on strong revenue,positive,1.0,0.8315511026933127
2025-08-20,MSFT,Microsoft rallies as it announced a share buyback program,positive,1.0,0.9490455380417047
2025-08-21,MSFT,Microsoft stock advanced on robust profit margins,positive,1.0,0.7776991268610267
2025-08-22,MSFT,Microsoft shares trade flat as it will report quarterly results next week,neutral,0.0,0.002537779482999424
2025-08-25,MSFT,Microsoft drops as it cut its full-year guidance,negative,-1.0,-0.8985587535583589
2025-08-27,MSFT,Microsoft shares dropped after warned of a demand slowdown,negative,-1.0,-0.8995453659414331
2025-08-28,MSFT,Analysts turn cautious on Microsoft after disappointing revenue,negative,0.0,-0.9354431030250334
2025-09-05,MSFT,Microsoft shares rallied after raised its full-year guidance,positive,1.0,0.8873547756924046
2025-09-08,MSFT,"Microsoft announced a share buyback program, shares climb",positive,1.0,0.9512395916030502
2025-09-10,MSFT,Microsoft shares trade flat as it held its annual shareholder meeting,neutral,0.0,0.0009897905382276265
2025-09-15,MSFT,Microsoft stock fell on soft profit margins,negative,0.0,-0.7255975830757095
2025-09-16,MSFT,Microsoft shares trade flat as it will report quarterly results next week,neutral,0.0,0.002537779482999424
2025-09-17,MSFT,Analysts turn bullish on Microsoft after robust revenue,positive,1.0,0.9049229185255715
2025-09-19,MSFT,"Microsoft received an analyst upgrade, shares climb",positive,1.0,0.9278534444613776
2025-09-22,MSFT,Analysts turn cautious on Microsoft after soft sales,negative,0.0,-0.8775783164728393
2025-09-22,MSFT,Microsoft presented at an industry conference,neutral,0.0,-0.000496873097922304
2025-09-23,MSFT,Analysts turn bullish on Microsoft after strong sales,positive,1.0,0.9407883312460595
2025-09-24,MSFT,Microsoft rallies as it beat analyst earnings estimates,positive,1.0,0.8995451194443781
2025-09-26,MSFT,Microsoft stock surged on strong cash flow,positive,1.0,0.806157473348324
2025-09-29,MSFT,Microsoft to hold investor call on quarterly earnings,neutral,0.0,0.0022777295840900325
2025-09-30,MSFT,"Microsoft cut its full-year guidance, shares slide",negative,-1.0,-0.8964579875253386
2025-10-01,MSFT,Microsoft to hold investor call on quarterly earnings,neutral,0.0,0.0022777295840900325
2025-10-01,MSFT,Analysts turn cautious on Microsoft after worse-than-expected cash flow,negative,0.0,-0.9292133278079268
2025-10-02,MSFT,Analysts turn cautious on Microsoft after disappointing cash flow,negative,0.0,-0.9101067728520131
2025-10-08,MSFT,Microsoft shares advanced after raised its full-year guidance,positive,1.0,0.841548778418722
2025-10-09,MSFT,Analysts turn cautious on Microsoft after disappointing profit margins,negative,1.0,-0.9096777277400662
2025-10-10,MSFT,Microsoft rallies as it unveiled a new product line to strong demand,positive,1.0,0.9375511222849942
2025-10-13,MSFT,Microsoft to hold investor call on cash flow,neutral,0.0,-5.2315254429141644e-05
2025-10-13,MSFT,Microsoft drops as it received an analyst downgrade,negative,-1.0,-0.9305147911120507
2025-10-14,MSFT,Microsoft drops as it announced layoffs amid cost cuts,negative,-1.0,-0.9417293143559937
2025-10-15,MSFT,Analysts turn bullish on Microsoft after robust profit margins,positive,1.0,0.8929053190286087
2025-10-17,MSFT,Microsoft stock rallied on record profit margins,positive,1.0,0.7770585331376472
2025-10-20,MSFT,"Microsoft warned of a demand slowdown, shares slide",negative,-1.0,-0.9382878105105269
2025-10-21,MSFT,Microsoft announced a change to its board of directors,neutral,0.0,0.0017527311095111228
2025-10-22,MSFT,Microsoft drops as it warned of a demand slowdown,negative,-1.0,-0.9431989895603899
2025-10-23,MSFT,"Microsoft announced a change to its board of directors, no major stock reaction",neutral,0.0,0.00036516734546148885
2025-10-23,MSFT,Microsoft stock advanced on strong sales,positive,1.0,0.8641489113854248
2025-10-24,MSFT,Microsoft profit margins in line with expectations,neutral,1.0,0.0021587447277013547
2025-10-27,MSFT,"Microsoft beat analyst earnings estimates, shares climb",positive,1.0,0.8939149390986564
2025-10-28,MSFT,"Microsoft cut its full-year guidance, shares slide",negative,-1.0,-0.8964579875253386
2025-10-29,MSFT,Microsoft shares trade flat as it held its annual shareholder meeting,neutral,0.0,0.0009897905382276265
2025-10-30,MSFT,"Microsoft cut its full-year guidance, shares slide",negative,-1.0,-0.8964579875253386
2025-10-31,MSFT,Microsoft to hold investor call on profit margins,neutral,1.0,-0.0002579097062262309
2025-11-06,MSFT,Microsoft stock surged on record revenue,positive,1.0,0.7884866071143236
2025-11-06,MSFT,Analysts turn bullish on Microsoft after resilient quarterly earnings,positive,1.0,0.8945864536642733
2025-11-10,MSFT,Microsoft shares jumped after announced a share buyback program,positive,1.0,0.9249977682534514
2025-11-14,MSFT,Microsoft to hold investor call on cash flow,neutral,0.0,-5.2315254429141644e-05
2025-11-17,MSFT,Microsoft stock dropped on disappointing guidance,negative,-1.0,-0.7909575286836997
2025-11-17,MSFT,"Microsoft received an analyst upgrade, shares climb",positive,1.0,0.9278534444613776
2025-11-18,MSFT,Microsoft rallies as it raised its full-year guidance,positive,1.0,0.9148809428518899
2025-11-19,MSFT,Microsoft stock rallied on resilient cash flow,positive,1.0,0.7697533741687952
2025-11-21,MSFT,Microsoft drops as it warned of a demand slowdown,negative,-1.0,-0.9431989895603899
2025-11-21,MSFT,Microsoft shares sank after faces a regulatory investigation,negative,-1.0,-0.897561051390166
2025-11-24,MSFT,Microsoft shares fell after missed analyst earnings estimates,negative,-1.0,-0.8346203950626583
2025-11-25,MSFT,Microsoft drops as it missed analyst earnings estimates,negative,-1.0,-0.9136105866647274
2025-11-26,MSFT,Microsoft rallies as it raised its full-year guidance,positive,1.0,0.9148809428518899
2025-12-01,MSFT,Microsoft rallies as it unveiled a new product line to strong demand,positive,1.0,0.9375511222849942
2025-12-02,MSFT,Microsoft presented at an industry conference,neutral,0.0,-0.000496873097922304
2025-12-03,MSFT,"Microsoft received an analyst upgrade, shares climb",positive,1.0,0.9278534444613776
2025-12-03,MSFT,Microsoft shares trade flat as it held its annual shareholder meeting,neutral,0.0,0.0009897905382276265
2025-12-04,MSFT,Microsoft shares rallied after raised its full-year guidance,positive,1.0,0.8873547756924046
2025-12-05,MSFT,Microsoft stock fell on soft sales,negative,-1.0,-0.7699357776912588
2025-12-08,MSFT,Microsoft stock tumbled on worse-than-expected revenue,negative,-1.0,-0.8574354843201396
2025-12-09,MSFT,Microsoft shares dropped after faces a regulatory investigation,negative,-1.0,-0.8960003548197577
2025-12-10,MSFT,Microsoft stock climbed on robust sales,positive,1.0,0.8427036554939016
2025-12-12,MSFT,Analysts turn cautious on Microsoft after troubling sales,negative,0.0,-0.9056356623517139
2025-12-12,MSFT,Microsoft drops as it missed analyst earnings estimates,negative,-1.0,-0.9136105866647274
2025-12-15,MSFT,Analysts turn bullish on Microsoft after robust cash flow,positive,1.0,0.9095098594702262
2025-12-16,MSFT,Analysts turn bullish on Microsoft after strong profit margins,positive,1.0,0.9066695258134049
2025-12-17,MSFT,"Microsoft announced a change to its board of directors, no major stock reaction",neutral,0.0,0.00036516734546148885
2025-12-18,MSFT,Analysts turn bullish on Microsoft after better-than-expected quarterly earnings,positive,1.0,0.9068463709948174
2025-12-26,MSFT,Analysts turn bullish on Microsoft after record quarterly earnings,positive,1.0,0.942608495993481
2026-01-02,MSFT,Analysts turn bullish on Microsoft after resilient profit margins,positive,1.0,0.883633784970596
2026-01-05,MSFT,"Microsoft warned of a demand slowdown, shares slide",negative,-1.0,-0.9382878105105269
2026-01-08,MSFT,Microsoft rallies as it unveiled a new product line to strong demand,positive,1.0,0.9375511222849942
2026-01-12,MSFT,Microsoft will report quarterly results next week,neutral,0.0,0.0030203307834693674
2026-01-12,MSFT,"Microsoft warned of a demand slowdown, shares slide",negative,-1.0,-0.9382878105105269
2026-01-16,MSFT,Microsoft drops as it missed analyst earnings estimates,negative,-1.0,-0.9136105866647274
2026-01-21,MSFT,Microsoft stock advanced on strong quarterly earnings,positive,1.0,0.8532664038417794
2026-01-23,MSFT,Microsoft stock fell on disappointing profit margins,negative,0.0,-0.8319576138676057
2026-01-26,MSFT,Microsoft filed its routine quarterly disclosure,neutral,0.0,0.0024474162541892747
2026-01-27,MSFT,Microsoft stock rallied on strong sales,positive,1.0,0.8929033081970207
2026-01-29,MSFT,"Microsoft presented at an industry conference, no major stock reaction",neutral,0.0,-0.00043188623034046136
2026-01-30,MSFT,Microsoft to hold investor call on cash flow,neutral,0.0,-5.2315254429141644e-05
2026-02-02,MSFT,Microsoft stock fell on worse-than-expected guidance,negative,-1.0,-0.8463401362207907
2026-02-04,MSFT,Microsoft shares trade flat as it announced a change to its board of directors,neutral,0.0,0.001646006313644371
2026-02-06,MSFT,"Microsoft beat analyst earnings estimates, shares climb",positive,1.0,0.8939149390986564
2026-02-09,MSFT,"Microsoft received an analyst upgrade, shares climb",positive,1.0,0.9278534444613776
2026-02-12,MSFT,"Microsoft will report quarterly results next week, no major stock reaction",neutral,0.0,0.0007598423604889652
2026-02-12,MSFT,Microsoft shares rallied after beat analyst earnings estimates,positive,1.0,0.8932410796391068
2026-02-13,MSFT,Microsoft rallies as it announced a share buyback program,positive,1.0,0.9490455380417047
2026-02-18,MSFT,Microsoft stock tumbled on soft revenue,negative,-1.0,-0.7895057072369273
2026-02-19,MSFT,Microsoft shares dropped after warned of a demand slowdown,negative,-1.0,-0.8995453659414331
2026-02-19,MSFT,"Microsoft warned of a demand slowdown, shares slide",negative,-1.0,-0.9382878105105269
2026-02-20,MSFT,"Microsoft received an analyst upgrade, shares climb",positive,1.0,0.9278534444613776
2026-02-24,MSFT,Microsoft stock fell on worse-than-expected revenue,negative,-1.0,-0.870946074632492
2026-02-25,MSFT,"Microsoft faces a regulatory investigation, shares slide",negative,-1.0,-0.9551445813348404
2026-03-02,MSFT,"Microsoft cut its full-year guidance, shares slide",negative,-1.0,-0.8964579875253386
2026-03-04,MSFT,Microsoft stock soared on strong sales,positive,1.0,0.8677038541272483
2026-03-05,MSFT,Microsoft drops as it received an analyst downgrade,negative,-1.0,-0.9305147911120507
2026-03-06,MSFT,"Microsoft received an analyst upgrade, shares climb",positive,1.0,0.9278534444613776
2026-03-09,MSFT,Microsoft shares climbed after reported record quarterly profit,positive,1.0,0.9310172264588196
2026-03-10,MSFT,"Microsoft warned of a demand slowdown, shares slide",negative,-1.0,-0.9382878105105269
2026-03-11,MSFT,Analysts turn cautious on Microsoft after weak cash flow,negative,-1.0,-0.8538749222025991
2026-03-16,MSFT,Microsoft rallies as it unveiled a new product line to strong demand,positive,1.0,0.9375511222849942
2026-03-17,MSFT,Microsoft shares tumbled after warned of a demand slowdown,negative,-1.0,-0.8598129187192646
2026-03-17,MSFT,Analysts turn cautious on Microsoft after weak quarterly earnings,negative,-1.0,-0.8550240359117379
2026-03-19,MSFT,Analysts turn cautious on Microsoft after worse-than-expected quarterly earnings,negative,0.0,-0.9241868020402354
2026-03-23,MSFT,Microsoft shares surged after announced a share buyback program,positive,1.0,0.9099832379963523
2026-03-25,MSFT,Analysts turn cautious on Microsoft after weak quarterly earnings,negative,-1.0,-0.8550240359117379
2026-03-25,MSFT,Microsoft shares advanced after raised its full-year guidance,positive,1.0,0.841548778418722
2026-03-30,MSFT,Microsoft drops as it received an analyst downgrade,negative,-1.0,-0.9305147911120507
2026-04-02,MSFT,Microsoft held its annual shareholder meeting,neutral,0.0,-0.001235383134034325
2026-04-08,MSFT,"Microsoft missed analyst earnings estimates, shares slide",negative,-1.0,-0.9001358536729646
2026-04-13,MSFT,Analysts turn cautious on Microsoft after worse-than-expected cash flow,negative,0.0,-0.9292133278079268
2026-04-14,MSFT,Microsoft shares surged after announced a share buyback program,positive,1.0,0.9099832379963523
2026-04-21,MSFT,Microsoft stock surged on resilient guidance,positive,1.0,0.7761220824376208
2026-04-22,MSFT,Microsoft shares sank after announced layoffs amid cost cuts,negative,-1.0,-0.9104336019314436
2026-04-27,MSFT,Microsoft to hold investor call on profit margins,neutral,1.0,-0.0002579097062262309
2026-04-29,MSFT,Microsoft will report quarterly results next week,neutral,0.0,0.0030203307834693674
2026-05-01,MSFT,Microsoft stock surged on strong revenue,positive,1.0,0.8261331924400941
2026-05-01,MSFT,"Microsoft beat analyst earnings estimates, shares climb",positive,1.0,0.8939149390986564
2026-05-05,MSFT,Microsoft sales in line with expectations,neutral,0.0,0.0030045366287297787
2026-05-06,MSFT,Analysts turn cautious on Microsoft after disappointing guidance,negative,0.0,-0.919799008005382
2026-05-07,MSFT,Microsoft shares soared after raised its full-year guidance,positive,1.0,0.8554594651700083
2026-05-11,MSFT,"Microsoft faces a regulatory investigation, shares slide",negative,-1.0,-0.9551445813348404
2026-05-12,MSFT,Microsoft drops as it missed analyst earnings estimates,negative,-1.0,-0.9136105866647274
2026-05-13,MSFT,Analysts turn cautious on Microsoft after soft revenue,negative,0.0,-0.8818239435832834
2026-05-13,MSFT,Microsoft shares fell after announced layoffs amid cost cuts,negative,-1.0,-0.923756700458432
2026-05-15,MSFT,Microsoft stock tumbled on worse-than-expected profit margins,negative,0.0,-0.8347810517868426
2026-05-15,MSFT,Microsoft shares trade flat as it presented at an industry conference,neutral,0.0,0.001317603834630924
2026-05-19,MSFT,Microsoft shares sank after missed analyst earnings estimates,negative,-1.0,-0.83653776868531
2026-05-20,MSFT,Microsoft stock climbed on robust cash flow,positive,1.0,0.8203682131844414
2026-05-20,MSFT,Microsoft stock jumped on record sales,positive,1.0,0.8104453995957008
2026-05-22,MSFT,Microsoft stock dropped on soft profit margins,negative,0.0,-0.687136181208827
2026-05-27,MSFT,Microsoft rallies as it raised its full-year guidance,positive,1.0,0.9148809428518899
2026-05-27,MSFT,Microsoft rallies as it reported record quarterly profit,positive,1.0,0.958703659090934
2026-05-28,MSFT,"Microsoft reported record quarterly profit, shares climb",positive,1.0,0.9599448491286057
2026-05-29,MSFT,"Microsoft cut its full-year guidance, shares slide",negative,-1.0,-0.8964579875253386
2026-06-05,MSFT,Microsoft stock advanced on strong cash flow,positive,1.0,0.8091099370835597
2026-06-08,MSFT,Microsoft stock sank on disappointing revenue,negative,-1.0,-0.8319460768097733
2026-06-09,MSFT,Microsoft shares climbed after announced a share buyback program,positive,1.0,0.9112380210813291
2026-06-10,MSFT,Microsoft drops as it cut its full-year guidance,negative,-1.0,-0.8985587535583589
2026-06-12,MSFT,Microsoft rallies as it unveiled a new product line to strong demand,positive,1.0,0.9375511222849942
2026-06-22,MSFT,Microsoft drops as it faces a regulatory investigation,negative,-1.0,-0.9398217588330752
2026-06-22,MSFT,"Microsoft faces a regulatory investigation, shares slide",negative,-1.0,-0.9551445813348404
2026-06-24,MSFT,Microsoft stock jumped on robust guidance,positive,1.0,0.8396712061741065
2026-06-25,MSFT,Microsoft rallies as it unveiled a new product line to strong demand,positive,1.0,0.9375511222849942
2026-06-26,MSFT,Microsoft drops as it faces a regulatory investigation,negative,-1.0,-0.9398217588330752
2026-06-30,MSFT,Microsoft stock jumped on better-than-expected revenue,positive,1.0,0.823166178430258
2021-07-02,TSLA,Tesla shares dropped after cut its full-year guidance,negative,-1.0,-0.830714501128609
2021-07-06,TSLA,Tesla shares slumped after warned of a demand slowdown,negative,-1.0,-0.903389612477623
2021-07-07,TSLA,Analysts turn bullish on Tesla after strong cash flow,positive,1.0,0.8828489169494514
2021-07-12,TSLA,"Tesla beat analyst earnings estimates, shares climb",positive,1.0,0.8856703933415196
2021-07-14,TSLA,Tesla shares sank after missed analyst earnings estimates,negative,-1.0,-0.8602369223568809
2021-07-14,TSLA,Tesla shares trade flat as it presented at an industry conference,neutral,0.0,-0.0019778380309251296
2021-07-16,TSLA,"Tesla received an analyst downgrade, shares slide",negative,-1.0,-0.9240015314457571
2021-07-19,TSLA,Analysts turn bullish on Tesla after strong cash flow,positive,1.0,0.8828489169494514
2021-07-19,TSLA,Tesla rallies as it reported record quarterly profit,positive,1.0,0.9594426220134175
2021-07-20,TSLA,Tesla announced a change to its board of directors,neutral,0.0,-0.003610072075022383
2021-07-21,TSLA,"Tesla received an analyst downgrade, shares slide",negative,-1.0,-0.9240015314457571
2021-07-21,TSLA,Tesla shares trade flat as it presented at an industry conference,neutral,0.0,-0.0019778380309251296
2021-07-23,TSLA,Tesla shares sank after missed analyst earnings estimates,negative,-1.0,-0.8602369223568809
2021-07-27,TSLA,Tesla rallies as it raised its full-year guidance,positive,1.0,0.9155495178067174
2021-07-27,TSLA,Tesla shares tumbled after faces a regulatory investigation,negative,-1.0,-0.8899243786212304
2021-07-28,TSLA,Tesla shares trade flat as it announced a change to its board of directors,neutral,0.0,-0.0014402382331549675
2021-07-29,TSLA,Analysts turn bullish on Tesla after resilient cash flow,positive,1.0,0.8858466529261899
2021-07-30,TSLA,Tesla drops as it missed analyst earnings estimates,negative,-1.0,-0.9294384286071679
2021-08-02,TSLA,Tesla stock plunged on soft cash flow,negative,-1.0,-0.7798100026820248
2021-08-05,TSLA,Tesla rallies as it unveiled a new product line to strong demand,positive,1.0,0.9382030689749176
2021-08-06,TSLA,"Tesla announced a change to its board of directors, no major stock reaction",neutral,0.0,-0.0016182143834567366
2021-08-10,TSLA,Tesla shares slumped after warned of a demand slowdown,negative,-1.0,-0.903389612477623
2021-08-11,TSLA,Tesla stock slumped on worse-than-expected guidance,negative,-1.0,-0.8737792395568182
2021-08-18,TSLA,Tesla will report quarterly results next week,neutral,0.0,-0.0009698295543304342
2021-08-20,TSLA,"Tesla will report quarterly results next week, no major stock reaction",neutral,0.0,-0.0006354921084305472
2021-08-23,TSLA,Analysts turn cautious on Tesla after troubling profit margins,negative,1.0,-0.9042698133552037
2021-08-24,TSLA,"Tesla will report quarterly results next week, no major stock reaction",neutral,0.0,-0.0006354921084305472
2021-08-24,TSLA,"Tesla raised its full-year guidance, shares climb",positive,1.0,0.8894153272730411
2021-08-26,TSLA,Tesla shares slumped after warned of a demand slowdown,negative,-1.0,-0.903389612477623
2021-08-26,TSLA,Tesla stock surged on record revenue,positive,1.0,0.7450682167964819
2021-08-27,TSLA,Tesla shares climbed after reported record quarterly profit,positive,1.0,0.9199478534962962
2021-08-30,TSLA,Tesla drops as it announced layoffs amid cost cuts,negative,-1.0,-0.9504631841496636
2021-08-31,TSLA,"Tesla received an analyst downgrade, shares slide",negative,-1.0,-0.9240015314457571
2021-09-01,TSLA,"Tesla raised its full-year guidance, shares climb",positive,1.0,0.8894153272730411
2021-09-01,TSLA,"Tesla unveiled a new product line to strong demand, shares climb",positive,1.0,0.9541530080281007
2021-09-02,TSLA,Analysts turn bullish on Tesla after strong cash flow,positive,1.0,0.8828489169494514
2021-09-09,TSLA,Tesla shares sank after faces a regulatory investigation,negative,-1.0,-0.9122560903927794
2021-09-09,TSLA,Analysts turn cautious on Tesla after soft revenue,negative,0.0,-0.8876055557909779
2021-09-13,TSLA,Tesla shares tumbled after announced layoffs amid cost cuts,negative,-1.0,-0.915877124569299
2021-09-14,TSLA,Tesla drops as it missed analyst earnings estimates,negative,-1.0,-0.9294384286071679
2021-09-15,TSLA,"Tesla announced layoffs amid cost cuts, shares slide",negative,-1.0,-0.948168517581117
2021-09-17,TSLA,"Tesla announced a share buyback program, shares climb",positive,1.0,0.943185195247612
2021-09-20,TSLA,Tesla shares sank after announced layoffs amid cost cuts,negative,-1.0,-0.9218003294910871
2021-09-20,TSLA,"Tesla announced a change to its board of directors, no major stock reaction",neutral,0.0,-0.0016182143834567366
2021-09-22,TSLA,Tesla stock sank on worse-than-expected cash flow,negative,-1.0,-0.8686060703184236
2021-09-23,TSLA,Tesla rallies as it announced a share buyback program,positive,1.0,0.9496730181861665
2021-09-23,TSLA,Tesla shares jumped after unveiled a new product line to strong demand,positive,1.0,0.9272893427945297
2021-09-27,TSLA,Tesla rallies as it reported record quarterly profit,positive,1.0,0.9594426220134175
2021-09-27,TSLA,Tesla shares slumped after received an analyst downgrade,negative,-1.0,-0.8938964889635873
2021-09-28,TSLA,Tesla rallies as it unveiled a new product line to strong demand,positive,1.0,0.9382030689749176
2021-09-29,TSLA,Tesla drops as it warned of a demand slowdown,negative,-1.0,-0.954141296089943
2021-10-01,TSLA,Tesla stock slumped on soft revenue,negative,-1.0,-0.825070388762351
2021-10-01,TSLA,"Tesla maintained its previous guidance, no major stock reaction",neutral,0.0,-0.0014008787005847477
2021-10-05,TSLA,Tesla rallies as it unveiled a new product line to strong demand,positive,1.0,0.9382030689749176
2021-10-05,TSLA,Tesla stock fell on troubling quarterly earnings,negative,-1.0,-0.8116974188670885
2021-10-06,TSLA,Tesla stock sank on troubling sales,negative,-1.0,-0.8691676925858082
2021-10-08,TSLA,Tesla shares soared after raised its full-year guidance,positive,1.0,0.8300601208955337
2021-10-12,TSLA,Tesla shares fell after warned of a demand slowdown,negative,-1.0,-0.8918817527992894
2021-10-18,TSLA,Tesla to hold investor call on cash flow,neutral,0.0,-0.002716876140779881
2021-10-18,TSLA,Tesla rallies as it received an analyst upgrade,positive,1.0,0.9085723119817151
2021-10-19,TSLA,Tesla shares soared after received an analyst upgrade,positive,1.0,0.8430006081314381
2021-10-20,TSLA,"Tesla raised its full-year guidance, shares climb",positive,1.0,0.8894153272730411
2021-10-21,TSLA,Tesla shares sank after announced layoffs amid cost cuts,negative,-1.0,-0.9218003294910871
2021-10-25,TSLA,Tesla rallies as it announced a share buyback program,positive,1.0,0.9496730181861665
2021-10-27,TSLA,Tesla stock plunged on soft revenue,negative,-1.0,-0.7997267467954458
2021-10-28,TSLA,"Tesla will report quarterly results next week, no major stock reaction",neutral,0.0,-0.0006354921084305472
2021-10-28,TSLA,Analysts turn bullish on Tesla after record quarterly earnings,positive,1.0,0.9326856930985665
2021-10-29,TSLA,Analysts turn bullish on Tesla after record sales,positive,1.0,0.8993276416870025
2021-11-01,TSLA,"Tesla received an analyst downgrade, shares slide",negative,-1.0,-0.9240015314457571
2021-11-01,TSLA,Analysts turn bullish on Tesla after resilient revenue,positive,1.0,0.9079595146886128
2021-11-02,TSLA,Tesla stock plunged on troubling cash flow,negative,-1.0,-0.8071866346637744
2021-11-02,TSLA,Tesla shares sank after cut its full-year guidance,negative,-1.0,-0.83909930847803
2021-11-03,TSLA,Tesla shares tumbled after announced layoffs amid cost cuts,negative,-1.0,-0.915877124569299
2021-11-04,TSLA,Tesla stock surged on robust guidance,positive,1.0,0.8142494465410455
2021-11-08,TSLA,Tesla rallies as it beat analyst earnings estimates,positive,1.0,0.8996918606802218
2021-11-09,TSLA,Tesla drops as it received an analyst downgrade,negative,-1.0,-0.9448443320467992
2021-11-10,TSLA,Tesla drops as it announced layoffs amid cost cuts,negative,-1.0,-0.9504631841496636
2021-11-12,TSLA,Tesla stock surged on better-than-expected guidance,positive,1.0,0.8058319718516753
2021-11-16,TSLA,Tesla drops as it missed analyst earnings estimates,negative,-1.0,-0.9294384286071679
2021-11-16,TSLA,Analysts turn cautious on Tesla after weak profit margins,negative,0.0,-0.9158147152961
2021-11-17,TSLA,Tesla to hold investor call on profit margins,neutral,1.0,-0.002803609954146767
2021-11-17,TSLA,"Tesla missed analyst earnings estimates, shares slide",negative,-1.0,-0.902246614881136
2021-11-18,TSLA,Analysts turn cautious on Tesla after worse-than-expected guidance,negative,0.0,-0.9167527382232803
2021-11-19,TSLA,Tesla rallies as it announced a share buyback program,positive,1.0,0.9496730181861665
2021-11-19,TSLA,Analysts turn cautious on Tesla after worse-than-expected sales,negative,0.0,-0.9311073110734919
2021-11-22,TSLA,Tesla drops as it received an analyst downgrade,negative,-1.0,-0.9448443320467992
2021-11-23,TSLA,Tesla maintained its previous guidance,neutral,0.0,-0.0031164301868097932
2021-11-24,TSLA,Tesla rallies as it received an analyst upgrade,positive,1.0,0.9085723119817151
2021-11-30,TSLA,Analysts turn cautious on Tesla after weak quarterly earnings,negative,-1.0,-0.8916975909972413
2021-12-01,TSLA,Tesla drops as it faces a regulatory investigation,negative,-1.0,-0.9509191133472783
2021-12-02,TSLA,Tesla sales in line with expectations,neutral,0.0,-0.0006233021674546951
2021-12-03,TSLA,Tesla rallies as it beat analyst earnings estimates,positive,1.0,0.8996918606802218
2021-12-07,TSLA,"Tesla raised its full-year guidance, shares climb",positive,1.0,0.8894153272730411
2021-12-07,TSLA,Tesla shares advanced after reported record quarterly profit,positive,1.0,0.9217826761660146
2021-12-09,TSLA,Tesla stock slumped on weak guidance,negative,-1.0,-0.873108462074306
2021-12-09,TSLA,Analysts turn bullish on Tesla after record cash flow,positive,1.0,0.887483158289299
2021-12-13,TSLA,Tesla stock slumped on worse-than-expected profit margins,negative,0.0,-0.8742790184717046
2021-12-14,TSLA,Analysts turn bullish on Tesla after resilient quarterly earnings,positive,1.0,0.8900297736298981
2021-12-15,TSLA,Tesla shares surged after raised its full-year guidance,positive,1.0,0.8179909557545394
2021-12-17,TSLA,Tesla stock climbed on record profit margins,positive,1.0,0.7307640189666689
2021-12-20,TSLA,Tesla stock soared on resilient guidance,positive,1.0,0.7381391248499112
2021-12-21,TSLA,Tesla to hold investor call on guidance,neutral,0.0,-0.001087589049011196
2021-12-22,TSLA,Tesla shares advanced after unveiled a new product line to strong demand,positive,1.0,0.9118221229167777
2021-12-23,TSLA,Tesla rallies as it received an analyst upgrade,positive,1.0,0.9085723119817151
2021-12-27,TSLA,Analysts turn cautious on Tesla after disappointing quarterly earnings,negative,0.0,-0.9120683888533541
2021-12-28,TSLA,Analysts turn cautious on Tesla after weak quarterly earnings,negative,-1.0,-0.8916975909972413
2021-12-29,TSLA,Analysts turn cautious on Tesla after worse-than-expected revenue,negative,0.0,-0.9304053414905475
2021-12-30,TSLA,Tesla held its annual shareholder meeting,neutral,0.0,-0.004519695725281776
2021-12-31,TSLA,Tesla cash flow in line with expectations,neutral,0.0,-0.000844400623127517
2022-01-03,TSLA,Tesla stock jumped on better-than-expected cash flow,positive,1.0,0.7582801695937211
2022-01-06,TSLA,Tesla drops as it cut its full-year guidance,negative,-1.0,-0.9174804645611706
2022-01-11,TSLA,Tesla held its annual shareholder meeting,neutral,0.0,-0.004519695725281776
2022-01-11,TSLA,Tesla stock advanced on better-than-expected sales,positive,1.0,0.7891744566027189
2022-01-13,TSLA,Tesla shares slumped after cut its full-year guidance,negative,-1.0,-0.8711286598113387
2022-01-19,TSLA,Tesla stock advanced on strong quarterly earnings,positive,1.0,0.827226402807278
2022-01-20,TSLA,Tesla rallies as it beat analyst earnings estimates,positive,1.0,0.8996918606802218
2022-01-21,TSLA,Tesla shares slumped after warned of a demand slowdown,negative,-1.0,-0.903389612477623
2022-01-21,TSLA,"Tesla announced a share buyback program, shares climb",positive,1.0,0.943185195247612
2022-01-24,TSLA,Tesla shares slumped after missed analyst earnings estimates,negative,-1.0,-0.8727442878693618
2022-01-25,TSLA,Tesla stock tumbled on weak guidance,negative,-1.0,-0.8427839645054883
2022-01-25,TSLA,Analysts turn cautious on Tesla after troubling revenue,negative,0.0,-0.9317213317388445
2022-01-27,TSLA,Analysts turn bullish on Tesla after resilient guidance,positive,1.0,0.8946120207093408
2022-02-01,TSLA,Tesla drops as it announced layoffs amid cost cuts,negative,-1.0,-0.9504631841496636
2022-02-02,TSLA,"Tesla faces a regulatory investigation, shares slide",negative,-1.0,-0.9553723905177202
2022-02-07,TSLA,Tesla shares trade flat as it will report quarterly results next week,neutral,0.0,-0.0005536697560573796
2022-02-07,TSLA,Tesla drops as it faces a regulatory investigation,negative,-1.0,-0.9509191133472783
2022-02-11,TSLA,Tesla shares fell after faces a regulatory investigation,negative,-1.0,-0.9003149732745851
2022-02-14,TSLA,"Tesla beat analyst earnings estimates, shares climb",positive,1.0,0.8856703933415196
2022-02-18,TSLA,Tesla shares jumped after raised its full-year guidance,positive,1.0,0.836654709880389
2022-02-22,TSLA,Tesla rallies as it unveiled a new product line to strong demand,positive,1.0,0.9382030689749176
2022-02-24,TSLA,Tesla rallies as it beat analyst earnings estimates,positive,1.0,0.8996918606802218
2022-02-25,TSLA,Tesla drops as it received an analyst downgrade,negative,-1.0,-0.9448443320467992
2022-02-28,TSLA,Tesla shares rallied after beat analyst earnings estimates,positive,1.0,0.8724710462523796
2022-03-01,TSLA,Tesla presented at an industry conference,neutral,0.0,-0.003949240824195552
2022-03-02,TSLA,Analysts turn cautious on Tesla after troubling profit margins,negative,1.0,-0.9042698133552037
2022-03-04,TSLA,Tesla shares tumbled after cut its full-year guidance,negative,-1.0,-0.831167713946977
2022-03-07,TSLA,Tesla stock tumbled on disappointing cash flow,negative,-1.0,-0.846864535413059
2022-03-08,TSLA,Tesla drops as it cut its full-year guidance,negative,-1.0,-0.9174804645611706
2022-03-09,TSLA,Tesla to hold investor call on revenue,neutral,0.0,-0.004201164402266276
2022-03-16,TSLA,"Tesla reported record quarterly profit, shares climb",positive,1.0,0.959502581819238
2022-03-18,TSLA,Tesla stock plunged on worse-than-expected revenue,negative,-1.0,-0.8578641510991544
2022-03-25,TSLA,Tesla rallies as it received an analyst upgrade,positive,1.0,0.9085723119817151
2022-03-28,TSLA,Tesla shares dropped after received an analyst downgrade,negative,-1.0,-0.887268374925094
2022-03-29,TSLA,Tesla shares rallied after unveiled a new product line to strong demand,positive,1.0,0.9407183989766889
2022-03-31,TSLA,Tesla drops as it warned of a demand slowdown,negative,-1.0,-0.954141296089943
2022-04-04,TSLA,Tesla stock climbed on strong guidance,positive,1.0,0.8233698125942399
2022-04-07,TSLA,"Tesla raised its full-year guidance, shares climb",positive,1.0,0.8894153272730411
2022-04-07,TSLA,Tesla shares tumbled after cut its full-year guidance,negative,-1.0,-0.831167713946977
2022-04-08,TSLA,"Tesla announced a change to its board of directors, no major stock reaction",neutral,0.0,-0.0016182143834567366
2022-04-14,TSLA,Analysts turn bullish on Tesla after robust revenue,positive,1.0,0.8889535270041818
2022-04-19,TSLA,Analysts turn bullish on Tesla after robust sales,positive,1.0,0.9102643127888853
2022-04-19,TSLA,Tesla presented at an industry conference,neutral,0.0,-0.003949240824195552
2022-04-20,TSLA,"Tesla faces a regulatory investigation, shares slide",negative,-1.0,-0.9553723905177202
2022-04-27,TSLA,Tesla shares tumbled after cut its full-year guidance,negative,-1.0,-0.831167713946977
2022-04-29,TSLA,Analysts turn bullish on Tesla after better-than-expected guidance,positive,1.0,0.916589267358977
2022-05-04,TSLA,"Tesla held its annual shareholder meeting, no major stock reaction",neutral,0.0,-0.0018915756788471412
2022-05-05,TSLA,Analysts turn cautious on Tesla after worse-than-expected sales,negative,0.0,-0.9311073110734919
2022-05-09,TSLA,Analysts turn cautious on Tesla after weak cash flow,negative,-1.0,-0.8896109808511186
2022-05-11,TSLA,Tesla stock sank on troubling cash flow,negative,-1.0,-0.8579507222338838
2022-05-12,TSLA,Tesla shares rallied after announced a share buyback program,positive,1.0,0.9180721117774986
2022-05-12,TSLA,"Tesla raised its full-year guidance, shares climb",positive,1.0,0.8894153272730411
2022-05-13,TSLA,Tesla maintained its previous guidance,neutral,0.0,-0.0031164301868097932
2022-05-16,TSLA,Tesla drops as it announced layoffs amid cost cuts,negative,-1.0,-0.9504631841496636
2022-05-17,TSLA,Tesla shares climbed after raised its full-year guidance,positive,1.0,0.8188454456180925
2022-05-17,TSLA,Analysts turn bullish on Tesla after robust cash flow,positive,1.0,0.894994402649863
2022-05-23,TSLA,Tesla shares trade flat as it maintained its previous guidance,neutral,0.0,-0.0014717016192671017
2022-05-25,TSLA,Tesla drops as it missed analyst earnings estimates,negative,-1.0,-0.9294384286071679
2022-05-26,TSLA,"Tesla received an analyst upgrade, shares climb",positive,1.0,0.9228862673478969
2022-05-31,TSLA,Tesla to hold investor call on cash flow,neutral,0.0,-0.002716876140779881
2022-06-01,TSLA,Analysts turn cautious on Tesla after troubling revenue,negative,0.0,-0.9317213317388445
2022-06-02,TSLA,Tesla rallies as it raised its full-year guidance,positive,1.0,0.9155495178067174
2022-06-03,TSLA,Tesla shares tumbled after cut its full-year guidance,negative,-1.0,-0.831167713946977
2022-06-03,TSLA,Tesla drops as it announced layoffs amid cost cuts,negative,-1.0,-0.9504631841496636
2022-06-07,TSLA,Tesla stock surged on better-than-expected cash flow,positive,1.0,0.750211159873353
2022-06-08,TSLA,"Tesla cut its full-year guidance, shares slide",negative,-1.0,-0.8981362424630324
2022-06-08,TSLA,Tesla drops as it warned of a demand slowdown,negative,-1.0,-0.954141296089943
2022-06-09,TSLA,Tesla shares climbed after reported record quarterly profit,positive,1.0,0.9199478534962962
2022-06-13,TSLA,Analysts turn cautious on Tesla after disappointing revenue,negative,0.0,-0.9363362486275862
2022-06-14,TSLA,Tesla drops as it cut its full-year guidance,negative,-1.0,-0.9174804645611706
2022-06-15,TSLA,Tesla stock jumped on resilient profit margins,positive,1.0,0.6861364388781933
2022-06-16,TSLA,Analysts turn cautious on Tesla after troubling revenue,negative,0.0,-0.9317213317388445
2022-06-21,TSLA,Tesla stock jumped on better-than-expected quarterly earnings,positive,1.0,0.776896235345477
2022-06-22,TSLA,Tesla presented at an industry conference,neutral,0.0,-0.003949240824195552
2022-06-28,TSLA,Tesla shares trade flat as it filed its routine quarterly disclosure,neutral,0.0,-0.0005250969199978653
2022-06-29,TSLA,Tesla drops as it faces a regulatory investigation,negative,-1.0,-0.9509191133472783
2022-06-30,TSLA,"Tesla presented at an industry conference, no major stock reaction",neutral,0.0,-0.001633082379560783
2022-07-01,TSLA,Tesla rallies as it raised its full-year guidance,positive,1.0,0.9155495178067174
2022-07-05,TSLA,"Tesla reported record quarterly profit, shares climb",positive,1.0,0.959502581819238
2022-07-07,TSLA,"Tesla held its annual shareholder meeting, no major stock reaction",neutral,0.0,-0.0018915756788471412
2022-07-08,TSLA,Tesla drops as it faces a regulatory investigation,negative,-1.0,-0.9509191133472783
2022-07-12,TSLA,Tesla presented at an industry conference,neutral,0.0,-0.003949240824195552
2022-07-13,TSLA,"Tesla beat analyst earnings estimates, shares climb",positive,1.0,0.8856703933415196
2022-07-14,TSLA,Analysts turn bullish on Tesla after record guidance,positive,1.0,0.902735585971392
2022-07-18,TSLA,Tesla guidance in line with expectations,neutral,0.0,0.00022362786858230732
2022-07-21,TSLA,Tesla stock plunged on troubling cash flow,negative,-1.0,-0.8071866346637744
2022-07-22,TSLA,"Tesla held its annual shareholder meeting, no major stock reaction",neutral,0.0,-0.0018915756788471412
2022-07-25,TSLA,Analysts turn cautious on Tesla after weak cash flow,negative,-1.0,-0.8896109808511186
2022-07-25,TSLA,Tesla drops as it received an analyst downgrade,negative,-1.0,-0.9448443320467992
2022-07-28,TSLA,Tesla rallies as it raised its full-year guidance,positive,1.0,0.9155495178067174
2022-07-28,TSLA,Analysts turn bullish on Tesla after better-than-expected cash flow,positive,1.0,0.8857725415790669
2022-08-01,TSLA,Tesla shares sank after missed analyst earnings estimates,negative,-1.0,-0.8602369223568809
2022-08-02,TSLA,Tesla stock dropped on disappointing profit margins,negative,0.0,-0.8167059013023196
2022-08-03,TSLA,Tesla shares trade flat as it held its annual shareholder meeting,neutral,0.0,-0.002141725830049592
2022-08-03,TSLA,Tesla shares advanced after reported record quarterly profit,positive,1.0,0.9217826761660146
2022-08-04,TSLA,Tesla rallies as it unveiled a new product line to strong demand,positive,1.0,0.9382030689749176
2022-08-05,TSLA,Tesla shares climbed after beat analyst earnings estimates,positive,1.0,0.8431695276020839
2022-08-05,TSLA,Tesla stock fell on soft quarterly earnings,negative,-1.0,-0.7689780437821124
2022-08-08,TSLA,Analysts turn bullish on Tesla after robust cash flow,positive,1.0,0.894994402649863
2022-08-11,TSLA,Tesla sales in line with expectations,neutral,0.0,-0.0006233021674546951
2022-08-16,TSLA,"Tesla announced a share buyback program, shares climb",positive,1.0,0.943185195247612
2022-08-17,TSLA,Tesla drops as it warned of a demand slowdown,negative,-1.0,-0.954141296089943
2022-08-17,TSLA,Analysts turn cautious on Tesla after troubling revenue,negative,0.0,-0.9317213317388445
2022-08-18,TSLA,Analysts turn cautious on Tesla after weak cash flow,negative,-1.0,-0.8896109808511186
2022-08-22,TSLA,Analysts turn bullish on Tesla after record sales,positive,1.0,0.8993276416870025
2022-08-22,TSLA,"Tesla will report quarterly results next week, no major stock reaction",neutral,0.0,-0.0006354921084305472
2022-08-25,TSLA,Analysts turn bullish on Tesla after record profit margins,positive,1.0,0.8688047184431775
2022-08-25,TSLA,Tesla shares sank after announced layoffs amid cost cuts,negative,-1.0,-0.9218003294910871
2022-08-26,TSLA,Tesla stock dropped on weak sales,negative,-1.0,-0.8303074475806449
2022-08-26,TSLA,Tesla stock rallied on resilient revenue,positive,1.0,0.7660312895006699
2022-08-29,TSLA,Tesla shares surged after announced a share buyback program,positive,1.0,0.8962873215444664
2022-08-29,TSLA,Analysts turn bullish on Tesla after resilient cash flow,positive,1.0,0.8858466529261899
2022-08-30,TSLA,"Tesla announced layoffs amid cost cuts, shares slide",negative,-1.0,-0.948168517581117
2022-08-31,TSLA,Tesla stock fell on soft cash flow,negative,-1.0,-0.799106221588923
2022-09-01,TSLA,Tesla shares rallied after beat analyst earnings estimates,positive,1.0,0.8724710462523796
2022-09-06,TSLA,Tesla to hold investor call on cash flow,neutral,0.0,-0.002716876140779881
2022-09-06,TSLA,Tesla shares sank after cut its full-year guidance,negative,-1.0,-0.83909930847803
2022-09-07,TSLA,Tesla stock rallied on record profit margins,positive,1.0,0.7402336224871446
2022-09-08,TSLA,Tesla rallies as it reported record quarterly profit,positive,1.0,0.9594426220134175
2022-09-13,TSLA,Tesla drops as it warned of a demand slowdown,negative,-1.0,-0.954141296089943
2022-09-14,TSLA,Tesla shares soared after received an analyst upgrade,positive,1.0,0.8430006081314381
2022-09-14,TSLA,Tesla rallies as it announced a share buyback program,positive,1.0,0.9496730181861665
2022-09-16,TSLA,Tesla shares trade flat as it will report quarterly results next week,neutral,0.0,-0.0005536697560573796
2022-09-19,TSLA,"Tesla presented at an industry conference, no major stock reaction",neutral,0.0,-0.001633082379560783
2022-09-28,TSLA,Tesla shares trade flat as it will report quarterly results next week,neutral,0.0,-0.0005536697560573796
2022-09-29,TSLA,"Tesla received an analyst upgrade, shares climb",positive,1.0,0.9228862673478969
2022-09-29,TSLA,Tesla stock advanced on record revenue,positive,1.0,0.746889042839965
2022-10-04,TSLA,Tesla shares soared after raised its full-year guidance,positive,1.0,0.8300601208955337
2022-10-04,TSLA,Tesla to hold investor call on cash flow,neutral,0.0,-0.002716876140779881
2022-10-05,TSLA,Tesla shares trade flat as it maintained its previous guidance,neutral,0.0,-0.0014717016192671017
2022-10-06,TSLA,"Tesla maintained its previous guidance, no major stock reaction",neutral,0.0,-0.0014008787005847477
2022-10-06,TSLA,Tesla stock dropped on weak profit margins,negative,-0.3333333333333333,-0.8177248139877824
2022-10-14,TSLA,Tesla shares rallied after announced a share buyback program,positive,1.0,0.9180721117774986
2022-10-18,TSLA,Analysts turn cautious on Tesla after worse-than-expected quarterly earnings,negative,0.0,-0.9165697770239197
2022-10-21,TSLA,Analysts turn bullish on Tesla after resilient sales,positive,1.0,0.9003423551490737
2022-10-25,TSLA,"Tesla received an analyst upgrade, shares climb",positive,1.0,0.9228862673478969
2022-10-27,TSLA,Tesla shares slumped after cut its full-year guidance,negative,-1.0,-0.8711286598113387
2022-10-28,TSLA,Tesla rallies as it announced a share buyback program,positive,1.0,0.9496730181861665
2022-11-01,TSLA,Tesla maintained its previous guidance,neutral,0.0,-0.0031164301868097932
2022-11-02,TSLA,Tesla shares fell after received an analyst downgrade,negative,-1.0,-0.8728976584926862
2022-11-02,TSLA,"Tesla announced layoffs amid cost cuts, shares slide",negative,-1.0,-0.948168517581117
2022-11-03,TSLA,Tesla stock jumped on better-than-expected profit margins,positive,1.0,0.7521419270475753
2022-11-07,TSLA,Analysts turn bullish on Tesla after strong cash flow,positive,1.0,0.8828489169494514
2022-11-07,TSLA,Tesla stock jumped on resilient guidance,positive,1.0,0.7044098700620504
2022-11-09,TSLA,"Tesla faces a regulatory investigation, shares slide",negative,-1.0,-0.9553723905177202
2022-11-09,TSLA,Analysts turn cautious on Tesla after troubling sales,negative,0.0,-0.9252650895535688
2022-11-10,TSLA,Tesla shares trade flat as it announced a change to its board of directors,neutral,0.0,-0.0014402382331549675
2022-11-11,TSLA,Tesla to hold investor call on cash flow,neutral,0.0,-0.002716876140779881
2022-11-14,TSLA,"Tesla received an analyst upgrade, shares climb",positive,1.0,0.9228862673478969
2022-11-14,TSLA,Analysts turn bullish on Tesla after strong guidance,positive,1.0,0.9110353358811318
2022-11-15,TSLA,Tesla drops as it announced layoffs amid cost cuts,negative,-1.0,-0.9504631841496636
2022-11-17,TSLA,Analysts turn cautious on Tesla after troubling sales,negative,0.0,-0.9252650895535688
2022-11-18,TSLA,Tesla shares slumped after faces a regulatory investigation,negative,-1.0,-0.9214490474718805
2022-11-23,TSLA,"Tesla faces a regulatory investigation, shares slide",negative,-1.0,-0.9553723905177202
2022-11-25,TSLA,Tesla maintained its previous guidance,neutral,0.0,-0.0031164301868097932
2022-11-30,TSLA,Analysts turn bullish on Tesla after robust cash flow,positive,1.0,0.894994402649863
2022-12-02,TSLA,Analysts turn bullish on Tesla after robust profit margins,positive,1.0,0.8769189429776796
2022-12-06,TSLA,"Tesla announced a share buyback program, shares climb",positive,1.0,0.943185195247612
2022-12-08,TSLA,Tesla stock surged on resilient guidance,positive,1.0,0.7381393542646486
2022-12-12,TSLA,"Tesla received an analyst upgrade, shares climb",positive,1.0,0.9228862673478969
2022-12-14,TSLA,Tesla drops as it faces a regulatory investigation,negative,-1.0,-0.9509191133472783
2022-12-15,TSLA,"Tesla cut its full-year guidance, shares slide",negative,-1.0,-0.8981362424630324
2022-12-16,TSLA,"Tesla faces a regulatory investigation, shares slide",negative,-1.0,-0.9553723905177202
2022-12-20,TSLA,Tesla rallies as it raised its full-year guidance,positive,1.0,0.9155495178067174
2022-12-21,TSLA,Tesla shares slumped after cut its full-year guidance,negative,-1.0,-0.8711286598113387
2022-12-21,TSLA,Tesla stock rallied on better-than-expected quarterly earnings,positive,1.0,0.7837746231738397
2022-12-27,TSLA,Tesla shares sank after cut its full-year guidance,negative,-1.0,-0.83909930847803
2022-12-29,TSLA,Tesla shares slumped after missed analyst earnings estimates,negative,-1.0,-0.8727442878693618
2023-01-03,TSLA,Analysts turn bullish on Tesla after strong sales,positive,1.0,0.9194451092854294
2023-01-10,TSLA,Tesla quarterly earnings in line with expectations,neutral,0.0,0.0023840892202925314
2023-01-12,TSLA,"Tesla unveiled a new product line to strong demand, shares climb",positive,1.0,0.9541530080281007
2023-01-13,TSLA,"Tesla warned of a demand slowdown, shares slide",negative,-1.0,-0.9431367794204918
2023-01-17,TSLA,Tesla shares advanced after raised its full-year guidance,positive,1.0,0.8142967051867009
2023-01-19,TSLA,Tesla shares tumbled after announced layoffs amid cost cuts,negative,-1.0,-0.915877124569299
2023-01-20,TSLA,Tesla drops as it warned of a demand slowdown,negative,-1.0,-0.954141296089943
2023-01-24,TSLA,Tesla to hold investor call on cash flow,neutral,0.0,-0.002716876140779881
2023-01-26,TSLA,"Tesla will report quarterly results next week, no major stock reaction",neutral,0.0,-0.0006354921084305472
2023-01-27,TSLA,Tesla shares slumped after warned of a demand slowdown,negative,-1.0,-0.903389612477623
2023-01-30,TSLA,Tesla shares climbed after received an analyst upgrade,positive,1.0,0.8526343764486115
2023-01-30,TSLA,"Tesla cut its full-year guidance, shares slide",negative,-1.0,-0.8981362424630324
2023-01-31,TSLA,Tesla shares fell after announced layoffs amid cost cuts,negative,-1.0,-0.9341447988999672
2023-02-01,TSLA,Tesla to hold investor call on cash flow,neutral,0.0,-0.002716876140779881
2023-02-02,TSLA,Tesla rallies as it reported record quarterly profit,positive,1.0,0.9594426220134175
2023-02-06,TSLA,Tesla rallies as it announced a share buyback program,positive,1.0,0.9496730181861665
2023-02-06,TSLA,Tesla drops as it warned of a demand slowdown,negative,-1.0,-0.954141296089943
2023-02-08,TSLA,Tesla stock climbed on robust cash flow,positive,1.0,0.7893847147240876
2023-02-09,TSLA,"Tesla missed analyst earnings estimates, shares slide",negative,-1.0,-0.902246614881136
2023-02-09,TSLA,Analysts turn bullish on Tesla after resilient sales,positive,1.0,0.9003423551490737
2023-02-10,TSLA,"Tesla faces a regulatory investigation, shares slide",negative,-1.0,-0.9553723905177202
2023-02-13,TSLA,"Tesla announced a change to its board of directors, no major stock reaction",neutral,0.0,-0.0016182143834567366
2023-02-13,TSLA,Analysts turn cautious on Tesla after soft guidance,negative,0.0,-0.8960461295668589
2023-02-14,TSLA,Analysts turn bullish on Tesla after strong sales,positive,1.0,0.9194451092854294
2023-02-14,TSLA,"Tesla raised its full-year guidance, shares climb",positive,1.0,0.8894153272730411
2023-02-15,TSLA,Tesla drops as it faces a regulatory investigation,negative,-1.0,-0.9509191133472783
2023-02-17,TSLA,Analysts turn cautious on Tesla after weak profit margins,negative,0.0,-0.9158147152961
2023-02-21,TSLA,"Tesla cut its full-year guidance, shares slide",negative,-1.0,-0.8981362424630324
2023-02-21,TSLA,Analysts turn bullish on Tesla after resilient guidance,positive,1.0,0.8946120207093408
2023-02-22,TSLA,Tesla rallies as it received an analyst upgrade,positive,1.0,0.9085723119817151
2023-02-22,TSLA,Tesla rallies as it beat analyst earnings estimates,positive,1.0,0.8996918606802218
2023-02-23,TSLA,Tesla to hold investor call on profit margins,neutral,1.0,-0.002803609954146767
2023-02-23,TSLA,Tesla will report quarterly results next week,neutral,0.0,-0.0009698295543304342
2023-02-24,TSLA,Tesla stock plunged on worse-than-expected quarterly earnings,negative,-1.0,-0.834629610518566
2023-02-27,TSLA,Analysts turn bullish on Tesla after resilient cash flow,positive,1.0,0.8858466529261899
2023-02-28,TSLA,"Tesla raised its full-year guidance, shares climb",positive,1.0,0.8894153272730411
2023-03-01,TSLA,Tesla shares trade flat as it announced a change to its board of directors,neutral,0.0,-0.0014402382331549675
2023-03-01,TSLA,Tesla to hold investor call on revenue,neutral,0.0,-0.004201164402266276
2023-03-06,TSLA,Tesla shares advanced after received an analyst upgrade,positive,1.0,0.8473380852946287
2023-03-07,TSLA,Analysts turn bullish on Tesla after strong sales,positive,1.0,0.9194451092854294
2023-03-07,TSLA,Tesla to hold investor call on quarterly earnings,neutral,0.0,0.000760519905823525
2023-03-08,TSLA,Tesla drops as it cut its full-year guidance,negative,-1.0,-0.9174804645611706
2023-03-15,TSLA,Analysts turn bullish on Tesla after robust guidance,positive,1.0,0.915091084640088
2023-03-15,TSLA,Tesla rallies as it announced a share buyback program,positive,1.0,0.9496730181861665
2023-03-16,TSLA,Tesla shares advanced after unveiled a new product line to strong demand,positive,1.0,0.9118221229167777
2023-03-20,TSLA,"Tesla cut its full-year guidance, shares slide",negative,-1.0,-0.8981362424630324
2023-03-21,TSLA,Tesla stock jumped on record cash flow,positive,1.0,0.7596005023575667
2023-03-22,TSLA,Tesla shares climbed after beat analyst earnings estimates,positive,1.0,0.8431695276020839
2023-03-28,TSLA,Analysts turn bullish on Tesla after resilient cash flow,positive,1.0,0.8858466529261899
2023-03-30,TSLA,Tesla drops as it faces a regulatory investigation,negative,-1.0,-0.9509191133472783
2023-03-31,TSLA,Tesla to hold investor call on quarterly earnings,neutral,0.0,0.000760519905823525
2023-03-31,TSLA,Tesla drops as it announced layoffs amid cost cuts,negative,-1.0,-0.9504631841496636
2023-04-10,TSLA,Tesla shares slumped after announced layoffs amid cost cuts,negative,-1.0,-0.9212647702685354
2023-04-12,TSLA,Tesla drops as it received an analyst downgrade,negative,-1.0,-0.9448443320467992
2023-04-13,TSLA,Tesla shares trade flat as it will report quarterly results next week,neutral,0.0,-0.0005536697560573796
2023-04-14,TSLA,Tesla rallies as it received an analyst upgrade,positive,1.0,0.9085723119817151
2023-04-14,TSLA,Tesla drops as it missed analyst earnings estimates,negative,-1.0,-0.9294384286071679
2023-04-19,TSLA,"Tesla reported record quarterly profit, shares climb",positive,1.0,0.959502581819238
2023-04-21,TSLA,Tesla to hold investor call on quarterly earnings,neutral,0.0,0.000760519905823525
2023-04-24,TSLA,Tesla cash flow in line with expectations,neutral,0.0,-0.000844400623127517
2023-04-25,TSLA,Analysts turn bullish on Tesla after strong cash flow,positive,1.0,0.8828489169494514
2023-04-26,TSLA,Tesla will report quarterly results next week,neutral,0.0,-0.0009698295543304342
2023-04-28,TSLA,Analysts turn bullish on Tesla after strong cash flow,positive,1.0,0.8828489169494514
2023-04-28,TSLA,"Tesla maintained its previous guidance, no major stock reaction",neutral,0.0,-0.0014008787005847477
2023-05-01,TSLA,Tesla stock fell on weak sales,negative,-1.0,-0.8725831063194796
2023-05-02,TSLA,Tesla stock tumbled on weak quarterly earnings,negative,-1.0,-0.79672340407223
2023-05-05,TSLA,Analysts turn bullish on Tesla after robust revenue,positive,1.0,0.8889535270041818
2023-05-08,TSLA,Tesla rallies as it beat analyst earnings estimates,positive,1.0,0.8996918606802218
2023-05-09,TSLA,Tesla stock tumbled on troubling cash flow,negative,-1.0,-0.8539226044059902
2023-05-10,TSLA,Tesla shares rallied after reported record quarterly profit,positive,1.0,0.9428590223863158
2023-05-11,TSLA,Tesla shares fell after warned of a demand slowdown,negative,-1.0,-0.8918817527992894
2023-05-12,TSLA,Analysts turn bullish on Tesla after robust sales,positive,1.0,0.9102643127888853
2023-05-15,TSLA,Analysts turn cautious on Tesla after troubling guidance,negative,0.0,-0.9184572575136737
2023-05-15,TSLA,"Tesla received an analyst downgrade, shares slide",negative,-1.0,-0.9240015314457571
2023-05-16,TSLA,Tesla drops as it warned of a demand slowdown,negative,-1.0,-0.954141296089943
2023-05-16,TSLA,Tesla stock soared on resilient revenue,positive,1.0,0.7700406718371019
2023-05-17,TSLA,Tesla drops as it announced layoffs amid cost cuts,negative,-1.0,-0.9504631841496636
2023-05-18,TSLA,Tesla shares trade flat as it held its annual shareholder meeting,neutral,0.0,-0.002141725830049592
2023-05-19,TSLA,"Tesla unveiled a new product line to strong demand, shares climb",positive,1.0,0.9541530080281007
2023-05-23,TSLA,"Tesla missed analyst earnings estimates, shares slide",negative,-1.0,-0.902246614881136
2023-05-24,TSLA,Tesla shares tumbled after warned of a demand slowdown,negative,-1.0,-0.8796446149553774
2023-05-25,TSLA,Tesla shares slumped after announced layoffs amid cost cuts,negative,-1.0,-0.9212647702685354
2023-05-26,TSLA,"Tesla received an analyst upgrade, shares climb",positive,1.0,0.9228862673478969
2023-06-01,TSLA,"Tesla maintained its previous guidance, no major stock reaction",neutral,0.0,-0.0014008787005847477
2023-06-05,TSLA,Tesla shares climbed after raised its full-year guidance,positive,1.0,0.8188454456180925
2023-06-06,TSLA,Tesla rallies as it reported record quarterly profit,positive,1.0,0.9594426220134175
2023-06-09,TSLA,Tesla shares plunged after cut its full-year guidance,negative,-1.0,-0.8203410117018014
2023-06-12,TSLA,"Tesla unveiled a new product line to strong demand, shares climb",positive,1.0,0.9541530080281007
2023-06-13,TSLA,Tesla cash flow in line with expectations,neutral,0.0,-0.000844400623127517
2023-06-15,TSLA,Analysts turn bullish on Tesla after record sales,positive,1.0,0.8993276416870025
2023-06-16,TSLA,Tesla rallies as it reported record quarterly profit,positive,1.0,0.9594426220134175
2023-06-20,TSLA,Tesla shares dropped after warned of a demand slowdown,negative,-1.0,-0.9143906746491205
2023-06-22,TSLA,Tesla guidance in line with expectations,neutral,0.0,0.00022362786858230732
2023-06-26,TSLA,Analysts turn cautious on Tesla after worse-than-expected profit margins,negative,1.0,-0.9155149166837249
2023-06-29,TSLA,Analysts turn bullish on Tesla after better-than-expected quarterly earnings,positive,1.0,0.8948409873553493
2023-07-05,TSLA,Tesla stock surged on resilient quarterly earnings,positive,1.0,0.739173387581127
2023-07-06,TSLA,Tesla shares tumbled after faces a regulatory investigation,negative,-1.0,-0.8899243786212304
2023-07-10,TSLA,Tesla stock climbed on strong guidance,positive,1.0,0.8233698125942399
2023-07-11,TSLA,"Tesla announced a share buyback program, shares climb",positive,1.0,0.943185195247612
2023-07-13,TSLA,"Tesla unveiled a new product line to strong demand, shares climb",positive,1.0,0.9541530080281007
2023-07-17,TSLA,"Tesla received an analyst upgrade, shares climb",positive,1.0,0.9228862673478969
2023-07-19,TSLA,Tesla sales in line with expectations,neutral,0.0,-0.0006233021674546951
2023-07-20,TSLA,Tesla to hold investor call on guidance,neutral,0.0,-0.001087589049011196
2023-07-21,TSLA,Analysts turn cautious on Tesla after weak guidance,negative,-1.0,-0.9214441740233225
2023-07-24,TSLA,Analysts turn bullish on Tesla after better-than-expected quarterly earnings,positive,1.0,0.8948409873553493
2023-07-26,TSLA,Tesla shares surged after received an analyst upgrade,positive,1.0,0.8061841469330031
2023-07-26,TSLA,Tesla presented at an industry conference,neutral,0.0,-0.003949240824195552
2023-07-27,TSLA,Tesla rallies as it received an analyst upgrade,positive,1.0,0.9085723119817151
2023-07-28,TSLA,Tesla stock sank on soft guidance,negative,-1.0,-0.8339213651182561
2023-07-31,TSLA,Tesla stock plunged on worse-than-expected revenue,negative,-1.0,-0.8578641510991544
2023-08-01,TSLA,Analysts turn cautious on Tesla after worse-than-expected revenue,negative,0.0,-0.9304053414905475
2023-08-02,TSLA,Tesla stock surged on robust guidance,positive,1.0,0.8142494465410455
2023-08-02,TSLA,"Tesla cut its full-year guidance, shares slide",negative,-1.0,-0.8981362424630324
2023-08-04,TSLA,Tesla drops as it cut its full-year guidance,negative,-1.0,-0.9174804645611706
2023-08-04,TSLA,Tesla stock plunged on troubling quarterly earnings,negative,-1.0,-0.7609540717367222
2023-08-07,TSLA,Tesla quarterly earnings in line with expectations,neutral,0.0,0.0023840892202925314
2023-08-09,TSLA,Tesla shares plunged after missed analyst earnings estimates,negative,-1.0,-0.8123086631164371
2023-08-15,TSLA,"Tesla unveiled a new product line to strong demand, shares climb",positive,1.0,0.9541530080281007
2023-08-18,TSLA,"Tesla warned of a demand slowdown, shares slide",negative,-1.0,-0.9431367794204918
2023-08-21,TSLA,Tesla rallies as it announced a share buyback program,positive,1.0,0.9496730181861665
2023-08-23,TSLA,Tesla stock soared on resilient guidance,positive,1.0,0.7381391248499112
2023-08-23,TSLA,Tesla stock climbed on strong cash flow,positive,1.0,0.7786515232440995
2023-08-25,TSLA,Analysts turn bullish on Tesla after resilient profit margins,positive,1.0,0.8785819188034897
2023-08-28,TSLA,Tesla drops as it faces a regulatory investigation,negative,-1.0,-0.9509191133472783
2023-08-28,TSLA,"Tesla maintained its previous guidance, no major stock reaction",neutral,0.0,-0.0014008787005847477
2023-08-31,TSLA,"Tesla will report quarterly results next week, no major stock reaction",neutral,0.0,-0.0006354921084305472
2023-09-07,TSLA,Tesla stock sank on soft profit margins,negative,0.0,-0.7771127711893727
2023-09-08,TSLA,Tesla stock soared on record profit margins,positive,1.0,0.6742030462315006
2023-09-08,TSLA,Tesla rallies as it reported record quarterly profit,positive,1.0,0.9594426220134175
2023-09-11,TSLA,Tesla rallies as it received an analyst upgrade,positive,1.0,0.9085723119817151
2023-09-12,TSLA,Analysts turn cautious on Tesla after disappointing cash flow,negative,0.0,-0.9115777284053117
2023-09-13,TSLA,"Tesla cut its full-year guidance, shares slide",negative,-1.0,-0.8981362424630324
2023-09-18,TSLA,Tesla rallies as it beat analyst earnings estimates,positive,1.0,0.8996918606802218
2023-09-18,TSLA,Tesla drops as it missed analyst earnings estimates,negative,-1.0,-0.9294384286071679
2023-09-21,TSLA,Tesla stock soared on resilient cash flow,positive,1.0,0.7283197007762965
2023-09-21,TSLA,Tesla shares trade flat as it presented at an industry conference,neutral,0.0,-0.0019778380309251296
2023-09-25,TSLA,Tesla held its annual shareholder meeting,neutral,0.0,-0.004519695725281776
2023-09-27,TSLA,Analysts turn bullish on Tesla after resilient cash flow,positive,1.0,0.8858466529261899
2023-09-28,TSLA,Tesla to hold investor call on quarterly earnings,neutral,0.0,0.000760519905823525
2023-09-29,TSLA,Tesla shares plunged after received an analyst downgrade,negative,-1.0,-0.8297498983942587
2023-10-03,TSLA,Tesla drops as it warned of a demand slowdown,negative,-1.0,-0.954141296089943
2023-10-09,TSLA,Tesla to hold investor call on sales,neutral,0.0,-0.002207908423522996
2023-10-13,TSLA,Tesla shares slumped after received an analyst downgrade,negative,-1.0,-0.8938964889635873
2023-10-17,TSLA,Tesla rallies as it announced a share buyback program,positive,1.0,0.9496730181861665
2023-10-19,TSLA,"Tesla received an analyst downgrade, shares slide",negative,-1.0,-0.9240015314457571
2023-10-20,TSLA,Analysts turn bullish on Tesla after strong quarterly earnings,positive,1.0,0.9123492553553822
2023-10-20,TSLA,Tesla cash flow in line with expectations,neutral,0.0,-0.000844400623127517
2023-10-23,TSLA,Tesla rallies as it reported record quarterly profit,positive,1.0,0.9594426220134175
2023-10-23,TSLA,Tesla drops as it received an analyst downgrade,negative,-1.0,-0.9448443320467992
2023-10-24,TSLA,Tesla stock dropped on worse-than-expected cash flow,negative,-1.0,-0.8493046783688933
2023-10-24,TSLA,Analysts turn bullish on Tesla after better-than-expected profit margins,positive,1.0,0.8817810801381697
2023-10-25,TSLA,Tesla drops as it cut its full-year guidance,negative,-1.0,-0.9174804645611706
2023-10-26,TSLA,Tesla stock fell on weak sales,negative,-1.0,-0.8725831063194796
2023-10-26,TSLA,Tesla shares surged after received an analyst upgrade,positive,1.0,0.8061841469330031
2023-10-30,TSLA,Tesla drops as it faces a regulatory investigation,negative,-1.0,-0.9509191133472783
2023-10-31,TSLA,Tesla shares climbed after reported record quarterly profit,positive,1.0,0.9199478534962962
2023-11-02,TSLA,Tesla to hold investor call on quarterly earnings,neutral,0.0,0.000760519905823525
2023-11-02,TSLA,Tesla shares surged after announced a share buyback program,positive,1.0,0.8962873215444664
2023-11-06,TSLA,Tesla shares fell after faces a regulatory investigation,negative,-1.0,-0.9003149732745851
2023-11-07,TSLA,"Tesla maintained its previous guidance, no major stock reaction",neutral,0.0,-0.0014008787005847477
2023-11-08,TSLA,Tesla rallies as it announced a share buyback program,positive,1.0,0.9496730181861665
2023-11-10,TSLA,Tesla cash flow in line with expectations,neutral,0.0,-0.000844400623127517
2023-11-13,TSLA,Analysts turn bullish on Tesla after strong quarterly earnings,positive,1.0,0.9123492553553822
2023-11-13,TSLA,Tesla drops as it warned of a demand slowdown,negative,-1.0,-0.954141296089943
2023-11-14,TSLA,Tesla shares tumbled after cut its full-year guidance,negative,-1.0,-0.831167713946977
2023-11-15,TSLA,Tesla rallies as it announced a share buyback program,positive,1.0,0.9496730181861665
2023-11-15,TSLA,"Tesla announced a share buyback program, shares climb",positive,1.0,0.943185195247612
2023-11-17,TSLA,Tesla shares plunged after faces a regulatory investigation,negative,-1.0,-0.8907906727901249
2023-11-21,TSLA,Tesla maintained its previous guidance,neutral,0.0,-0.0031164301868097932
2023-11-22,TSLA,Tesla shares slumped after faces a regulatory investigation,negative,-1.0,-0.9214490474718805
2023-11-24,TSLA,Tesla shares trade flat as it maintained its previous guidance,neutral,0.0,-0.0014717016192671017
2023-11-27,TSLA,Tesla shares advanced after reported record quarterly profit,positive,1.0,0.9217826761660146
2023-12-04,TSLA,Tesla drops as it received an analyst downgrade,negative,-1.0,-0.9448443320467992
2023-12-05,TSLA,Tesla announced a change to its board of directors,neutral,0.0,-0.003610072075022383
2023-12-06,TSLA,"Tesla beat analyst earnings estimates, shares climb",positive,1.0,0.8856703933415196
2023-12-06,TSLA,Tesla drops as it missed analyst earnings estimates,negative,-1.0,-0.9294384286071679
2023-12-07,TSLA,Tesla to hold investor call on guidance,neutral,0.0,-0.001087589049011196
2023-12-07,TSLA,Tesla rallies as it beat analyst earnings estimates,positive,1.0,0.8996918606802218
2023-12-11,TSLA,"Tesla announced layoffs amid cost cuts, shares slide",negative,-1.0,-0.948168517581117
2023-12-11,TSLA,Tesla shares dropped after received an analyst downgrade,negative,-1.0,-0.887268374925094
2023-12-12,TSLA,Tesla stock rallied on strong profit margins,positive,1.0,0.8108315565482668
2023-12-12,TSLA,Tesla stock surged on record sales,positive,1.0,0.7909119952792614
2023-12-13,TSLA,"Tesla unveiled a new product line to strong demand, shares climb",positive,1.0,0.9541530080281007
2023-12-13,TSLA,Tesla shares tumbled after warned of a demand slowdown,negative,-1.0,-0.8796446149553774
2023-12-18,TSLA,Tesla to hold investor call on profit margins,neutral,1.0,-0.002803609954146767
2023-12-19,TSLA,Tesla stock tumbled on worse-than-expected guidance,negative,-1.0,-0.8598641920930655
2023-12-19,TSLA,"Tesla warned of a demand slowdown, shares slide",negative,-1.0,-0.9431367794204918
2023-12-21,TSLA,"Tesla reported record quarterly profit, shares climb",positive,1.0,0.959502581819238
2023-12-22,TSLA,"Tesla reported record quarterly profit, shares climb",positive,1.0,0.959502581819238
2023-12-22,TSLA,Analysts turn cautious on Tesla after troubling sales,negative,0.0,-0.9252650895535688
2023-12-26,TSLA,Tesla stock plunged on soft revenue,negative,-1.0,-0.7997267467954458
2023-12-27,TSLA,Tesla shares plunged after announced layoffs amid cost cuts,negative,-1.0,-0.9048464168593567
2023-12-29,TSLA,Tesla shares soared after unveiled a new product line to strong demand,positive,1.0,0.920475081028385
2024-01-04,TSLA,Tesla stock climbed on better-than-expected guidance,positive,1.0,0.8130289846596335
2024-01-05,TSLA,Tesla shares trade flat as it announced a change to its board of directors,neutral,0.0,-0.0014402382331549675
2024-01-09,TSLA,"Tesla missed analyst earnings estimates, shares slide",negative,-1.0,-0.902246614881136
2024-01-12,TSLA,Tesla stock dropped on troubling guidance,negative,-1.0,-0.8042818593289762
2024-01-17,TSLA,Tesla shares fell after warned of a demand slowdown,negative,-1.0,-0.8918817527992894
2024-01-19,TSLA,Tesla drops as it received an analyst downgrade,negative,-1.0,-0.9448443320467992
2024-01-25,TSLA,Tesla to hold investor call on sales,neutral,0.0,-0.002207908423522996
2024-01-25,TSLA,"Tesla announced layoffs amid cost cuts, shares slide",negative,-1.0,-0.948168517581117
2024-01-26,TSLA,Tesla drops as it received an analyst downgrade,negative,-1.0,-0.9448443320467992
2024-01-29,TSLA,Tesla rallies as it beat analyst earnings estimates,positive,1.0,0.8996918606802218
2024-01-31,TSLA,Tesla held its annual shareholder meeting,neutral,0.0,-0.004519695725281776
2024-02-01,TSLA,"Tesla received an analyst upgrade, shares climb",positive,1.0,0.9228862673478969
2024-02-02,TSLA,"Tesla received an analyst downgrade, shares slide",negative,-1.0,-0.9240015314457571
2024-02-06,TSLA,Tesla held its annual shareholder meeting,neutral,0.0,-0.004519695725281776
2024-02-08,TSLA,Tesla shares climbed after received an analyst upgrade,positive,1.0,0.8526343764486115
2024-02-09,TSLA,"Tesla faces a regulatory investigation, shares slide",negative,-1.0,-0.9553723905177202
2024-02-21,TSLA,Tesla stock soared on strong quarterly earnings,positive,1.0,0.8309268443900149
2024-02-22,TSLA,"Tesla received an analyst downgrade, shares slide",negative,-1.0,-0.9240015314457571
2024-02-26,TSLA,Tesla stock advanced on resilient sales,positive,1.0,0.7365274852732115
2024-03-05,TSLA,Tesla stock climbed on resilient sales,positive,1.0,0.7788343045732182
2024-03-06,TSLA,"Tesla received an analyst downgrade, shares slide",negative,-1.0,-0.9240015314457571
2024-03-08,TSLA,Analysts turn bullish on Tesla after record guidance,positive,1.0,0.902735585971392
2024-03-11,TSLA,"Tesla missed analyst earnings estimates, shares slide",negative,-1.0,-0.902246614881136
2024-03-14,TSLA,Tesla profit margins in line with expectations,neutral,1.0,-0.00048288559466262704
2024-03-18,TSLA,Tesla rallies as it unveiled a new product line to strong demand,positive,1.0,0.9382030689749176
2024-03-22,TSLA,Tesla drops as it received an analyst downgrade,negative,-1.0,-0.9448443320467992
2024-03-22,TSLA,"Tesla unveiled a new product line to strong demand, shares climb",positive,1.0,0.9541530080281007
2024-03-27,TSLA,Tesla stock dropped on weak guidance,negative,-1.0,-0.820651650230156
2024-03-28,TSLA,"Tesla cut its full-year guidance, shares slide",negative,-1.0,-0.8981362424630324
2024-04-01,TSLA,Tesla to hold investor call on guidance,neutral,0.0,-0.001087589049011196
2024-04-02,TSLA,Analysts turn cautious on Tesla after weak guidance,negative,-1.0,-0.9214441740233225
2024-04-02,TSLA,"Tesla reported record quarterly profit, shares climb",positive,1.0,0.959502581819238
2024-04-03,TSLA,Tesla shares slumped after announced layoffs amid cost cuts,negative,-1.0,-0.9212647702685354
2024-04-04,TSLA,Tesla shares climbed after reported record quarterly profit,positive,1.0,0.9199478534962962
2024-04-05,TSLA,Analysts turn cautious on Tesla after worse-than-expected guidance,negative,0.0,-0.9167527382232803
2024-04-08,TSLA,Tesla to hold investor call on quarterly earnings,neutral,0.0,0.000760519905823525
2024-04-08,TSLA,"Tesla held its annual shareholder meeting, no major stock reaction",neutral,0.0,-0.0018915756788471412
2024-04-09,TSLA,Analysts turn bullish on Tesla after better-than-expected guidance,positive,1.0,0.916589267358977
2024-04-11,TSLA,Tesla to hold investor call on profit margins,neutral,1.0,-0.002803609954146767
2024-04-12,TSLA,"Tesla raised its full-year guidance, shares climb",positive,1.0,0.8894153272730411
2024-04-16,TSLA,Tesla filed its routine quarterly disclosure,neutral,0.0,-0.0009525289846085763
2024-04-17,TSLA,Analysts turn bullish on Tesla after better-than-expected profit margins,positive,1.0,0.8817810801381697
2024-04-18,TSLA,Tesla rallies as it unveiled a new product line to strong demand,positive,1.0,0.9382030689749176
2024-04-19,TSLA,Tesla stock plunged on weak sales,negative,-1.0,-0.7981414623953534
2024-04-19,TSLA,Tesla shares plunged after announced layoffs amid cost cuts,negative,-1.0,-0.9048464168593567
2024-04-22,TSLA,Tesla stock sank on weak guidance,negative,-1.0,-0.8346628621065335
2024-04-22,TSLA,Analysts turn bullish on Tesla after better-than-expected quarterly earnings,positive,1.0,0.8948409873553493
2024-04-23,TSLA,Tesla rallies as it received an analyst upgrade,positive,1.0,0.9085723119817151
2024-04-26,TSLA,Tesla rallies as it unveiled a new product line to strong demand,positive,1.0,0.9382030689749176
2024-04-29,TSLA,Tesla stock surged on resilient quarterly earnings,positive,1.0,0.739173387581127
2024-04-30,TSLA,"Tesla raised its full-year guidance, shares climb",positive,1.0,0.8894153272730411
2024-05-01,TSLA,Tesla stock dropped on soft sales,negative,-1.0,-0.7766717686179171
2024-05-03,TSLA,Tesla shares sank after cut its full-year guidance,negative,-1.0,-0.83909930847803
2024-05-08,TSLA,Analysts turn bullish on Tesla after robust sales,positive,1.0,0.9102643127888853
2024-05-09,TSLA,Tesla shares plunged after received an analyst downgrade,negative,-1.0,-0.8297498983942587
2024-05-10,TSLA,Tesla drops as it announced layoffs amid cost cuts,negative,-1.0,-0.9504631841496636
2024-05-10,TSLA,Tesla drops as it faces a regulatory investigation,negative,-1.0,-0.9509191133472783
2024-05-13,TSLA,Tesla shares dropped after received an analyst downgrade,negative,-1.0,-0.887268374925094
2024-05-16,TSLA,"Tesla received an analyst downgrade, shares slide",negative,-1.0,-0.9240015314457571
2024-05-17,TSLA,Tesla shares trade flat as it will report quarterly results next week,neutral,0.0,-0.0005536697560573796
2024-05-20,TSLA,Tesla stock jumped on robust quarterly earnings,positive,1.0,0.7781625995480254
2024-05-22,TSLA,Analysts turn bullish on Tesla after robust cash flow,positive,1.0,0.894994402649863
2024-05-23,TSLA,Tesla to hold investor call on profit margins,neutral,1.0,-0.002803609954146767
2024-05-24,TSLA,Tesla shares surged after unveiled a new product line to strong demand,positive,1.0,0.9088565347695361
2024-05-29,TSLA,Tesla drops as it received an analyst downgrade,negative,-1.0,-0.9448443320467992
2024-05-30,TSLA,Tesla shares trade flat as it announced a change to its board of directors,neutral,0.0,-0.0014402382331549675
2024-05-31,TSLA,Analysts turn bullish on Tesla after robust sales,positive,1.0,0.9102643127888853
2024-06-05,TSLA,Tesla stock surged on record guidance,positive,1.0,0.7972256206201225
2024-06-10,TSLA,"Tesla unveiled a new product line to strong demand, shares climb",positive,1.0,0.9541530080281007
2024-06-13,TSLA,Tesla to hold investor call on guidance,neutral,0.0,-0.001087589049011196
2024-06-14,TSLA,Tesla shares dropped after warned of a demand slowdown,negative,-1.0,-0.9143906746491205
2024-06-17,TSLA,Analysts turn cautious on Tesla after worse-than-expected cash flow,negative,0.0,-0.9220167273624154
2024-06-17,TSLA,Tesla drops as it faces a regulatory investigation,negative,-1.0,-0.9509191133472783
2024-06-18,TSLA,Tesla held its annual shareholder meeting,neutral,0.0,-0.004519695725281776
2024-06-20,TSLA,Tesla cash flow in line with expectations,neutral,0.0,-0.000844400623127517
2024-06-21,TSLA,"Tesla missed analyst earnings estimates, shares slide",negative,-1.0,-0.902246614881136
2024-06-24,TSLA,"Tesla warned of a demand slowdown, shares slide",negative,-1.0,-0.9431367794204918
2024-06-25,TSLA,Tesla presented at an industry conference,neutral,0.0,-0.003949240824195552
2024-06-26,TSLA,"Tesla held its annual shareholder meeting, no major stock reaction",neutral,0.0,-0.0018915756788471412
2024-06-27,TSLA,Tesla filed its routine quarterly disclosure,neutral,0.0,-0.0009525289846085763
2024-06-27,TSLA,"Tesla raised its full-year guidance, shares climb",positive,1.0,0.8894153272730411
2024-06-28,TSLA,Tesla cash flow in line with expectations,neutral,0.0,-0.000844400623127517
2024-07-01,TSLA,Analysts turn cautious on Tesla after weak cash flow,negative,-1.0,-0.8896109808511186
2024-07-03,TSLA,"Tesla cut its full-year guidance, shares slide",negative,-1.0,-0.8981362424630324
2024-07-08,TSLA,Tesla filed its routine quarterly disclosure,neutral,0.0,-0.0009525289846085763
2024-07-12,TSLA,Analysts turn cautious on Tesla after soft guidance,negative,0.0,-0.8960461295668589
2024-07-15,TSLA,Tesla shares plunged after missed analyst earnings estimates,negative,-1.0,-0.8123086631164371
2024-07-17,TSLA,Tesla shares tumbled after received an analyst downgrade,negative,-1.0,-0.8385916079459568
2024-07-17,TSLA,Tesla stock advanced on record quarterly earnings,positive,1.0,0.8523087755475892
2024-07-18,TSLA,Tesla rallies as it announced a share buyback program,positive,1.0,0.9496730181861665
2024-07-19,TSLA,"Tesla received an analyst upgrade, shares climb",positive,1.0,0.9228862673478969
2024-07-22,TSLA,Tesla rallies as it raised its full-year guidance,positive,1.0,0.9155495178067174
2024-07-23,TSLA,Tesla shares jumped after received an analyst upgrade,positive,1.0,0.8483267620756905
2024-07-25,TSLA,Tesla shares climbed after unveiled a new product line to strong demand,positive,1.0,0.9165190015347815
2024-07-29,TSLA,Tesla stock sank on disappointing guidance,negative,-1.0,-0.8326244413450927
2024-07-30,TSLA,"Tesla held its annual shareholder meeting, no major stock reaction",neutral,0.0,-0.0018915756788471412
2024-07-31,TSLA,Tesla rallies as it raised its full-year guidance,positive,1.0,0.9155495178067174
2024-08-01,TSLA,Tesla stock tumbled on soft guidance,negative,-1.0,-0.8363497467737002
2024-08-05,TSLA,Tesla shares slumped after cut its full-year guidance,negative,-1.0,-0.8711286598113387
2024-08-06,TSLA,Tesla stock sank on worse-than-expected guidance,negative,-1.0,-0.8570375130693735
2024-08-07,TSLA,Analysts turn cautious on Tesla after weak quarterly earnings,negative,-1.0,-0.8916975909972413
2024-08-12,TSLA,Tesla stock advanced on better-than-expected profit margins,positive,1.0,0.765762106721676
2024-08-13,TSLA,Tesla shares slumped after cut its full-year guidance,negative,-1.0,-0.8711286598113387
2024-08-14,TSLA,"Tesla filed its routine quarterly disclosure, no major stock reaction",neutral,0.0,-0.0006792901431024283
2024-08-14,TSLA,Tesla rallies as it unveiled a new product line to strong demand,positive,1.0,0.9382030689749176
2024-08-15,TSLA,Tesla drops as it missed analyst earnings estimates,negative,-1.0,-0.9294384286071679
2024-08-19,TSLA,Tesla shares tumbled after received an analyst downgrade,negative,-1.0,-0.8385916079459568
2024-08-20,TSLA,Tesla shares sank after announced layoffs amid cost cuts,negative,-1.0,-0.9218003294910871
2024-08-22,TSLA,Analysts turn cautious on Tesla after disappointing sales,negative,0.0,-0.9247347622095689
2024-08-22,TSLA,Analysts turn cautious on Tesla after troubling quarterly earnings,negative,0.0,-0.8943634440653437
2024-08-27,TSLA,Tesla rallies as it beat analyst earnings estimates,positive,1.0,0.8996918606802218
2024-08-28,TSLA,Tesla rallies as it beat analyst earnings estimates,positive,1.0,0.8996918606802218
2024-08-29,TSLA,Tesla shares fell after faces a regulatory investigation,negative,-1.0,-0.9003149732745851
2024-08-30,TSLA,Tesla drops as it warned of a demand slowdown,negative,-1.0,-0.954141296089943
2024-09-03,TSLA,"Tesla announced layoffs amid cost cuts, shares slide",negative,-1.0,-0.948168517581117
2024-09-03,TSLA,Tesla to hold investor call on cash flow,neutral,0.0,-0.002716876140779881
2024-09-04,TSLA,Tesla shares tumbled after warned of a demand slowdown,negative,-1.0,-0.8796446149553774
2024-09-05,TSLA,Analysts turn bullish on Tesla after better-than-expected revenue,positive,1.0,0.9021013823983801
2024-09-09,TSLA,Analysts turn cautious on Tesla after disappointing guidance,negative,0.0,-0.9210272746083643
2024-09-10,TSLA,Tesla stock advanced on better-than-expected sales,positive,1.0,0.7891744566027189
2024-09-12,TSLA,Tesla shares sank after warned of a demand slowdown,negative,-1.0,-0.8986959769284489
2024-09-16,TSLA,Tesla will report quarterly results next week,neutral,0.0,-0.0009698295543304342
2024-09-16,TSLA,Tesla shares slumped after announced layoffs amid cost cuts,negative,-1.0,-0.9212647702685354
2024-09-19,TSLA,Analysts turn bullish on Tesla after record quarterly earnings,positive,1.0,0.9326856930985665
2024-09-23,TSLA,Tesla shares advanced after received an analyst upgrade,positive,1.0,0.8473380852946287
2024-09-26,TSLA,Tesla shares climbed after unveiled a new product line to strong demand,positive,1.0,0.9165190015347815
2024-09-30,TSLA,Analysts turn cautious on Tesla after weak revenue,negative,-1.0,-0.9393400806899915
2024-10-01,TSLA,"Tesla announced a share buyback program, shares climb",positive,1.0,0.943185195247612
2024-10-04,TSLA,Analysts turn cautious on Tesla after weak profit margins,negative,0.0,-0.9158147152961
2024-10-08,TSLA,Tesla drops as it cut its full-year guidance,negative,-1.0,-0.9174804645611706
2024-10-08,TSLA,Tesla cash flow in line with expectations,neutral,0.0,-0.000844400623127517
2024-10-14,TSLA,Tesla to hold investor call on sales,neutral,0.0,-0.002207908423522996
2024-10-16,TSLA,Analysts turn bullish on Tesla after strong cash flow,positive,1.0,0.8828489169494514
2024-10-17,TSLA,Analysts turn cautious on Tesla after weak cash flow,negative,-1.0,-0.8896109808511186
2024-10-17,TSLA,Tesla stock climbed on resilient sales,positive,1.0,0.7788343045732182
2024-10-21,TSLA,"Tesla beat analyst earnings estimates, shares climb",positive,1.0,0.8856703933415196
2024-10-22,TSLA,Analysts turn bullish on Tesla after record quarterly earnings,positive,1.0,0.9326856930985665
2024-10-22,TSLA,"Tesla unveiled a new product line to strong demand, shares climb",positive,1.0,0.9541530080281007
2024-10-23,TSLA,Tesla shares tumbled after faces a regulatory investigation,negative,-1.0,-0.8899243786212304
2024-10-23,TSLA,Tesla stock jumped on resilient revenue,positive,1.0,0.7344959073763611
2024-10-24,TSLA,Tesla shares jumped after announced a share buyback program,positive,1.0,0.9129378093944646
2024-10-25,TSLA,Analysts turn bullish on Tesla after strong cash flow,positive,1.0,0.8828489169494514
2024-10-29,TSLA,Tesla shares sank after announced layoffs amid cost cuts,negative,-1.0,-0.9218003294910871
2024-11-01,TSLA,Analysts turn bullish on Tesla after resilient sales,positive,1.0,0.9003423551490737
2024-11-04,TSLA,Tesla shares trade flat as it maintained its previous guidance,neutral,0.0,-0.0014717016192671017
2024-11-06,TSLA,Tesla stock dropped on disappointing quarterly earnings,negative,-1.0,-0.8149653406851025
2024-11-07,TSLA,Tesla drops as it missed analyst earnings estimates,negative,-1.0,-0.9294384286071679
2024-11-08,TSLA,Tesla guidance in line with expectations,neutral,0.0,0.00022362786858230732
2024-11-11,TSLA,Tesla to hold investor call on sales,neutral,0.0,-0.002207908423522996
2024-11-20,TSLA,Tesla rallies as it received an analyst upgrade,positive,1.0,0.9085723119817151
2024-11-22,TSLA,Tesla drops as it cut its full-year guidance,negative,-1.0,-0.9174804645611706
2024-11-26,TSLA,Analysts turn cautious on Tesla after soft cash flow,negative,0.0,-0.875171202622104
2024-11-26,TSLA,Tesla rallies as it reported record quarterly profit,positive,1.0,0.9594426220134175
2024-11-27,TSLA,Tesla rallies as it announced a share buyback program,positive,1.0,0.9496730181861665
2024-12-02,TSLA,Tesla rallies as it announced a share buyback program,positive,1.0,0.9496730181861665
2024-12-03,TSLA,Tesla shares sank after warned of a demand slowdown,negative,-1.0,-0.8986959769284489
2024-12-04,TSLA,Tesla to hold investor call on cash flow,neutral,0.0,-0.002716876140779881
2024-12-05,TSLA,Tesla shares dropped after faces a regulatory investigation,negative,-1.0,-0.9108693803381018
2024-12-06,TSLA,Analysts turn cautious on Tesla after soft quarterly earnings,negative,0.0,-0.8556869531572846
2024-12-09,TSLA,"Tesla warned of a demand slowdown, shares slide",negative,-1.0,-0.9431367794204918
2024-12-17,TSLA,Tesla stock sank on troubling quarterly earnings,negative,-1.0,-0.8214310254407404
2024-12-23,TSLA,Analysts turn bullish on Tesla after record quarterly earnings,positive,1.0,0.9326856930985665
2024-12-24,TSLA,Tesla rallies as it beat analyst earnings estimates,positive,1.0,0.8996918606802218
2024-12-24,TSLA,Tesla drops as it cut its full-year guidance,negative,-1.0,-0.9174804645611706
2024-12-27,TSLA,Analysts turn bullish on Tesla after resilient profit margins,positive,1.0,0.8785819188034897
2025-01-06,TSLA,Tesla rallies as it beat analyst earnings estimates,positive,1.0,0.8996918606802218
2025-01-10,TSLA,"Tesla raised its full-year guidance, shares climb",positive,1.0,0.8894153272730411
2025-01-10,TSLA,Tesla announced a change to its board of directors,neutral,0.0,-0.003610072075022383
2025-01-14,TSLA,Tesla revenue in line with expectations,neutral,0.0,-0.0037343360396221645
2025-01-15,TSLA,Tesla shares trade flat as it maintained its previous guidance,neutral,0.0,-0.0014717016192671017
2025-01-17,TSLA,Tesla cash flow in line with expectations,neutral,0.0,-0.000844400623127517
2025-01-23,TSLA,Tesla stock dropped on weak profit margins,negative,-0.3333333333333333,-0.8177248139877824
2025-01-28,TSLA,Tesla rallies as it announced a share buyback program,positive,1.0,0.9496730181861665
2025-01-29,TSLA,"Tesla maintained its previous guidance, no major stock reaction",neutral,0.0,-0.0014008787005847477
2025-02-03,TSLA,Tesla shares jumped after beat analyst earnings estimates,positive,1.0,0.8603785090281119
2025-02-04,TSLA,Tesla rallies as it raised its full-year guidance,positive,1.0,0.9155495178067174
2025-02-05,TSLA,Analysts turn bullish on Tesla after robust cash flow,positive,1.0,0.894994402649863
2025-02-07,TSLA,Tesla quarterly earnings in line with expectations,neutral,0.0,0.0023840892202925314
2025-02-07,TSLA,Tesla stock sank on troubling guidance,negative,-1.0,-0.8567906763219566
2025-02-12,TSLA,"Tesla raised its full-year guidance, shares climb",positive,1.0,0.8894153272730411
2025-02-12,TSLA,"Tesla reported record quarterly profit, shares climb",positive,1.0,0.959502581819238
2025-02-19,TSLA,"Tesla warned of a demand slowdown, shares slide",negative,-1.0,-0.9431367794204918
2025-02-20,TSLA,"Tesla cut its full-year guidance, shares slide",negative,-1.0,-0.8981362424630324
2025-02-21,TSLA,"Tesla held its annual shareholder meeting, no major stock reaction",neutral,0.0,-0.0018915756788471412
2025-02-24,TSLA,Tesla will report quarterly results next week,neutral,0.0,-0.0009698295543304342
2025-02-24,TSLA,Tesla presented at an industry conference,neutral,0.0,-0.003949240824195552
2025-02-25,TSLA,Tesla drops as it cut its full-year guidance,negative,-1.0,-0.9174804645611706
2025-02-25,TSLA,Tesla stock tumbled on troubling revenue,negative,-1.0,-0.8753334787164979
2025-02-26,TSLA,Tesla stock fell on soft quarterly earnings,negative,-1.0,-0.7689780437821124
2025-03-04,TSLA,Tesla drops as it faces a regulatory investigation,negative,-1.0,-0.9509191133472783
2025-03-05,TSLA,Tesla shares slumped after missed analyst earnings estimates,negative,-1.0,-0.8727442878693618
2025-03-07,TSLA,Tesla rallies as it beat analyst earnings estimates,positive,1.0,0.8996918606802218
2025-03-13,TSLA,Tesla will report quarterly results next week,neutral,0.0,-0.0009698295543304342
2025-03-14,TSLA,Tesla shares tumbled after received an analyst downgrade,negative,-1.0,-0.8385916079459568
2025-03-18,TSLA,"Tesla announced layoffs amid cost cuts, shares slide",negative,-1.0,-0.948168517581117
2025-03-18,TSLA,Tesla stock plunged on disappointing quarterly earnings,negative,-1.0,-0.8108735687698444
2025-03-19,TSLA,Tesla filed its routine quarterly disclosure,neutral,0.0,-0.0009525289846085763
2025-03-21,TSLA,Analysts turn bullish on Tesla after better-than-expected revenue,positive,1.0,0.9021013823983801
2025-03-24,TSLA,Tesla shares fell after missed analyst earnings estimates,negative,-1.0,-0.8586647197493446
2025-03-25,TSLA,Analysts turn cautious on Tesla after troubling sales,negative,0.0,-0.9252650895535688
2025-03-26,TSLA,Tesla shares trade flat as it held its annual shareholder meeting,neutral,0.0,-0.002141725830049592
2025-03-26,TSLA,Tesla stock advanced on resilient guidance,positive,1.0,0.7216189523110806
2025-03-28,TSLA,Tesla presented at an industry conference,neutral,0.0,-0.003949240824195552
2025-03-31,TSLA,Tesla rallies as it reported record quarterly profit,positive,1.0,0.9594426220134175
2025-03-31,TSLA,Tesla will report quarterly results next week,neutral,0.0,-0.0009698295543304342
2025-04-01,TSLA,Tesla rallies as it reported record quarterly profit,positive,1.0,0.9594426220134175
2025-04-03,TSLA,Tesla to hold investor call on profit margins,neutral,1.0,-0.002803609954146767
2025-04-03,TSLA,Tesla drops as it announced layoffs amid cost cuts,negative,-1.0,-0.9504631841496636
2025-04-04,TSLA,Tesla shares jumped after reported record quarterly profit,positive,1.0,0.9287527074898967
2025-04-09,TSLA,"Tesla announced layoffs amid cost cuts, shares slide",negative,-1.0,-0.948168517581117
2025-04-11,TSLA,Tesla stock fell on troubling profit margins,negative,0.0,-0.8306487568572251
2025-04-14,TSLA,"Tesla announced a change to its board of directors, no major stock reaction",neutral,0.0,-0.0016182143834567366
2025-04-21,TSLA,Tesla shares trade flat as it announced a change to its board of directors,neutral,0.0,-0.0014402382331549675
2025-04-21,TSLA,Tesla shares tumbled after faces a regulatory investigation,negative,-1.0,-0.8899243786212304
2025-04-22,TSLA,Tesla shares dropped after cut its full-year guidance,negative,-1.0,-0.830714501128609
2025-04-24,TSLA,Tesla shares fell after missed analyst earnings estimates,negative,-1.0,-0.8586647197493446
2025-04-28,TSLA,Tesla shares climbed after raised its full-year guidance,positive,1.0,0.8188454456180925
2025-04-29,TSLA,Analysts turn bullish on Tesla after record guidance,positive,1.0,0.902735585971392
2025-04-29,TSLA,Tesla shares trade flat as it will report quarterly results next week,neutral,0.0,-0.0005536697560573796
2025-04-30,TSLA,Tesla rallies as it announced a share buyback program,positive,1.0,0.9496730181861665
2025-05-01,TSLA,Tesla drops as it cut its full-year guidance,negative,-1.0,-0.9174804645611706
2025-05-01,TSLA,Tesla shares trade flat as it filed its routine quarterly disclosure,neutral,0.0,-0.0005250969199978653
2025-05-05,TSLA,Tesla shares slumped after faces a regulatory investigation,negative,-1.0,-0.9214490474718805
2025-05-06,TSLA,Tesla stock surged on resilient guidance,positive,1.0,0.7381393542646486
2025-05-06,TSLA,Tesla shares rallied after unveiled a new product line to strong demand,positive,1.0,0.9407183989766889
2025-05-08,TSLA,"Tesla warned of a demand slowdown, shares slide",negative,-1.0,-0.9431367794204918
2025-05-08,TSLA,Tesla rallies as it reported record quarterly profit,positive,1.0,0.9594426220134175
2025-05-09,TSLA,Tesla stock rallied on strong profit margins,positive,1.0,0.8108315565482668
2025-05-12,TSLA,"Tesla beat analyst earnings estimates, shares climb",positive,1.0,0.8856703933415196
2025-05-12,TSLA,Tesla cash flow in line with expectations,neutral,0.0,-0.000844400623127517
2025-05-13,TSLA,Tesla stock jumped on better-than-expected revenue,positive,1.0,0.7884905562636839
2025-05-14,TSLA,Tesla shares climbed after raised its full-year guidance,positive,1.0,0.8188454456180925
2025-05-15,TSLA,Tesla stock sank on troubling revenue,negative,-1.0,-0.879284192044992
2025-05-20,TSLA,Tesla shares tumbled after announced layoffs amid cost cuts,negative,-1.0,-0.915877124569299
2025-05-23,TSLA,Tesla announced a change to its board of directors,neutral,0.0,-0.003610072075022383
2025-05-29,TSLA,Tesla stock dropped on disappointing profit margins,negative,0.0,-0.8167059013023196
2025-05-29,TSLA,Tesla stock jumped on record revenue,positive,1.0,0.7336232878151205
2025-05-30,TSLA,Tesla rallies as it announced a share buyback program,positive,1.0,0.9496730181861665
2025-06-02,TSLA,Tesla shares trade flat as it announced a change to its board of directors,neutral,0.0,-0.0014402382331549675
2025-06-04,TSLA,Tesla shares trade flat as it will report quarterly results next week,neutral,0.0,-0.0005536697560573796
2025-06-04,TSLA,Tesla to hold investor call on profit margins,neutral,1.0,-0.002803609954146767
2025-06-05,TSLA,Tesla drops as it announced layoffs amid cost cuts,negative,-1.0,-0.9504631841496636
2025-06-06,TSLA,Tesla to hold investor call on profit margins,neutral,1.0,-0.002803609954146767
2025-06-11,TSLA,"Tesla beat analyst earnings estimates, shares climb",positive,1.0,0.8856703933415196
2025-06-16,TSLA,Tesla cash flow in line with expectations,neutral,0.0,-0.000844400623127517
2025-06-20,TSLA,Tesla presented at an industry conference,neutral,0.0,-0.003949240824195552
2025-06-24,TSLA,Tesla shares rallied after unveiled a new product line to strong demand,positive,1.0,0.9407183989766889
2025-06-25,TSLA,"Tesla cut its full-year guidance, shares slide",negative,-1.0,-0.8981362424630324
2025-07-01,TSLA,Analysts turn cautious on Tesla after troubling guidance,negative,0.0,-0.9184572575136737
2025-07-02,TSLA,Analysts turn cautious on Tesla after soft revenue,negative,0.0,-0.8876055557909779
2025-07-03,TSLA,Tesla shares trade flat as it filed its routine quarterly disclosure,neutral,0.0,-0.0005250969199978653
2025-07-08,TSLA,Tesla shares jumped after announced a share buyback program,positive,1.0,0.9129378093944646
2025-07-09,TSLA,Tesla stock sank on troubling sales,negative,-1.0,-0.8691676925858082
2025-07-11,TSLA,Tesla rallies as it unveiled a new product line to strong demand,positive,1.0,0.9382030689749176
2025-07-14,TSLA,Tesla rallies as it beat analyst earnings estimates,positive,1.0,0.8996918606802218
2025-07-15,TSLA,Tesla to hold investor call on guidance,neutral,0.0,-0.001087589049011196
2025-07-16,TSLA,Tesla shares fell after received an analyst downgrade,negative,-1.0,-0.8728976584926862
2025-07-18,TSLA,Tesla stock advanced on resilient cash flow,positive,1.0,0.717669275154349
2025-07-22,TSLA,Tesla shares slumped after missed analyst earnings estimates,negative,-1.0,-0.8727442878693618
2025-07-22,TSLA,Tesla shares climbed after raised its full-year guidance,positive,1.0,0.8188454456180925
2025-07-28,TSLA,Tesla shares dropped after faces a regulatory investigation,negative,-1.0,-0.9108693803381018
2025-07-30,TSLA,"Tesla filed its routine quarterly disclosure, no major stock reaction",neutral,0.0,-0.0006792901431024283
2025-07-31,TSLA,Analysts turn cautious on Tesla after troubling quarterly earnings,negative,0.0,-0.8943634440653437
2025-07-31,TSLA,Tesla shares climbed after raised its full-year guidance,positive,1.0,0.8188454456180925
2025-08-01,TSLA,Tesla shares soared after received an analyst upgrade,positive,1.0,0.8430006081314381
2025-08-04,TSLA,Tesla drops as it cut its full-year guidance,negative,-1.0,-0.9174804645611706
2025-08-05,TSLA,Analysts turn cautious on Tesla after disappointing cash flow,negative,0.0,-0.9115777284053117
2025-08-05,TSLA,"Tesla reported record quarterly profit, shares climb",positive,1.0,0.959502581819238
2025-08-06,TSLA,Analysts turn bullish on Tesla after robust cash flow,positive,1.0,0.894994402649863
2025-08-11,TSLA,Tesla sales in line with expectations,neutral,0.0,-0.0006233021674546951
2025-08-12,TSLA,Tesla shares jumped after announced a share buyback program,positive,1.0,0.9129378093944646
2025-08-14,TSLA,Tesla rallies as it beat analyst earnings estimates,positive,1.0,0.8996918606802218
2025-08-15,TSLA,Tesla will report quarterly results next week,neutral,0.0,-0.0009698295543304342
2025-08-18,TSLA,Analysts turn bullish on Tesla after record revenue,positive,1.0,0.8771851398420308
2025-08-19,TSLA,Tesla stock sank on disappointing cash flow,negative,-1.0,-0.8232385232337682
2025-08-20,TSLA,Tesla stock surged on record sales,positive,1.0,0.7909119952792614
2025-08-27,TSLA,Tesla shares slumped after warned of a demand slowdown,negative,-1.0,-0.903389612477623
2025-09-02,TSLA,Tesla rallies as it raised its full-year guidance,positive,1.0,0.9155495178067174
2025-09-02,TSLA,"Tesla faces a regulatory investigation, shares slide",negative,-1.0,-0.9553723905177202
2025-09-08,TSLA,Tesla drops as it received an analyst downgrade,negative,-1.0,-0.9448443320467992
2025-09-12,TSLA,Tesla shares trade flat as it will report quarterly results next week,neutral,0.0,-0.0005536697560573796
2025-09-15,TSLA,Tesla stock fell on soft quarterly earnings,negative,-1.0,-0.7689780437821124
2025-09-16,TSLA,Tesla shares trade flat as it presented at an industry conference,neutral,0.0,-0.0019778380309251296
2025-09-17,TSLA,Tesla shares advanced after raised its full-year guidance,positive,1.0,0.8142967051867009
2025-09-17,TSLA,"Tesla missed analyst earnings estimates, shares slide",negative,-1.0,-0.902246614881136
2025-09-18,TSLA,Tesla shares sank after faces a regulatory investigation,negative,-1.0,-0.9122560903927794
2025-09-19,TSLA,Tesla shares tumbled after missed analyst earnings estimates,negative,-1.0,-0.8569260922264211
2025-09-22,TSLA,Tesla stock climbed on strong guidance,positive,1.0,0.8233698125942399
2025-09-23,TSLA,Tesla to hold investor call on quarterly earnings,neutral,0.0,0.000760519905823525
2025-09-23,TSLA,Tesla rallies as it unveiled a new product line to strong demand,positive,1.0,0.9382030689749176
2025-09-24,TSLA,Analysts turn cautious on Tesla after troubling sales,negative,0.0,-0.9252650895535688
2025-09-24,TSLA,"Tesla faces a regulatory investigation, shares slide",negative,-1.0,-0.9553723905177202
2025-09-25,TSLA,Tesla to hold investor call on guidance,neutral,0.0,-0.001087589049011196
2025-09-26,TSLA,Tesla shares plunged after missed analyst earnings estimates,negative,-1.0,-0.8123086631164371
2025-09-29,TSLA,Tesla stock jumped on robust quarterly earnings,positive,1.0,0.7781625995480254
2025-09-29,TSLA,Tesla stock slumped on weak revenue,negative,-1.0,-0.9010725235870284
2025-10-02,TSLA,Tesla stock slumped on worse-than-expected revenue,negative,-1.0,-0.8942863023492768
2025-10-07,TSLA,"Tesla will report quarterly results next week, no major stock reaction",neutral,0.0,-0.0006354921084305472
2025-10-08,TSLA,Tesla stock dropped on soft cash flow,negative,-1.0,-0.76764544407502
2025-10-08,TSLA,Analysts turn cautious on Tesla after weak cash flow,negative,-1.0,-0.8896109808511186
2025-10-09,TSLA,"Tesla will report quarterly results next week, no major stock reaction",neutral,0.0,-0.0006354921084305472
2025-10-10,TSLA,Analysts turn cautious on Tesla after disappointing guidance,negative,0.0,-0.9210272746083643
2025-10-17,TSLA,Tesla shares rallied after unveiled a new product line to strong demand,positive,1.0,0.9407183989766889
2025-10-20,TSLA,"Tesla beat analyst earnings estimates, shares climb",positive,1.0,0.8856703933415196
2025-10-22,TSLA,Analysts turn cautious on Tesla after troubling quarterly earnings,negative,0.0,-0.8943634440653437
2025-10-24,TSLA,Tesla cash flow in line with expectations,neutral,0.0,-0.000844400623127517
2025-10-27,TSLA,"Tesla warned of a demand slowdown, shares slide",negative,-1.0,-0.9431367794204918
2025-10-27,TSLA,Tesla shares trade flat as it maintained its previous guidance,neutral,0.0,-0.0014717016192671017
2025-10-29,TSLA,"Tesla announced layoffs amid cost cuts, shares slide",negative,-1.0,-0.948168517581117
2025-10-30,TSLA,"Tesla missed analyst earnings estimates, shares slide",negative,-1.0,-0.902246614881136
2025-11-03,TSLA,Analysts turn cautious on Tesla after troubling guidance,negative,0.0,-0.9184572575136737
2025-11-04,TSLA,Tesla shares trade flat as it will report quarterly results next week,neutral,0.0,-0.0005536697560573796
2025-11-05,TSLA,Tesla shares trade flat as it presented at an industry conference,neutral,0.0,-0.0019778380309251296
2025-11-07,TSLA,"Tesla received an analyst upgrade, shares climb",positive,1.0,0.9228862673478969
2025-11-10,TSLA,Tesla stock sank on weak quarterly earnings,negative,-1.0,-0.7871223715040627
2025-11-11,TSLA,"Tesla unveiled a new product line to strong demand, shares climb",positive,1.0,0.9541530080281007
2025-11-12,TSLA,Analysts turn cautious on Tesla after disappointing guidance,negative,0.0,-0.9210272746083643
2025-11-13,TSLA,Analysts turn bullish on Tesla after better-than-expected cash flow,positive,1.0,0.8857725415790669
2025-11-18,TSLA,"Tesla announced layoffs amid cost cuts, shares slide",negative,-1.0,-0.948168517581117
2025-11-21,TSLA,Tesla rallies as it unveiled a new product line to strong demand,positive,1.0,0.9382030689749176
2025-11-28,TSLA,Tesla shares dropped after faces a regulatory investigation,negative,-1.0,-0.9108693803381018
2025-12-01,TSLA,Tesla rallies as it announced a share buyback program,positive,1.0,0.9496730181861665
2025-12-01,TSLA,Tesla stock soared on resilient cash flow,positive,1.0,0.7283197007762965
2025-12-02,TSLA,Tesla stock soared on robust quarterly earnings,positive,1.0,0.7671633873629176
2025-12-02,TSLA,Tesla shares rallied after received an analyst upgrade,positive,1.0,0.8481111885700049
2025-12-03,TSLA,Tesla drops as it cut its full-year guidance,negative,-1.0,-0.9174804645611706
2025-12-04,TSLA,Tesla cash flow in line with expectations,neutral,0.0,-0.000844400623127517
2025-12-05,TSLA,Analysts turn bullish on Tesla after better-than-expected quarterly earnings,positive,1.0,0.8948409873553493
2025-12-05,TSLA,Analysts turn cautious on Tesla after troubling revenue,negative,0.0,-0.9317213317388445
2025-12-08,TSLA,"Tesla announced layoffs amid cost cuts, shares slide",negative,-1.0,-0.948168517581117
2025-12-12,TSLA,Tesla stock advanced on strong profit margins,positive,1.0,0.7721154709279248
2025-12-16,TSLA,Analysts turn bullish on Tesla after resilient cash flow,positive,1.0,0.8858466529261899
2025-12-18,TSLA,Tesla shares trade flat as it held its annual shareholder meeting,neutral,0.0,-0.002141725830049592
2025-12-22,TSLA,Tesla shares trade flat as it filed its routine quarterly disclosure,neutral,0.0,-0.0005250969199978653
2025-12-22,TSLA,Tesla shares advanced after beat analyst earnings estimates,positive,1.0,0.8317418780092574
2025-12-23,TSLA,Tesla shares soared after reported record quarterly profit,positive,1.0,0.9485678154634382
2025-12-30,TSLA,Tesla rallies as it beat analyst earnings estimates,positive,1.0,0.8996918606802218
2025-12-30,TSLA,Tesla shares advanced after raised its full-year guidance,positive,1.0,0.8142967051867009
2025-12-31,TSLA,Tesla stock jumped on record cash flow,positive,1.0,0.7596005023575667
2025-12-31,TSLA,Tesla held its annual shareholder meeting,neutral,0.0,-0.004519695725281776
2026-01-02,TSLA,"Tesla announced a share buyback program, shares climb",positive,1.0,0.943185195247612
2026-01-05,TSLA,"Tesla received an analyst upgrade, shares climb",positive,1.0,0.9228862673478969
2026-01-06,TSLA,Analysts turn cautious on Tesla after worse-than-expected guidance,negative,0.0,-0.9167527382232803
2026-01-09,TSLA,Tesla drops as it missed analyst earnings estimates,negative,-1.0,-0.9294384286071679
2026-01-12,TSLA,Tesla drops as it received an analyst downgrade,negative,-1.0,-0.9448443320467992
2026-01-15,TSLA,Tesla stock rallied on resilient guidance,positive,1.0,0.7379397704328334
2026-01-20,TSLA,Tesla shares advanced after announced a share buyback program,positive,1.0,0.8942278531245886
2026-01-21,TSLA,"Tesla reported record quarterly profit, shares climb",positive,1.0,0.959502581819238
2026-01-22,TSLA,Tesla to hold investor call on profit margins,neutral,1.0,-0.002803609954146767
2026-01-23,TSLA,Tesla rallies as it beat analyst earnings estimates,positive,1.0,0.8996918606802218
2026-01-26,TSLA,Analysts turn bullish on Tesla after resilient profit margins,positive,1.0,0.8785819188034897
2026-01-28,TSLA,Tesla drops as it missed analyst earnings estimates,negative,-1.0,-0.9294384286071679
2026-01-30,TSLA,"Tesla reported record quarterly profit, shares climb",positive,1.0,0.959502581819238
2026-01-30,TSLA,"Tesla faces a regulatory investigation, shares slide",negative,-1.0,-0.9553723905177202
2026-02-04,TSLA,Tesla drops as it announced layoffs amid cost cuts,negative,-1.0,-0.9504631841496636
2026-02-05,TSLA,"Tesla received an analyst upgrade, shares climb",positive,1.0,0.9228862673478969
2026-02-09,TSLA,Tesla shares slumped after cut its full-year guidance,negative,-1.0,-0.8711286598113387
2026-02-10,TSLA,"Tesla received an analyst downgrade, shares slide",negative,-1.0,-0.9240015314457571
2026-02-12,TSLA,Tesla filed its routine quarterly disclosure,neutral,0.0,-0.0009525289846085763
2026-02-13,TSLA,Tesla rallies as it reported record quarterly profit,positive,1.0,0.9594426220134175
2026-02-19,TSLA,Tesla to hold investor call on guidance,neutral,0.0,-0.001087589049011196
2026-02-26,TSLA,Tesla stock tumbled on weak quarterly earnings,negative,-1.0,-0.79672340407223
2026-02-27,TSLA,"Tesla unveiled a new product line to strong demand, shares climb",positive,1.0,0.9541530080281007
2026-03-02,TSLA,Tesla stock jumped on robust quarterly earnings,positive,1.0,0.7781625995480254
2026-03-03,TSLA,Tesla rallies as it reported record quarterly profit,positive,1.0,0.9594426220134175
2026-03-04,TSLA,Tesla shares slumped after announced layoffs amid cost cuts,negative,-1.0,-0.9212647702685354
2026-03-05,TSLA,Tesla rallies as it beat analyst earnings estimates,positive,1.0,0.8996918606802218
2026-03-06,TSLA,Tesla stock fell on worse-than-expected quarterly earnings,negative,-1.0,-0.8739882271761628
2026-03-10,TSLA,Tesla stock soared on record guidance,positive,1.0,0.7267053874218267
2026-03-10,TSLA,Tesla stock tumbled on worse-than-expected revenue,negative,-1.0,-0.8822347218802247
2026-03-12,TSLA,Tesla shares plunged after warned of a demand slowdown,negative,-1.0,-0.873389568977871
2026-03-13,TSLA,Tesla shares advanced after raised its full-year guidance,positive,1.0,0.8142967051867009
2026-03-13,TSLA,Analysts turn bullish on Tesla after robust cash flow,positive,1.0,0.894994402649863
2026-03-17,TSLA,Tesla stock jumped on better-than-expected cash flow,positive,1.0,0.7582801695937211
2026-03-20,TSLA,Analysts turn cautious on Tesla after troubling revenue,negative,0.0,-0.9317213317388445
2026-03-23,TSLA,Tesla stock plunged on disappointing cash flow,negative,-1.0,-0.8141797941738925
2026-03-24,TSLA,Tesla rallies as it received an analyst upgrade,positive,1.0,0.9085723119817151
2026-03-25,TSLA,Analysts turn cautious on Tesla after worse-than-expected sales,negative,0.0,-0.9311073110734919
2026-03-26,TSLA,Tesla drops as it cut its full-year guidance,negative,-1.0,-0.9174804645611706
2026-03-31,TSLA,Tesla stock climbed on robust cash flow,positive,1.0,0.7893847147240876
2026-04-01,TSLA,"Tesla unveiled a new product line to strong demand, shares climb",positive,1.0,0.9541530080281007
2026-04-02,TSLA,Tesla stock soared on robust guidance,positive,1.0,0.8001673333350044
2026-04-02,TSLA,Analysts turn cautious on Tesla after soft quarterly earnings,negative,0.0,-0.8556869531572846
2026-04-07,TSLA,Analysts turn cautious on Tesla after worse-than-expected sales,negative,0.0,-0.9311073110734919
2026-04-08,TSLA,Tesla shares fell after announced layoffs amid cost cuts,negative,-1.0,-0.9341447988999672
2026-04-13,TSLA,Tesla stock rallied on better-than-expected sales,positive,1.0,0.7864766696480082
2026-04-14,TSLA,"Tesla raised its full-year guidance, shares climb",positive,1.0,0.8894153272730411
2026-04-15,TSLA,Tesla stock plunged on disappointing revenue,negative,-1.0,-0.8549434861585448
2026-04-15,TSLA,Tesla stock soared on resilient profit margins,positive,1.0,0.7119051295368652
2026-04-16,TSLA,Tesla stock soared on strong guidance,positive,1.0,0.82486999157633
2026-04-17,TSLA,Tesla stock plunged on troubling cash flow,negative,-1.0,-0.8071866346637744
2026-04-17,TSLA,Tesla rallies as it raised its full-year guidance,positive,1.0,0.9155495178067174
2026-04-20,TSLA,Tesla drops as it missed analyst earnings estimates,negative,-1.0,-0.9294384286071679
2026-04-21,TSLA,Tesla sales in line with expectations,neutral,0.0,-0.0006233021674546951
2026-04-23,TSLA,Tesla shares advanced after beat analyst earnings estimates,positive,1.0,0.8317418780092574
2026-04-24,TSLA,"Tesla announced layoffs amid cost cuts, shares slide",negative,-1.0,-0.948168517581117
2026-04-28,TSLA,Analysts turn bullish on Tesla after record guidance,positive,1.0,0.902735585971392
2026-05-01,TSLA,"Tesla reported record quarterly profit, shares climb",positive,1.0,0.959502581819238
2026-05-04,TSLA,Tesla rallies as it beat analyst earnings estimates,positive,1.0,0.8996918606802218
2026-05-15,TSLA,Tesla drops as it warned of a demand slowdown,negative,-1.0,-0.954141296089943
2026-05-20,TSLA,Analysts turn bullish on Tesla after strong guidance,positive,1.0,0.9110353358811318
2026-05-26,TSLA,Tesla held its annual shareholder meeting,neutral,0.0,-0.004519695725281776
2026-05-26,TSLA,Tesla stock climbed on robust sales,positive,1.0,0.8131734739961649
2026-05-27,TSLA,Tesla stock dropped on disappointing revenue,negative,-1.0,-0.8581270028435131
2026-05-28,TSLA,Tesla rallies as it received an analyst upgrade,positive,1.0,0.9085723119817151
2026-06-01,TSLA,Tesla stock dropped on soft guidance,negative,-1.0,-0.7945339723411684
2026-06-03,TSLA,Tesla drops as it announced layoffs amid cost cuts,negative,-1.0,-0.9504631841496636
2026-06-05,TSLA,Tesla shares trade flat as it presented at an industry conference,neutral,0.0,-0.0019778380309251296
2026-06-08,TSLA,Tesla rallies as it received an analyst upgrade,positive,1.0,0.9085723119817151
2026-06-10,TSLA,Tesla rallies as it raised its full-year guidance,positive,1.0,0.9155495178067174
2026-06-11,TSLA,Tesla shares plunged after faces a regulatory investigation,negative,-1.0,-0.8907906727901249
2026-06-12,TSLA,Tesla drops as it received an analyst downgrade,negative,-1.0,-0.9448443320467992
2026-06-15,TSLA,Tesla rallies as it unveiled a new product line to strong demand,positive,1.0,0.9382030689749176
2026-06-15,TSLA,Tesla shares trade flat as it filed its routine quarterly disclosure,neutral,0.0,-0.0005250969199978653
2026-06-17,TSLA,"Tesla beat analyst earnings estimates, shares climb",positive,1.0,0.8856703933415196
2026-06-17,TSLA,Tesla shares sank after warned of a demand slowdown,negative,-1.0,-0.8986959769284489
2026-06-18,TSLA,"Tesla received an analyst upgrade, shares climb",positive,1.0,0.9228862673478969
2026-06-22,TSLA,Tesla revenue in line with expectations,neutral,0.0,-0.0037343360396221645
2026-06-22,TSLA,Analysts turn cautious on Tesla after soft quarterly earnings,negative,0.0,-0.8556869531572846
2026-06-23,TSLA,Analysts turn bullish on Tesla after record quarterly earnings,positive,1.0,0.9326856930985665
2026-06-26,TSLA,Tesla shares soared after raised its full-year guidance,positive,1.0,0.8300601208955337
2026-06-29,TSLA,"Tesla cut its full-year guidance, shares slide",negative,-1.0,-0.8981362424630324
2026-06-29,TSLA,Tesla stock sank on worse-than-expected profit margins,negative,0.0,-0.858883758521956
2026-06-30,TSLA,Tesla stock sank on disappointing sales,negative,-1.0,-0.8410171758346799
2026-07-01,TSLA,"Tesla cut its full-year guidance, shares slide",negative,-1.0,-0.8981362424630324
2021-07-02,JPM,Analysts turn cautious on JPMorgan after disappointing sales,negative,0.0,-0.9229534196844473
2021-07-06,JPM,JPMorgan stock climbed on record quarterly earnings,positive,1.0,0.8735272672350052
2021-07-08,JPM,Analysts turn cautious on JPMorgan after troubling profit margins,negative,1.0,-0.8967281289917657
2021-07-09,JPM,JPMorgan shares jumped after beat analyst earnings estimates,positive,1.0,0.8677132759719327
2021-07-15,JPM,JPMorgan drops as it faces a regulatory investigation,negative,-1.0,-0.9449840453570932
2021-07-16,JPM,JPMorgan stock fell on weak sales,negative,-1.0,-0.8512642531110908
2021-07-21,JPM,JPMorgan shares surged after raised its full-year guidance,positive,1.0,0.8261801197204192
2021-07-22,JPM,"JPMorgan raised its full-year guidance, shares climb",positive,1.0,0.8863740378031044
2021-07-23,JPM,JPMorgan stock advanced on record revenue,positive,1.0,0.7897043861645943
2021-07-23,JPM,JPMorgan shares sank after cut its full-year guidance,negative,-1.0,-0.8266776519550475
2021-07-26,JPM,"JPMorgan announced a share buyback program, shares climb",positive,1.0,0.9511257592909502
2021-07-28,JPM,"JPMorgan maintained its previous guidance, no major stock reaction",neutral,0.0,-0.00038434411056384454
2021-07-28,JPM,Analysts turn bullish on JPMorgan after record revenue,positive,1.0,0.8882918818419233
2021-07-29,JPM,JPMorgan rallies as it announced a share buyback program,positive,1.0,0.953114849426443
2021-07-30,JPM,"JPMorgan cut its full-year guidance, shares slide",negative,-1.0,-0.9042131024455284
2021-08-02,JPM,JPMorgan rallies as it received an analyst upgrade,positive,1.0,0.9156912776015669
2021-08-03,JPM,JPMorgan profit margins in line with expectations,neutral,1.0,0.001149955372784589
2021-08-03,JPM,JPMorgan to hold investor call on quarterly earnings,neutral,0.0,0.0020714251288045243
2021-08-05,JPM,JPMorgan drops as it warned of a demand slowdown,negative,-1.0,-0.9482772452180016
2021-08-06,JPM,JPMorgan stock rallied on record sales,positive,1.0,0.8245264606254172
2021-08-06,JPM,Analysts turn bullish on JPMorgan after record guidance,positive,1.0,0.9122659595154983
2021-08-11,JPM,JPMorgan stock surged on better-than-expected guidance,positive,1.0,0.8369534408140696
2021-08-11,JPM,JPMorgan rallies as it beat analyst earnings estimates,positive,1.0,0.9066695929568387
2021-08-12,JPM,"JPMorgan held its annual shareholder meeting, no major stock reaction",neutral,0.0,-0.001165188328192502
2021-08-17,JPM,Analysts turn bullish on JPMorgan after resilient quarterly earnings,positive,1.0,0.8941420919354583
2021-08-20,JPM,Analysts turn cautious on JPMorgan after disappointing sales,negative,0.0,-0.9229534196844473
2021-08-24,JPM,Analysts turn bullish on JPMorgan after record guidance,positive,1.0,0.9122659595154983
2021-08-25,JPM,Analysts turn cautious on JPMorgan after disappointing guidance,negative,0.0,-0.9191709395613915
2021-08-27,JPM,JPMorgan shares plunged after received an analyst downgrade,negative,-1.0,-0.8169368641787339
2021-08-30,JPM,JPMorgan drops as it cut its full-year guidance,negative,-1.0,-0.9070829065693289
2021-08-30,JPM,JPMorgan drops as it cut its full-year guidance,negative,-1.0,-0.9070829065693289
2021-08-31,JPM,JPMorgan rallies as it received an analyst upgrade,positive,1.0,0.9156912776015669
2021-09-07,JPM,JPMorgan shares dropped after faces a regulatory investigation,negative,-1.0,-0.9036005179008597
2021-09-08,JPM,JPMorgan drops as it received an analyst downgrade,negative,-1.0,-0.9370311742918107
2021-09-13,JPM,"JPMorgan received an analyst upgrade, shares climb",positive,1.0,0.9183096966455315
2021-09-14,JPM,"JPMorgan announced a change to its board of directors, no major stock reaction",neutral,0.0,0.0007637200967338872
2021-09-14,JPM,"JPMorgan announced layoffs amid cost cuts, shares slide",negative,-1.0,-0.9434211505660666
2021-09-16,JPM,JPMorgan stock soared on robust cash flow,positive,1.0,0.8045222824097682
2021-09-16,JPM,JPMorgan shares jumped after reported record quarterly profit,positive,1.0,0.931223033973083
2021-09-20,JPM,JPMorgan rallies as it reported record quarterly profit,positive,1.0,0.9624264853267871
2021-09-21,JPM,JPMorgan stock soared on resilient revenue,positive,1.0,0.81491574697957
2021-09-22,JPM,Analysts turn bullish on JPMorgan after better-than-expected cash flow,positive,1.0,0.8946084943953163
2021-09-24,JPM,Analysts turn cautious on JPMorgan after worse-than-expected profit margins,negative,1.0,-0.9133630752791646
2021-09-24,JPM,JPMorgan drops as it cut its full-year guidance,negative,-1.0,-0.9070829065693289
2021-09-28,JPM,JPMorgan shares climbed after beat analyst earnings estimates,positive,1.0,0.8512846568220286
2021-09-29,JPM,"JPMorgan received an analyst upgrade, shares climb",positive,1.0,0.9183096966455315
2021-10-07,JPM,JPMorgan shares plunged after warned of a demand slowdown,negative,-1.0,-0.8636712807504805
2021-10-07,JPM,"JPMorgan reported record quarterly profit, shares climb",positive,1.0,0.9595780804130292
2021-10-08,JPM,Analysts turn cautious on JPMorgan after weak guidance,negative,-1.0,-0.9076312028687051
2021-10-08,JPM,JPMorgan shares climbed after beat analyst earnings estimates,positive,1.0,0.8512846568220286
2021-10-12,JPM,JPMorgan drops as it cut its full-year guidance,negative,-1.0,-0.9070829065693289
2021-10-13,JPM,"JPMorgan missed analyst earnings estimates, shares slide",negative,-1.0,-0.8893052208705975
2021-10-14,JPM,JPMorgan drops as it received an analyst downgrade,negative,-1.0,-0.9370311742918107
2021-10-19,JPM,JPMorgan shares trade flat as it will report quarterly results next week,neutral,0.0,0.0006611397625067468
2021-10-19,JPM,JPMorgan maintained its previous guidance,neutral,0.0,-0.00023858484574200076
2021-10-22,JPM,JPMorgan drops as it announced layoffs amid cost cuts,negative,-1.0,-0.9457147020112643
2021-10-25,JPM,JPMorgan stock dropped on disappointing cash flow,negative,-1.0,-0.7911984505520562
2021-10-25,JPM,JPMorgan stock sank on weak cash flow,negative,-1.0,-0.7569732273700382
2021-10-26,JPM,JPMorgan stock dropped on weak quarterly earnings,negative,-1.0,-0.7382316157122806
2021-10-28,JPM,JPMorgan quarterly earnings in line with expectations,neutral,0.0,0.004721602324584202
2021-11-02,JPM,JPMorgan will report quarterly results next week,neutral,0.0,0.002199622978446808
2021-11-02,JPM,"JPMorgan maintained its previous guidance, no major stock reaction",neutral,0.0,-0.00038434411056384454
2021-11-03,JPM,JPMorgan stock climbed on resilient sales,positive,1.0,0.8167612150911756
2021-11-04,JPM,JPMorgan stock fell on disappointing cash flow,negative,-1.0,-0.8409543833126429
2021-11-04,JPM,JPMorgan stock dropped on troubling revenue,negative,-1.0,-0.806554697061903
2021-11-05,JPM,JPMorgan drops as it announced layoffs amid cost cuts,negative,-1.0,-0.9457147020112643
2021-11-09,JPM,JPMorgan announced a change to its board of directors,neutral,0.0,0.0029029537829532645
2021-11-10,JPM,JPMorgan held its annual shareholder meeting,neutral,0.0,-0.0025201820187263843
2021-11-11,JPM,JPMorgan shares slumped after received an analyst downgrade,negative,-1.0,-0.8849808156165377
2021-11-12,JPM,JPMorgan drops as it missed analyst earnings estimates,negative,-1.0,-0.920620592893839
2021-11-15,JPM,"JPMorgan held its annual shareholder meeting, no major stock reaction",neutral,0.0,-0.001165188328192502
2021-11-17,JPM,"JPMorgan unveiled a new product line to strong demand, shares climb",positive,1.0,0.9443970285125076
2021-11-19,JPM,"JPMorgan received an analyst upgrade, shares climb",positive,1.0,0.9183096966455315
2021-11-19,JPM,JPMorgan stock jumped on robust sales,positive,1.0,0.8366533137150831
2021-11-22,JPM,Analysts turn bullish on JPMorgan after robust guidance,positive,1.0,0.936325828607165
2021-11-23,JPM,JPMorgan rallies as it announced a share buyback program,positive,1.0,0.953114849426443
2021-11-24,JPM,JPMorgan shares trade flat as it held its annual shareholder meeting,neutral,0.0,-0.0008547445459817435
2021-11-29,JPM,Analysts turn cautious on JPMorgan after disappointing guidance,negative,0.0,-0.9191709395613915
2021-12-01,JPM,JPMorgan drops as it faces a regulatory investigation,negative,-1.0,-0.9449840453570932
2021-12-02,JPM,JPMorgan stock slumped on disappointing guidance,negative,-1.0,-0.8684203767491177
2021-12-03,JPM,JPMorgan drops as it cut its full-year guidance,negative,-1.0,-0.9070829065693289
2021-12-07,JPM,JPMorgan shares tumbled after warned of a demand slowdown,negative,-1.0,-0.8703228682829665
2021-12-08,JPM,Analysts turn bullish on JPMorgan after better-than-expected revenue,positive,1.0,0.9103013046377398
2021-12-09,JPM,JPMorgan drops as it received an analyst downgrade,negative,-1.0,-0.9370311742918107
2021-12-20,JPM,"JPMorgan warned of a demand slowdown, shares slide",negative,-1.0,-0.9493459611657844
2021-12-21,JPM,JPMorgan cash flow in line with expectations,neutral,0.0,0.0011399010850496293
2021-12-21,JPM,JPMorgan stock jumped on record cash flow,positive,1.0,0.7988593983406326
2021-12-23,JPM,JPMorgan to hold investor call on guidance,neutral,0.0,0.0001682974264562969
2021-12-27,JPM,JPMorgan rallies as it unveiled a new product line to strong demand,positive,1.0,0.9413037794732412
2021-12-27,JPM,JPMorgan shares dropped after missed analyst earnings estimates,negative,-1.0,-0.8680007539052406
2021-12-28,JPM,Analysts turn cautious on JPMorgan after weak cash flow,negative,-1.0,-0.8731385255345797
2021-12-28,JPM,Analysts turn bullish on JPMorgan after strong sales,positive,1.0,0.9412213779835704
2021-12-29,JPM,JPMorgan shares soared after reported record quarterly profit,positive,1.0,0.9505176525320792
2021-12-30,JPM,JPMorgan rallies as it beat analyst earnings estimates,positive,1.0,0.9066695929568387
2022-01-03,JPM,"JPMorgan beat analyst earnings estimates, shares climb",positive,1.0,0.9055705999426806
2022-01-04,JPM,JPMorgan shares trade flat as it presented at an industry conference,neutral,0.0,-0.000624315198550985
2022-01-10,JPM,JPMorgan stock jumped on strong cash flow,positive,1.0,0.7877533433588237
2022-01-10,JPM,Analysts turn cautious on JPMorgan after soft quarterly earnings,negative,0.0,-0.8830753052777139
2022-01-11,JPM,JPMorgan stock plunged on troubling cash flow,negative,-1.0,-0.7785638132930635
2022-01-19,JPM,"JPMorgan beat analyst earnings estimates, shares climb",positive,1.0,0.9055705999426806
2022-01-20,JPM,JPMorgan shares dropped after faces a regulatory investigation,negative,-1.0,-0.9036005179008597
2022-01-21,JPM,JPMorgan shares climbed after unveiled a new product line to strong demand,positive,1.0,0.9189300390053258
2022-01-25,JPM,JPMorgan stock slumped on troubling cash flow,negative,-1.0,-0.854008917208255
2022-01-28,JPM,JPMorgan shares dropped after cut its full-year guidance,negative,-1.0,-0.8177692316478999
2022-02-01,JPM,JPMorgan shares dropped after cut its full-year guidance,negative,-1.0,-0.8177692316478999
2022-02-03,JPM,"JPMorgan reported record quarterly profit, shares climb",positive,1.0,0.9595780804130292
2022-02-08,JPM,JPMorgan to hold investor call on profit margins,neutral,1.0,-0.0009395924554203676
2022-02-08,JPM,JPMorgan shares plunged after warned of a demand slowdown,negative,-1.0,-0.8636712807504805
2022-02-09,JPM,"JPMorgan cut its full-year guidance, shares slide",negative,-1.0,-0.9042131024455284
2022-02-11,JPM,Analysts turn bullish on JPMorgan after strong revenue,positive,1.0,0.9230109845755788
2022-02-17,JPM,"JPMorgan unveiled a new product line to strong demand, shares climb",positive,1.0,0.9443970285125076
2022-02-17,JPM,JPMorgan shares advanced after received an analyst upgrade,positive,1.0,0.856662164995305
2022-02-22,JPM,JPMorgan stock sank on disappointing quarterly earnings,negative,-1.0,-0.79316593784389
2022-02-23,JPM,JPMorgan rallies as it reported record quarterly profit,positive,1.0,0.9624264853267871
2022-02-24,JPM,JPMorgan shares climbed after received an analyst upgrade,positive,1.0,0.8617244351256481
2022-02-24,JPM,JPMorgan stock jumped on resilient cash flow,positive,1.0,0.7457460048013658
2022-02-28,JPM,JPMorgan shares trade flat as it held its annual shareholder meeting,neutral,0.0,-0.0008547445459817435
2022-03-01,JPM,JPMorgan shares slumped after announced layoffs amid cost cuts,negative,-1.0,-0.9157084742137205
2022-03-01,JPM,JPMorgan shares trade flat as it maintained its previous guidance,neutral,0.0,-0.00014048216540831285
2022-03-03,JPM,JPMorgan revenue in line with expectations,neutral,0.0,-0.0008493634384839667
2022-03-03,JPM,"JPMorgan received an analyst upgrade, shares climb",positive,1.0,0.9183096966455315
2022-03-07,JPM,JPMorgan guidance in line with expectations,neutral,0.0,0.002075966351090395
2022-03-09,JPM,"JPMorgan warned of a demand slowdown, shares slide",negative,-1.0,-0.9493459611657844
2022-03-10,JPM,Analysts turn cautious on JPMorgan after weak guidance,negative,-1.0,-0.9076312028687051
2022-03-11,JPM,JPMorgan shares plunged after announced layoffs amid cost cuts,negative,-1.0,-0.8983001897309567
2022-03-14,JPM,JPMorgan shares trade flat as it presented at an industry conference,neutral,0.0,-0.000624315198550985
2022-03-14,JPM,Analysts turn bullish on JPMorgan after strong sales,positive,1.0,0.9412213779835704
2022-03-15,JPM,Analysts turn bullish on JPMorgan after record guidance,positive,1.0,0.9122659595154983
2022-03-16,JPM,JPMorgan drops as it cut its full-year guidance,negative,-1.0,-0.9070829065693289
2022-03-17,JPM,JPMorgan stock jumped on robust sales,positive,1.0,0.8366533137150831
2022-03-22,JPM,JPMorgan to hold investor call on profit margins,neutral,1.0,-0.0009395924554203676
2022-03-23,JPM,JPMorgan rallies as it raised its full-year guidance,positive,1.0,0.9219635805263035
2022-03-28,JPM,Analysts turn bullish on JPMorgan after better-than-expected quarterly earnings,positive,1.0,0.9031298701554924
2022-03-29,JPM,JPMorgan stock dropped on troubling sales,negative,-1.0,-0.7917659683605085
2022-03-30,JPM,JPMorgan shares trade flat as it maintained its previous guidance,neutral,0.0,-0.00014048216540831285
2022-03-31,JPM,JPMorgan to hold investor call on revenue,neutral,0.0,-0.002484263170371259
2022-04-04,JPM,JPMorgan cash flow in line with expectations,neutral,0.0,0.0011399010850496293
2022-04-07,JPM,Analysts turn bullish on JPMorgan after strong sales,positive,1.0,0.9412213779835704
2022-04-07,JPM,Analysts turn cautious on JPMorgan after weak quarterly earnings,negative,-1.0,-0.8749143059804654
2022-04-11,JPM,JPMorgan shares tumbled after missed analyst earnings estimates,negative,-1.0,-0.8452501740872469
2022-04-12,JPM,"JPMorgan announced layoffs amid cost cuts, shares slide",negative,-1.0,-0.9434211505660666
2022-04-14,JPM,Analysts turn bullish on JPMorgan after resilient cash flow,positive,1.0,0.8900838177220582
2022-04-19,JPM,JPMorgan quarterly earnings in line with expectations,neutral,0.0,0.004721602324584202
2022-04-20,JPM,JPMorgan shares sank after announced layoffs amid cost cuts,negative,-1.0,-0.916268473443194
2022-04-20,JPM,"JPMorgan raised its full-year guidance, shares climb",positive,1.0,0.8863740378031044
2022-04-25,JPM,Analysts turn cautious on JPMorgan after disappointing guidance,negative,0.0,-0.9191709395613915
2022-04-27,JPM,JPMorgan stock jumped on better-than-expected sales,positive,1.0,0.8192731406144234
2022-04-28,JPM,Analysts turn bullish on JPMorgan after better-than-expected revenue,positive,1.0,0.9103013046377398
2022-05-03,JPM,JPMorgan stock rallied on better-than-expected cash flow,positive,1.0,0.8037986437846255
2022-05-03,JPM,JPMorgan to hold investor call on sales,neutral,0.0,-0.00035601675813272393
2022-05-05,JPM,JPMorgan shares trade flat as it held its annual shareholder meeting,neutral,0.0,-0.0008547445459817435
2022-05-06,JPM,JPMorgan profit margins in line with expectations,neutral,1.0,0.001149955372784589
2022-05-09,JPM,Analysts turn cautious on JPMorgan after troubling revenue,negative,0.0,-0.9257831195671091
2022-05-10,JPM,JPMorgan shares trade flat as it maintained its previous guidance,neutral,0.0,-0.00014048216540831285
2022-05-11,JPM,Analysts turn bullish on JPMorgan after resilient profit margins,positive,1.0,0.8830262264722712
2022-05-16,JPM,JPMorgan shares trade flat as it announced a change to its board of directors,neutral,0.0,-0.00019510687842905564
2022-05-17,JPM,"JPMorgan received an analyst downgrade, shares slide",negative,-1.0,-0.9367289769251841
2022-05-18,JPM,"JPMorgan cut its full-year guidance, shares slide",negative,-1.0,-0.9042131024455284
2022-05-18,JPM,JPMorgan shares fell after announced layoffs amid cost cuts,negative,-1.0,-0.9290210606280475
2022-05-19,JPM,JPMorgan shares trade flat as it will report quarterly results next week,neutral,0.0,0.0006611397625067468
2022-05-24,JPM,"JPMorgan held its annual shareholder meeting, no major stock reaction",neutral,0.0,-0.001165188328192502
2022-05-25,JPM,"JPMorgan missed analyst earnings estimates, shares slide",negative,-1.0,-0.8893052208705975
2022-05-27,JPM,Analysts turn cautious on JPMorgan after disappointing sales,negative,0.0,-0.9229534196844473
2022-05-31,JPM,JPMorgan shares trade flat as it held its annual shareholder meeting,neutral,0.0,-0.0008547445459817435
2022-06-01,JPM,JPMorgan to hold investor call on cash flow,neutral,0.0,-0.0007504526107068761
2022-06-03,JPM,JPMorgan stock slumped on troubling cash flow,negative,-1.0,-0.854008917208255
2022-06-06,JPM,JPMorgan stock tumbled on soft guidance,negative,-1.0,-0.810346895300637
2022-06-09,JPM,JPMorgan stock dropped on worse-than-expected sales,negative,-1.0,-0.8417053227831546
2022-06-10,JPM,"JPMorgan raised its full-year guidance, shares climb",positive,1.0,0.8863740378031044
2022-06-10,JPM,JPMorgan rallies as it reported record quarterly profit,positive,1.0,0.9624264853267871
2022-06-14,JPM,JPMorgan stock rallied on better-than-expected profit margins,positive,1.0,0.7984865972347909
2022-06-21,JPM,JPMorgan shares tumbled after announced layoffs amid cost cuts,negative,-1.0,-0.9099521255616623
2022-06-23,JPM,JPMorgan drops as it missed analyst earnings estimates,negative,-1.0,-0.920620592893839
2022-06-24,JPM,Analysts turn bullish on JPMorgan after better-than-expected revenue,positive,1.0,0.9103013046377398
2022-06-28,JPM,JPMorgan shares slumped after received an analyst downgrade,negative,-1.0,-0.8849808156165377
2022-06-30,JPM,JPMorgan drops as it cut its full-year guidance,negative,-1.0,-0.9070829065693289
2022-07-01,JPM,"JPMorgan announced a share buyback program, shares climb",positive,1.0,0.9511257592909502
2022-07-05,JPM,"JPMorgan missed analyst earnings estimates, shares slide",negative,-1.0,-0.8893052208705975
2022-07-11,JPM,"JPMorgan will report quarterly results next week, no major stock reaction",neutral,0.0,0.0004220553564752462
2022-07-14,JPM,"JPMorgan announced layoffs amid cost cuts, shares slide",negative,-1.0,-0.9434211505660666
2022-07-19,JPM,JPMorgan drops as it cut its full-year guidance,negative,-1.0,-0.9070829065693289
2022-07-22,JPM,JPMorgan drops as it missed analyst earnings estimates,negative,-1.0,-0.920620592893839
2022-07-22,JPM,JPMorgan stock sank on weak quarterly earnings,negative,-1.0,-0.7557378062519198
2022-07-25,JPM,JPMorgan drops as it faces a regulatory investigation,negative,-1.0,-0.9449840453570932
2022-07-28,JPM,"JPMorgan missed analyst earnings estimates, shares slide",negative,-1.0,-0.8893052208705975
2022-08-01,JPM,JPMorgan shares plunged after announced layoffs amid cost cuts,negative,-1.0,-0.8983001897309567
2022-08-03,JPM,Analysts turn cautious on JPMorgan after weak cash flow,negative,-1.0,-0.8731385255345797
2022-08-04,JPM,JPMorgan cash flow in line with expectations,neutral,0.0,0.0011399010850496293
2022-08-05,JPM,JPMorgan revenue in line with expectations,neutral,0.0,-0.0008493634384839667
2022-08-09,JPM,JPMorgan cash flow in line with expectations,neutral,0.0,0.0011399010850496293
2022-08-12,JPM,"JPMorgan unveiled a new product line to strong demand, shares climb",positive,1.0,0.9443970285125076
2022-08-17,JPM,JPMorgan stock dropped on troubling cash flow,negative,-1.0,-0.7814950796211728
2022-08-18,JPM,JPMorgan stock jumped on record quarterly earnings,positive,1.0,0.8723491391035469
2022-08-19,JPM,JPMorgan shares dropped after received an analyst downgrade,negative,-1.0,-0.8779096844026163
2022-08-24,JPM,JPMorgan to hold investor call on cash flow,neutral,0.0,-0.0007504526107068761
2022-08-25,JPM,Analysts turn cautious on JPMorgan after troubling cash flow,negative,0.0,-0.9099442405058312
2022-08-26,JPM,JPMorgan rallies as it reported record quarterly profit,positive,1.0,0.9624264853267871
2022-08-30,JPM,JPMorgan shares soared after raised its full-year guidance,positive,1.0,0.8379092723138978
2022-08-30,JPM,JPMorgan rallies as it raised its full-year guidance,positive,1.0,0.9219635805263035
2022-09-01,JPM,"JPMorgan warned of a demand slowdown, shares slide",negative,-1.0,-0.9493459611657844
2022-09-06,JPM,JPMorgan revenue in line with expectations,neutral,0.0,-0.0008493634384839667
2022-09-08,JPM,Analysts turn bullish on JPMorgan after record quarterly earnings,positive,1.0,0.939675638169269
2022-09-09,JPM,Analysts turn cautious on JPMorgan after soft guidance,negative,0.0,-0.9242943321088383
2022-09-12,JPM,JPMorgan stock fell on weak sales,negative,-1.0,-0.8512642531110908
2022-09-13,JPM,Analysts turn bullish on JPMorgan after record sales,positive,1.0,0.9090011745574812
2022-09-13,JPM,JPMorgan to hold investor call on guidance,neutral,0.0,0.0001682974264562969
2022-09-14,JPM,"JPMorgan unveiled a new product line to strong demand, shares climb",positive,1.0,0.9443970285125076
2022-09-15,JPM,JPMorgan quarterly earnings in line with expectations,neutral,0.0,0.004721602324584202
2022-09-16,JPM,JPMorgan stock sank on soft revenue,negative,-1.0,-0.7955734291635209
2022-09-19,JPM,Analysts turn cautious on JPMorgan after worse-than-expected revenue,negative,0.0,-0.9286462633230641
2022-09-23,JPM,"JPMorgan announced layoffs amid cost cuts, shares slide",negative,-1.0,-0.9434211505660666
2022-09-26,JPM,JPMorgan stock fell on soft revenue,negative,-1.0,-0.7859881789393248
2022-09-26,JPM,JPMorgan announced a change to its board of directors,neutral,0.0,0.0029029537829532645
2022-09-28,JPM,"JPMorgan held its annual shareholder meeting, no major stock reaction",neutral,0.0,-0.001165188328192502
2022-09-29,JPM,JPMorgan shares advanced after reported record quarterly profit,positive,1.0,0.9245109196806139
2022-09-29,JPM,"JPMorgan raised its full-year guidance, shares climb",positive,1.0,0.8863740378031044
2022-09-30,JPM,Analysts turn bullish on JPMorgan after better-than-expected guidance,positive,1.0,0.9237165341342929
2022-10-03,JPM,JPMorgan stock climbed on better-than-expected guidance,positive,1.0,0.8435322433590426
2022-10-06,JPM,JPMorgan drops as it received an analyst downgrade,negative,-1.0,-0.9370311742918107
2022-10-10,JPM,"JPMorgan faces a regulatory investigation, shares slide",negative,-1.0,-0.9550159873721856
2022-10-11,JPM,"JPMorgan unveiled a new product line to strong demand, shares climb",positive,1.0,0.9443970285125076
2022-10-12,JPM,JPMorgan stock climbed on record cash flow,positive,1.0,0.8007450889669008
2022-10-12,JPM,JPMorgan shares tumbled after faces a regulatory investigation,negative,-1.0,-0.8813202461985071
2022-10-14,JPM,JPMorgan stock soared on record revenue,positive,1.0,0.726954302048013
2022-10-20,JPM,JPMorgan shares dropped after received an analyst downgrade,negative,-1.0,-0.8779096844026163
2022-10-25,JPM,Analysts turn cautious on JPMorgan after soft quarterly earnings,negative,0.0,-0.8830753052777139
2022-10-28,JPM,JPMorgan shares trade flat as it will report quarterly results next week,neutral,0.0,0.0006611397625067468
2022-11-01,JPM,JPMorgan stock advanced on better-than-expected sales,positive,1.0,0.8232896472769022
2022-11-04,JPM,Analysts turn cautious on JPMorgan after disappointing revenue,negative,0.0,-0.9349022349939813
2022-11-08,JPM,Analysts turn bullish on JPMorgan after better-than-expected revenue,positive,1.0,0.9103013046377398
2022-11-09,JPM,JPMorgan drops as it received an analyst downgrade,negative,-1.0,-0.9370311742918107
2022-11-15,JPM,JPMorgan rallies as it unveiled a new product line to strong demand,positive,1.0,0.9413037794732412
2022-11-16,JPM,JPMorgan stock plunged on disappointing quarterly earnings,negative,-1.0,-0.7822578267716915
2022-11-22,JPM,JPMorgan rallies as it unveiled a new product line to strong demand,positive,1.0,0.9413037794732412
2022-11-28,JPM,JPMorgan shares advanced after unveiled a new product line to strong demand,positive,1.0,0.9143434914964573
2022-11-29,JPM,JPMorgan shares plunged after warned of a demand slowdown,negative,-1.0,-0.8636712807504805
2022-11-30,JPM,JPMorgan to hold investor call on guidance,neutral,0.0,0.0001682974264562969
2022-12-06,JPM,JPMorgan shares fell after received an analyst downgrade,negative,-1.0,-0.8626280582015047
2022-12-06,JPM,"JPMorgan raised its full-year guidance, shares climb",positive,1.0,0.8863740378031044
2022-12-09,JPM,Analysts turn bullish on JPMorgan after better-than-expected revenue,positive,1.0,0.9103013046377398
2022-12-14,JPM,JPMorgan rallies as it unveiled a new product line to strong demand,positive,1.0,0.9413037794732412
2022-12-20,JPM,Analysts turn bullish on JPMorgan after better-than-expected revenue,positive,1.0,0.9103013046377398
2022-12-22,JPM,JPMorgan cash flow in line with expectations,neutral,0.0,0.0011399010850496293
2022-12-23,JPM,JPMorgan shares surged after unveiled a new product line to strong demand,positive,1.0,0.9113904018431183
2022-12-28,JPM,JPMorgan drops as it received an analyst downgrade,negative,-1.0,-0.9370311742918107
2022-12-28,JPM,JPMorgan rallies as it received an analyst upgrade,positive,1.0,0.9156912776015669
2022-12-30,JPM,JPMorgan stock climbed on better-than-expected guidance,positive,1.0,0.8435322433590426
2022-12-30,JPM,JPMorgan rallies as it beat analyst earnings estimates,positive,1.0,0.9066695929568387
2023-01-10,JPM,JPMorgan stock sank on weak cash flow,negative,-1.0,-0.7569732273700382
2023-01-12,JPM,JPMorgan stock dropped on disappointing cash flow,negative,-1.0,-0.7911984505520562
2023-01-13,JPM,JPMorgan quarterly earnings in line with expectations,neutral,0.0,0.004721602324584202
2023-01-17,JPM,Analysts turn cautious on JPMorgan after disappointing cash flow,negative,0.0,-0.9094944983624058
2023-01-18,JPM,JPMorgan stock soared on record sales,positive,1.0,0.7681827902712036
2023-01-20,JPM,JPMorgan quarterly earnings in line with expectations,neutral,0.0,0.004721602324584202
2023-01-23,JPM,Analysts turn bullish on JPMorgan after robust revenue,positive,1.0,0.9146739249986159
2023-01-24,JPM,JPMorgan stock dropped on disappointing revenue,negative,-1.0,-0.835146545728965
2023-01-26,JPM,Analysts turn cautious on JPMorgan after disappointing revenue,negative,0.0,-0.9349022349939813
2023-01-27,JPM,Analysts turn cautious on JPMorgan after soft cash flow,negative,0.0,-0.9007516551308816
2023-01-27,JPM,JPMorgan to hold investor call on guidance,neutral,0.0,0.0001682974264562969
2023-01-30,JPM,Analysts turn cautious on JPMorgan after troubling guidance,negative,0.0,-0.9114460623588682
2023-02-01,JPM,"JPMorgan beat analyst earnings estimates, shares climb",positive,1.0,0.9055705999426806
2023-02-06,JPM,Analysts turn cautious on JPMorgan after worse-than-expected sales,negative,0.0,-0.9293676783429848
2023-02-06,JPM,JPMorgan shares dropped after warned of a demand slowdown,negative,-1.0,-0.9072353735953196
2023-02-07,JPM,JPMorgan stock climbed on record quarterly earnings,positive,1.0,0.8735272672350052
2023-02-08,JPM,"JPMorgan received an analyst downgrade, shares slide",negative,-1.0,-0.9367289769251841
2023-02-09,JPM,JPMorgan shares surged after received an analyst upgrade,positive,1.0,0.8158268527078231
2023-02-09,JPM,JPMorgan shares advanced after unveiled a new product line to strong demand,positive,1.0,0.9143434914964573
2023-02-13,JPM,JPMorgan stock tumbled on weak guidance,negative,-1.0,-0.8175432657334682
2023-02-13,JPM,JPMorgan shares surged after unveiled a new product line to strong demand,positive,1.0,0.9113904018431183
2023-02-14,JPM,JPMorgan shares climbed after received an analyst upgrade,positive,1.0,0.8617244351256481
2023-02-15,JPM,Analysts turn cautious on JPMorgan after weak quarterly earnings,negative,-1.0,-0.8749143059804654
2023-02-15,JPM,JPMorgan stock dropped on weak sales,negative,-1.0,-0.8031324985741257
2023-02-16,JPM,"JPMorgan unveiled a new product line to strong demand, shares climb",positive,1.0,0.9443970285125076
2023-02-16,JPM,Analysts turn bullish on JPMorgan after strong quarterly earnings,positive,1.0,0.9344076218660937
2023-02-17,JPM,JPMorgan drops as it cut its full-year guidance,negative,-1.0,-0.9070829065693289
2023-02-22,JPM,JPMorgan stock fell on worse-than-expected cash flow,negative,-1.0,-0.8650838818938048
2023-02-27,JPM,JPMorgan will report quarterly results next week,neutral,0.0,0.002199622978446808
2023-02-27,JPM,JPMorgan rallies as it announced a share buyback program,positive,1.0,0.953114849426443
2023-02-28,JPM,JPMorgan rallies as it announced a share buyback program,positive,1.0,0.953114849426443
2023-03-06,JPM,JPMorgan drops as it cut its full-year guidance,negative,-1.0,-0.9070829065693289
2023-03-07,JPM,JPMorgan rallies as it raised its full-year guidance,positive,1.0,0.9219635805263035
2023-03-09,JPM,"JPMorgan reported record quarterly profit, shares climb",positive,1.0,0.9595780804130292
2023-03-10,JPM,"JPMorgan reported record quarterly profit, shares climb",positive,1.0,0.9595780804130292
2023-03-14,JPM,JPMorgan shares slumped after faces a regulatory investigation,negative,-1.0,-0.9148456423673224
2023-03-20,JPM,Analysts turn bullish on JPMorgan after record revenue,positive,1.0,0.8882918818419233
2023-03-21,JPM,Analysts turn cautious on JPMorgan after disappointing guidance,negative,0.0,-0.9191709395613915
2023-03-21,JPM,"JPMorgan received an analyst upgrade, shares climb",positive,1.0,0.9183096966455315
2023-03-22,JPM,JPMorgan stock surged on resilient revenue,positive,1.0,0.8054944977232779
2023-03-23,JPM,JPMorgan stock rallied on record profit margins,positive,1.0,0.7811324067815628
2023-03-27,JPM,JPMorgan rallies as it unveiled a new product line to strong demand,positive,1.0,0.9413037794732412
2023-03-30,JPM,"JPMorgan reported record quarterly profit, shares climb",positive,1.0,0.9595780804130292
2023-04-03,JPM,JPMorgan drops as it warned of a demand slowdown,negative,-1.0,-0.9482772452180016
2023-04-04,JPM,JPMorgan shares plunged after received an analyst downgrade,negative,-1.0,-0.8169368641787339
2023-04-04,JPM,JPMorgan shares trade flat as it maintained its previous guidance,neutral,0.0,-0.00014048216540831285
2023-04-12,JPM,JPMorgan rallies as it raised its full-year guidance,positive,1.0,0.9219635805263035
2023-04-13,JPM,"JPMorgan will report quarterly results next week, no major stock reaction",neutral,0.0,0.0004220553564752462
2023-04-14,JPM,"JPMorgan raised its full-year guidance, shares climb",positive,1.0,0.8863740378031044
2023-04-17,JPM,JPMorgan to hold investor call on guidance,neutral,0.0,0.0001682974264562969
2023-04-19,JPM,JPMorgan stock rallied on robust sales,positive,1.0,0.8566527901070209
2023-04-20,JPM,"JPMorgan announced a change to its board of directors, no major stock reaction",neutral,0.0,0.0007637200967338872
2023-04-21,JPM,JPMorgan shares sank after cut its full-year guidance,negative,-1.0,-0.8266776519550475
2023-04-24,JPM,JPMorgan stock surged on resilient cash flow,positive,1.0,0.7740315867335971
2023-04-25,JPM,JPMorgan will report quarterly results next week,neutral,0.0,0.002199622978446808
2023-04-25,JPM,Analysts turn cautious on JPMorgan after troubling quarterly earnings,negative,0.0,-0.8859049830143293
2023-04-27,JPM,JPMorgan stock plunged on disappointing cash flow,negative,-1.0,-0.786543435996146
2023-05-01,JPM,JPMorgan cash flow in line with expectations,neutral,0.0,0.0011399010850496293
2023-05-01,JPM,JPMorgan stock climbed on record quarterly earnings,positive,1.0,0.8735272672350052
2023-05-04,JPM,JPMorgan shares trade flat as it held its annual shareholder meeting,neutral,0.0,-0.0008547445459817435
2023-05-05,JPM,Analysts turn bullish on JPMorgan after better-than-expected cash flow,positive,1.0,0.8946084943953163
2023-05-05,JPM,JPMorgan maintained its previous guidance,neutral,0.0,-0.00023858484574200076
2023-05-08,JPM,JPMorgan shares dropped after received an analyst downgrade,negative,-1.0,-0.8779096844026163
2023-05-08,JPM,JPMorgan shares dropped after cut its full-year guidance,negative,-1.0,-0.8177692316478999
2023-05-10,JPM,JPMorgan rallies as it received an analyst upgrade,positive,1.0,0.9156912776015669
2023-05-12,JPM,JPMorgan shares plunged after faces a regulatory investigation,negative,-1.0,-0.8821741714543485
2023-05-17,JPM,JPMorgan shares plunged after received an analyst downgrade,negative,-1.0,-0.8169368641787339
2023-05-18,JPM,JPMorgan stock fell on worse-than-expected revenue,negative,-1.0,-0.8767758751780368
2023-05-18,JPM,JPMorgan shares advanced after reported record quarterly profit,positive,1.0,0.9245109196806139
2023-05-19,JPM,"JPMorgan announced layoffs amid cost cuts, shares slide",negative,-1.0,-0.9434211505660666
2023-05-22,JPM,JPMorgan filed its routine quarterly disclosure,neutral,0.0,0.0014662889788112018
2023-05-24,JPM,"JPMorgan received an analyst upgrade, shares climb",positive,1.0,0.9183096966455315
2023-05-26,JPM,"JPMorgan received an analyst downgrade, shares slide",negative,-1.0,-0.9367289769251841
2023-06-02,JPM,JPMorgan quarterly earnings in line with expectations,neutral,0.0,0.004721602324584202
2023-06-02,JPM,JPMorgan drops as it faces a regulatory investigation,negative,-1.0,-0.9449840453570932
2023-06-12,JPM,JPMorgan shares tumbled after announced layoffs amid cost cuts,negative,-1.0,-0.9099521255616623
2023-06-12,JPM,JPMorgan rallies as it raised its full-year guidance,positive,1.0,0.9219635805263035
2023-06-14,JPM,JPMorgan stock slumped on troubling profit margins,negative,0.0,-0.8345152437051815
2023-06-15,JPM,"JPMorgan announced layoffs amid cost cuts, shares slide",negative,-1.0,-0.9434211505660666
2023-06-20,JPM,JPMorgan stock climbed on robust sales,positive,1.0,0.8464844790579793
2023-06-26,JPM,JPMorgan stock tumbled on soft revenue,negative,-1.0,-0.7984749357948849
2023-06-27,JPM,Analysts turn cautious on JPMorgan after worse-than-expected guidance,negative,0.0,-0.9145694605099445
2023-06-28,JPM,JPMorgan shares soared after received an analyst upgrade,positive,1.0,0.8512896188702358
2023-06-30,JPM,JPMorgan drops as it received an analyst downgrade,negative,-1.0,-0.9370311742918107
2023-07-03,JPM,JPMorgan shares climbed after received an analyst upgrade,positive,1.0,0.8617244351256481
2023-07-07,JPM,Analysts turn bullish on JPMorgan after record cash flow,positive,1.0,0.8973475018043653
2023-07-10,JPM,"JPMorgan unveiled a new product line to strong demand, shares climb",positive,1.0,0.9443970285125076
2023-07-12,JPM,Analysts turn bullish on JPMorgan after better-than-expected sales,positive,1.0,0.9064437852689068
2023-07-14,JPM,JPMorgan stock tumbled on worse-than-expected sales,negative,-1.0,-0.8655225821663295
2023-07-20,JPM,JPMorgan stock jumped on record sales,positive,1.0,0.8144500880775006
2023-07-25,JPM,JPMorgan shares trade flat as it maintained its previous guidance,neutral,0.0,-0.00014048216540831285
2023-07-26,JPM,"JPMorgan received an analyst upgrade, shares climb",positive,1.0,0.9183096966455315
2023-07-27,JPM,"JPMorgan received an analyst downgrade, shares slide",negative,-1.0,-0.9367289769251841
2023-07-28,JPM,JPMorgan rallies as it unveiled a new product line to strong demand,positive,1.0,0.9413037794732412
2023-07-31,JPM,JPMorgan stock dropped on soft profit margins,negative,0.0,-0.6973520470462167
2023-08-02,JPM,JPMorgan drops as it faces a regulatory investigation,negative,-1.0,-0.9449840453570932
2023-08-07,JPM,JPMorgan shares plunged after faces a regulatory investigation,negative,-1.0,-0.8821741714543485
2023-08-07,JPM,JPMorgan to hold investor call on guidance,neutral,0.0,0.0001682974264562969
2023-08-09,JPM,Analysts turn cautious on JPMorgan after disappointing cash flow,negative,0.0,-0.9094944983624058
2023-08-14,JPM,JPMorgan shares jumped after unveiled a new product line to strong demand,positive,1.0,0.9293964828530021
2023-08-15,JPM,JPMorgan stock soared on strong revenue,positive,1.0,0.836842210782722
2023-08-21,JPM,JPMorgan stock plunged on disappointing quarterly earnings,negative,-1.0,-0.7822578267716915
2023-08-21,JPM,Analysts turn cautious on JPMorgan after troubling quarterly earnings,negative,0.0,-0.8859049830143293
2023-08-22,JPM,JPMorgan stock sank on disappointing sales,negative,-1.0,-0.8153579536860406
2023-08-25,JPM,JPMorgan drops as it cut its full-year guidance,negative,-1.0,-0.9070829065693289
2023-08-25,JPM,"JPMorgan presented at an industry conference, no major stock reaction",neutral,0.0,-0.0009544160333742856
2023-08-30,JPM,"JPMorgan missed analyst earnings estimates, shares slide",negative,-1.0,-0.8893052208705975
2023-08-30,JPM,"JPMorgan held its annual shareholder meeting, no major stock reaction",neutral,0.0,-0.001165188328192502
2023-09-01,JPM,"JPMorgan filed its routine quarterly disclosure, no major stock reaction",neutral,0.0,0.00025544092148368017
2023-09-06,JPM,JPMorgan drops as it faces a regulatory investigation,negative,-1.0,-0.9449840453570932
2023-09-07,JPM,JPMorgan shares plunged after received an analyst downgrade,negative,-1.0,-0.8169368641787339
2023-09-07,JPM,Analysts turn bullish on JPMorgan after robust quarterly earnings,positive,1.0,0.9187334992718291
2023-09-08,JPM,"JPMorgan faces a regulatory investigation, shares slide",negative,-1.0,-0.9550159873721856
2023-09-08,JPM,Analysts turn bullish on JPMorgan after resilient revenue,positive,1.0,0.9118695943422391
2023-09-11,JPM,JPMorgan rallies as it reported record quarterly profit,positive,1.0,0.9624264853267871
2023-09-13,JPM,JPMorgan held its annual shareholder meeting,neutral,0.0,-0.0025201820187263843
2023-09-13,JPM,JPMorgan stock advanced on strong cash flow,positive,1.0,0.813167111915661
2023-09-15,JPM,"JPMorgan reported record quarterly profit, shares climb",positive,1.0,0.9595780804130292
2023-09-18,JPM,JPMorgan shares sank after announced layoffs amid cost cuts,negative,-1.0,-0.916268473443194
2023-09-20,JPM,Analysts turn cautious on JPMorgan after troubling cash flow,negative,0.0,-0.9099442405058312
2023-09-21,JPM,JPMorgan shares trade flat as it presented at an industry conference,neutral,0.0,-0.000624315198550985
2023-09-21,JPM,"JPMorgan raised its full-year guidance, shares climb",positive,1.0,0.8863740378031044
2023-09-22,JPM,JPMorgan to hold investor call on revenue,neutral,0.0,-0.002484263170371259
2023-09-25,JPM,Analysts turn bullish on JPMorgan after resilient cash flow,positive,1.0,0.8900838177220582
2023-09-25,JPM,Analysts turn bullish on JPMorgan after resilient profit margins,positive,1.0,0.8830262264722712
2023-09-26,JPM,JPMorgan shares rallied after beat analyst earnings estimates,positive,1.0,0.8792896878390954
2023-09-28,JPM,JPMorgan rallies as it beat analyst earnings estimates,positive,1.0,0.9066695929568387
2023-10-03,JPM,"JPMorgan received an analyst downgrade, shares slide",negative,-1.0,-0.9367289769251841
2023-10-10,JPM,"JPMorgan reported record quarterly profit, shares climb",positive,1.0,0.9595780804130292
2023-10-10,JPM,JPMorgan drops as it announced layoffs amid cost cuts,negative,-1.0,-0.9457147020112643
2023-10-11,JPM,JPMorgan shares soared after raised its full-year guidance,positive,1.0,0.8379092723138978
2023-10-12,JPM,JPMorgan rallies as it reported record quarterly profit,positive,1.0,0.9624264853267871
2023-10-18,JPM,JPMorgan rallies as it beat analyst earnings estimates,positive,1.0,0.9066695929568387
2023-10-18,JPM,JPMorgan shares climbed after reported record quarterly profit,positive,1.0,0.922735147120071
2023-10-19,JPM,"JPMorgan warned of a demand slowdown, shares slide",negative,-1.0,-0.9493459611657844
2023-10-26,JPM,JPMorgan held its annual shareholder meeting,neutral,0.0,-0.0025201820187263843
2023-10-30,JPM,JPMorgan stock sank on troubling profit margins,negative,0.0,-0.815117222896623
2023-11-02,JPM,Analysts turn cautious on JPMorgan after soft sales,negative,0.0,-0.9113483505657144
2023-11-03,JPM,JPMorgan rallies as it announced a share buyback program,positive,1.0,0.953114849426443
2023-11-07,JPM,JPMorgan rallies as it received an analyst upgrade,positive,1.0,0.9156912776015669
2023-11-10,JPM,"JPMorgan warned of a demand slowdown, shares slide",negative,-1.0,-0.9493459611657844
2023-11-13,JPM,"JPMorgan reported record quarterly profit, shares climb",positive,1.0,0.9595780804130292
2023-11-14,JPM,JPMorgan stock soared on robust quarterly earnings,positive,1.0,0.8046442617622398
2023-11-16,JPM,JPMorgan shares slumped after faces a regulatory investigation,negative,-1.0,-0.9148456423673224
2023-11-17,JPM,JPMorgan shares jumped after raised its full-year guidance,positive,1.0,0.8442841802909675
2023-11-20,JPM,JPMorgan shares climbed after received an analyst upgrade,positive,1.0,0.8617244351256481
2023-11-22,JPM,JPMorgan stock fell on worse-than-expected quarterly earnings,negative,-1.0,-0.8549584255274695
2023-11-24,JPM,JPMorgan drops as it announced layoffs amid cost cuts,negative,-1.0,-0.9457147020112643
2023-11-27,JPM,JPMorgan shares advanced after beat analyst earnings estimates,positive,1.0,0.8402839475251015
2023-11-28,JPM,Analysts turn cautious on JPMorgan after soft sales,negative,0.0,-0.9113483505657144
2023-11-30,JPM,JPMorgan will report quarterly results next week,neutral,0.0,0.002199622978446808
2023-12-01,JPM,"JPMorgan faces a regulatory investigation, shares slide",negative,-1.0,-0.9550159873721856
2023-12-05,JPM,JPMorgan drops as it announced layoffs amid cost cuts,negative,-1.0,-0.9457147020112643
2023-12-06,JPM,JPMorgan drops as it received an analyst downgrade,negative,-1.0,-0.9370311742918107
2023-12-11,JPM,Analysts turn cautious on JPMorgan after disappointing guidance,negative,0.0,-0.9191709395613915
2023-12-12,JPM,"JPMorgan unveiled a new product line to strong demand, shares climb",positive,1.0,0.9443970285125076
2023-12-12,JPM,JPMorgan drops as it cut its full-year guidance,negative,-1.0,-0.9070829065693289
2023-12-13,JPM,JPMorgan shares dropped after warned of a demand slowdown,negative,-1.0,-0.9072353735953196
2023-12-13,JPM,JPMorgan shares rallied after raised its full-year guidance,positive,1.0,0.8725549147206496
2023-12-14,JPM,"JPMorgan reported record quarterly profit, shares climb",positive,1.0,0.9595780804130292
2023-12-15,JPM,JPMorgan shares sank after warned of a demand slowdown,negative,-1.0,-0.8906169853494053
2023-12-18,JPM,JPMorgan drops as it missed analyst earnings estimates,negative,-1.0,-0.920620592893839
2023-12-19,JPM,"JPMorgan missed analyst earnings estimates, shares slide",negative,-1.0,-0.8893052208705975
2023-12-21,JPM,JPMorgan stock slumped on troubling revenue,negative,-1.0,-0.876406300397229
2023-12-28,JPM,JPMorgan stock fell on weak sales,negative,-1.0,-0.8512642531110908
2023-12-29,JPM,JPMorgan drops as it received an analyst downgrade,negative,-1.0,-0.9370311742918107
2023-12-29,JPM,JPMorgan shares plunged after missed analyst earnings estimates,negative,-1.0,-0.7992765699903515
2024-01-02,JPM,"JPMorgan received an analyst upgrade, shares climb",positive,1.0,0.9183096966455315
2024-01-03,JPM,Analysts turn bullish on JPMorgan after resilient quarterly earnings,positive,1.0,0.8941420919354583
2024-01-05,JPM,Analysts turn bullish on JPMorgan after better-than-expected quarterly earnings,positive,1.0,0.9031298701554924
2024-01-08,JPM,JPMorgan shares soared after unveiled a new product line to strong demand,positive,1.0,0.9227528480429626
2024-01-10,JPM,JPMorgan shares surged after raised its full-year guidance,positive,1.0,0.8261801197204192
2024-01-12,JPM,JPMorgan drops as it cut its full-year guidance,negative,-1.0,-0.9070829065693289
2024-01-17,JPM,Analysts turn bullish on JPMorgan after record cash flow,positive,1.0,0.8973475018043653
2024-01-18,JPM,JPMorgan shares trade flat as it presented at an industry conference,neutral,0.0,-0.000624315198550985
2024-01-19,JPM,JPMorgan shares tumbled after received an analyst downgrade,negative,-1.0,-0.8263062543551993
2024-01-23,JPM,JPMorgan shares dropped after announced layoffs amid cost cuts,negative,-1.0,-0.9218970264172184
2024-01-23,JPM,JPMorgan stock slumped on worse-than-expected revenue,negative,-1.0,-0.8772723830144086
2024-01-30,JPM,"JPMorgan presented at an industry conference, no major stock reaction",neutral,0.0,-0.0009544160333742856
2024-02-06,JPM,JPMorgan shares dropped after faces a regulatory investigation,negative,-1.0,-0.9036005179008597
2024-02-08,JPM,"JPMorgan filed its routine quarterly disclosure, no major stock reaction",neutral,0.0,0.00025544092148368017
2024-02-08,JPM,JPMorgan drops as it announced layoffs amid cost cuts,negative,-1.0,-0.9457147020112643
2024-02-09,JPM,"JPMorgan filed its routine quarterly disclosure, no major stock reaction",neutral,0.0,0.00025544092148368017
2024-02-12,JPM,JPMorgan shares plunged after warned of a demand slowdown,negative,-1.0,-0.8636712807504805
2024-02-13,JPM,JPMorgan will report quarterly results next week,neutral,0.0,0.002199622978446808
2024-02-14,JPM,"JPMorgan raised its full-year guidance, shares climb",positive,1.0,0.8863740378031044
2024-02-20,JPM,JPMorgan stock jumped on robust profit margins,positive,1.0,0.7866191757572276
2024-02-27,JPM,JPMorgan sales in line with expectations,neutral,0.0,0.0022324671581347294
2024-02-27,JPM,Analysts turn bullish on JPMorgan after record revenue,positive,1.0,0.8882918818419233
2024-02-29,JPM,JPMorgan shares sank after missed analyst earnings estimates,negative,-1.0,-0.8498929040652451
2024-02-29,JPM,Analysts turn cautious on JPMorgan after troubling cash flow,negative,0.0,-0.9099442405058312
2024-03-06,JPM,Analysts turn cautious on JPMorgan after troubling revenue,negative,0.0,-0.9257831195671091
2024-03-07,JPM,"JPMorgan presented at an industry conference, no major stock reaction",neutral,0.0,-0.0009544160333742856
2024-03-07,JPM,Analysts turn cautious on JPMorgan after soft quarterly earnings,negative,0.0,-0.8830753052777139
2024-03-12,JPM,"JPMorgan presented at an industry conference, no major stock reaction",neutral,0.0,-0.0009544160333742856
2024-03-14,JPM,JPMorgan stock plunged on weak sales,negative,-1.0,-0.7667236446173709
2024-03-15,JPM,JPMorgan stock sank on worse-than-expected sales,negative,-1.0,-0.8628052979076849
2024-03-18,JPM,JPMorgan profit margins in line with expectations,neutral,1.0,0.001149955372784589
2024-03-20,JPM,JPMorgan stock climbed on strong cash flow,positive,1.0,0.815483933632547
2024-03-21,JPM,Analysts turn bullish on JPMorgan after resilient cash flow,positive,1.0,0.8900838177220582
2024-03-21,JPM,"JPMorgan unveiled a new product line to strong demand, shares climb",positive,1.0,0.9443970285125076
2024-03-22,JPM,JPMorgan shares trade flat as it presented at an industry conference,neutral,0.0,-0.000624315198550985
2024-03-22,JPM,"JPMorgan cut its full-year guidance, shares slide",negative,-1.0,-0.9042131024455284
2024-03-26,JPM,JPMorgan stock tumbled on soft guidance,negative,-1.0,-0.810346895300637
2024-03-26,JPM,"JPMorgan reported record quarterly profit, shares climb",positive,1.0,0.9595780804130292
2024-03-28,JPM,JPMorgan shares tumbled after missed analyst earnings estimates,negative,-1.0,-0.8452501740872469
2024-04-01,JPM,JPMorgan drops as it announced layoffs amid cost cuts,negative,-1.0,-0.9457147020112643
2024-04-01,JPM,"JPMorgan warned of a demand slowdown, shares slide",negative,-1.0,-0.9493459611657844
2024-04-04,JPM,JPMorgan rallies as it reported record quarterly profit,positive,1.0,0.9624264853267871
2024-04-05,JPM,JPMorgan rallies as it received an analyst upgrade,positive,1.0,0.9156912776015669
2024-04-08,JPM,JPMorgan stock plunged on soft guidance,negative,-1.0,-0.7808153434637595
2024-04-09,JPM,JPMorgan shares plunged after faces a regulatory investigation,negative,-1.0,-0.8821741714543485
2024-04-10,JPM,JPMorgan shares trade flat as it will report quarterly results next week,neutral,0.0,0.0006611397625067468
2024-04-12,JPM,"JPMorgan held its annual shareholder meeting, no major stock reaction",neutral,0.0,-0.001165188328192502
2024-04-12,JPM,JPMorgan maintained its previous guidance,neutral,0.0,-0.00023858484574200076
2024-04-15,JPM,JPMorgan rallies as it received an analyst upgrade,positive,1.0,0.9156912776015669
2024-04-18,JPM,Analysts turn bullish on JPMorgan after record cash flow,positive,1.0,0.8973475018043653
2024-04-23,JPM,JPMorgan shares trade flat as it held its annual shareholder meeting,neutral,0.0,-0.0008547445459817435
2024-04-24,JPM,JPMorgan stock dropped on disappointing guidance,negative,-1.0,-0.8003114411167707
2024-04-24,JPM,JPMorgan to hold investor call on revenue,neutral,0.0,-0.002484263170371259
2024-04-25,JPM,JPMorgan shares tumbled after missed analyst earnings estimates,negative,-1.0,-0.8452501740872469
2024-04-26,JPM,JPMorgan rallies as it reported record quarterly profit,positive,1.0,0.9624264853267871
2024-04-29,JPM,"JPMorgan reported record quarterly profit, shares climb",positive,1.0,0.9595780804130292
2024-04-30,JPM,JPMorgan shares sank after received an analyst downgrade,negative,-1.0,-0.8516312709394454
2024-04-30,JPM,"JPMorgan cut its full-year guidance, shares slide",negative,-1.0,-0.9042131024455284
2024-05-01,JPM,"JPMorgan reported record quarterly profit, shares climb",positive,1.0,0.9595780804130292
2024-05-01,JPM,JPMorgan stock soared on better-than-expected revenue,positive,1.0,0.7808868247008656
2024-05-03,JPM,JPMorgan quarterly earnings in line with expectations,neutral,0.0,0.004721602324584202
2024-05-07,JPM,Analysts turn cautious on JPMorgan after worse-than-expected sales,negative,0.0,-0.9293676783429848
2024-05-09,JPM,JPMorgan shares advanced after received an analyst upgrade,positive,1.0,0.856662164995305
2024-05-15,JPM,"JPMorgan warned of a demand slowdown, shares slide",negative,-1.0,-0.9493459611657844
2024-05-20,JPM,JPMorgan announced a change to its board of directors,neutral,0.0,0.0029029537829532645
2024-05-22,JPM,JPMorgan shares tumbled after cut its full-year guidance,negative,-1.0,-0.8167177097036479
2024-05-24,JPM,JPMorgan stock sank on worse-than-expected cash flow,negative,-1.0,-0.8488687482259726
2024-05-30,JPM,Analysts turn bullish on JPMorgan after record quarterly earnings,positive,1.0,0.939675638169269
2024-05-30,JPM,"JPMorgan unveiled a new product line to strong demand, shares climb",positive,1.0,0.9443970285125076
2024-05-31,JPM,JPMorgan rallies as it unveiled a new product line to strong demand,positive,1.0,0.9413037794732412
2024-06-05,JPM,JPMorgan stock tumbled on weak revenue,negative,-1.0,-0.8549573818466413
2024-06-06,JPM,JPMorgan stock surged on resilient revenue,positive,1.0,0.8054944977232779
2024-06-06,JPM,JPMorgan shares climbed after unveiled a new product line to strong demand,positive,1.0,0.9189300390053258
2024-06-07,JPM,JPMorgan rallies as it beat analyst earnings estimates,positive,1.0,0.9066695929568387
2024-06-07,JPM,Analysts turn cautious on JPMorgan after disappointing guidance,negative,0.0,-0.9191709395613915
2024-06-10,JPM,JPMorgan stock advanced on robust revenue,positive,1.0,0.7960856606511492
2024-06-12,JPM,JPMorgan to hold investor call on guidance,neutral,0.0,0.0001682974264562969
2024-06-12,JPM,"JPMorgan announced a share buyback program, shares climb",positive,1.0,0.9511257592909502
2024-06-13,JPM,JPMorgan rallies as it announced a share buyback program,positive,1.0,0.953114849426443
2024-06-25,JPM,JPMorgan profit margins in line with expectations,neutral,1.0,0.001149955372784589
2024-06-26,JPM,JPMorgan to hold investor call on profit margins,neutral,1.0,-0.0009395924554203676
2024-06-26,JPM,JPMorgan rallies as it beat analyst earnings estimates,positive,1.0,0.9066695929568387
2024-06-27,JPM,Analysts turn cautious on JPMorgan after disappointing quarterly earnings,negative,0.0,-0.9099929058355293
2024-06-28,JPM,"JPMorgan announced layoffs amid cost cuts, shares slide",negative,-1.0,-0.9434211505660666
2024-07-02,JPM,Analysts turn cautious on JPMorgan after weak revenue,negative,-1.0,-0.9281260276078898
2024-07-02,JPM,JPMorgan drops as it cut its full-year guidance,negative,-1.0,-0.9070829065693289
2024-07-08,JPM,JPMorgan to hold investor call on revenue,neutral,0.0,-0.002484263170371259
2024-07-08,JPM,Analysts turn bullish on JPMorgan after better-than-expected profit margins,positive,1.0,0.8906664846989536
2024-07-09,JPM,"JPMorgan faces a regulatory investigation, shares slide",negative,-1.0,-0.9550159873721856
2024-07-12,JPM,"JPMorgan missed analyst earnings estimates, shares slide",negative,-1.0,-0.8893052208705975
2024-07-15,JPM,JPMorgan stock jumped on better-than-expected sales,positive,1.0,0.8192731406144234
2024-07-15,JPM,JPMorgan announced a change to its board of directors,neutral,0.0,0.0029029537829532645
2024-07-16,JPM,Analysts turn cautious on JPMorgan after troubling guidance,negative,0.0,-0.9114460623588682
2024-07-19,JPM,JPMorgan stock climbed on record guidance,positive,1.0,0.8202803741815086
2024-07-23,JPM,JPMorgan rallies as it beat analyst earnings estimates,positive,1.0,0.9066695929568387
2024-07-24,JPM,JPMorgan drops as it cut its full-year guidance,negative,-1.0,-0.9070829065693289
2024-07-25,JPM,Analysts turn cautious on JPMorgan after worse-than-expected guidance,negative,0.0,-0.9145694605099445
2024-07-25,JPM,JPMorgan rallies as it unveiled a new product line to strong demand,positive,1.0,0.9413037794732412
2024-07-26,JPM,JPMorgan shares tumbled after faces a regulatory investigation,negative,-1.0,-0.8813202461985071
2024-07-26,JPM,JPMorgan to hold investor call on guidance,neutral,0.0,0.0001682974264562969
2024-07-29,JPM,JPMorgan drops as it announced layoffs amid cost cuts,negative,-1.0,-0.9457147020112643
2024-08-02,JPM,JPMorgan shares trade flat as it maintained its previous guidance,neutral,0.0,-0.00014048216540831285
2024-08-05,JPM,JPMorgan shares trade flat as it will report quarterly results next week,neutral,0.0,0.0006611397625067468
2024-08-07,JPM,JPMorgan stock advanced on better-than-expected quarterly earnings,positive,1.0,0.8195535577510714
2024-08-08,JPM,JPMorgan stock tumbled on weak profit margins,negative,-0.3333333333333333,-0.8144880277854027
2024-08-08,JPM,JPMorgan stock soared on better-than-expected cash flow,positive,1.0,0.7555922871742641
2024-08-12,JPM,"JPMorgan maintained its previous guidance, no major stock reaction",neutral,0.0,-0.00038434411056384454
2024-08-13,JPM,JPMorgan shares plunged after missed analyst earnings estimates,negative,-1.0,-0.7992765699903515
2024-08-13,JPM,JPMorgan to hold investor call on revenue,neutral,0.0,-0.002484263170371259
2024-08-14,JPM,JPMorgan will report quarterly results next week,neutral,0.0,0.002199622978446808
2024-08-16,JPM,JPMorgan to hold investor call on revenue,neutral,0.0,-0.002484263170371259
2024-08-20,JPM,"JPMorgan beat analyst earnings estimates, shares climb",positive,1.0,0.9055705999426806
2024-08-20,JPM,JPMorgan shares rallied after unveiled a new product line to strong demand,positive,1.0,0.9425210674443655
2024-08-22,JPM,JPMorgan stock advanced on record guidance,positive,1.0,0.8286566001243002
2024-08-26,JPM,Analysts turn bullish on JPMorgan after record profit margins,positive,1.0,0.8796146713018638
2024-08-28,JPM,"JPMorgan faces a regulatory investigation, shares slide",negative,-1.0,-0.9550159873721856
2024-08-29,JPM,JPMorgan shares slumped after warned of a demand slowdown,negative,-1.0,-0.8955757559955978
2024-08-30,JPM,JPMorgan rallies as it reported record quarterly profit,positive,1.0,0.9624264853267871
2024-09-03,JPM,"JPMorgan received an analyst upgrade, shares climb",positive,1.0,0.9183096966455315
2024-09-04,JPM,JPMorgan stock soared on resilient quarterly earnings,positive,1.0,0.7822855032927855
2024-09-09,JPM,JPMorgan revenue in line with expectations,neutral,0.0,-0.0008493634384839667
2024-09-10,JPM,JPMorgan shares soared after reported record quarterly profit,positive,1.0,0.9505176525320792
2024-09-11,JPM,JPMorgan rallies as it received an analyst upgrade,positive,1.0,0.9156912776015669
2024-09-13,JPM,JPMorgan drops as it cut its full-year guidance,negative,-1.0,-0.9070829065693289
2024-09-16,JPM,"JPMorgan unveiled a new product line to strong demand, shares climb",positive,1.0,0.9443970285125076
2024-09-16,JPM,"JPMorgan held its annual shareholder meeting, no major stock reaction",neutral,0.0,-0.001165188328192502
2024-09-18,JPM,JPMorgan shares advanced after announced a share buyback program,positive,1.0,0.8981534576122372
2024-09-23,JPM,JPMorgan to hold investor call on cash flow,neutral,0.0,-0.0007504526107068761
2024-09-25,JPM,Analysts turn cautious on JPMorgan after troubling cash flow,negative,0.0,-0.9099442405058312
2024-09-27,JPM,JPMorgan rallies as it received an analyst upgrade,positive,1.0,0.9156912776015669
2024-10-01,JPM,Analysts turn cautious on JPMorgan after troubling quarterly earnings,negative,0.0,-0.8859049830143293
2024-10-02,JPM,Analysts turn cautious on JPMorgan after disappointing cash flow,negative,0.0,-0.9094944983624058
2024-10-04,JPM,JPMorgan shares tumbled after cut its full-year guidance,negative,-1.0,-0.8167177097036479
2024-10-04,JPM,Analysts turn bullish on JPMorgan after record sales,positive,1.0,0.9090011745574812
2024-10-08,JPM,JPMorgan stock sank on soft profit margins,negative,0.0,-0.7455009917995028
2024-10-08,JPM,JPMorgan shares trade flat as it will report quarterly results next week,neutral,0.0,0.0006611397625067468
2024-10-10,JPM,JPMorgan shares sank after received an analyst downgrade,negative,-1.0,-0.8516312709394454
2024-10-15,JPM,JPMorgan drops as it faces a regulatory investigation,negative,-1.0,-0.9449840453570932
2024-10-16,JPM,JPMorgan drops as it faces a regulatory investigation,negative,-1.0,-0.9449840453570932
2024-10-17,JPM,Analysts turn bullish on JPMorgan after robust revenue,positive,1.0,0.9146739249986159
2024-10-18,JPM,JPMorgan shares advanced after unveiled a new product line to strong demand,positive,1.0,0.9143434914964573
2024-10-21,JPM,Analysts turn bullish on JPMorgan after strong quarterly earnings,positive,1.0,0.9344076218660937
2024-10-22,JPM,JPMorgan shares tumbled after received an analyst downgrade,negative,-1.0,-0.8263062543551993
2024-10-25,JPM,JPMorgan guidance in line with expectations,neutral,0.0,0.002075966351090395
2024-10-28,JPM,JPMorgan shares trade flat as it presented at an industry conference,neutral,0.0,-0.000624315198550985
2024-10-30,JPM,JPMorgan to hold investor call on quarterly earnings,neutral,0.0,0.0020714251288045243
2024-10-30,JPM,"JPMorgan unveiled a new product line to strong demand, shares climb",positive,1.0,0.9443970285125076
2024-10-31,JPM,Analysts turn cautious on JPMorgan after soft quarterly earnings,negative,0.0,-0.8830753052777139
2024-11-01,JPM,JPMorgan shares jumped after announced a share buyback program,positive,1.0,0.9162331701832545
2024-11-04,JPM,JPMorgan stock slumped on weak sales,negative,-1.0,-0.8597045910540947
2024-11-05,JPM,JPMorgan shares rallied after announced a share buyback program,positive,1.0,0.9211758506860912
2024-11-11,JPM,"JPMorgan received an analyst upgrade, shares climb",positive,1.0,0.9183096966455315
2024-11-13,JPM,JPMorgan shares slumped after missed analyst earnings estimates,negative,-1.0,-0.8630614199014969
2024-11-14,JPM,JPMorgan cash flow in line with expectations,neutral,0.0,0.0011399010850496293
2024-11-15,JPM,Analysts turn cautious on JPMorgan after weak guidance,negative,-1.0,-0.9076312028687051
2024-11-18,JPM,"JPMorgan maintained its previous guidance, no major stock reaction",neutral,0.0,-0.00038434411056384454
2024-11-19,JPM,JPMorgan stock plunged on weak profit margins,negative,-0.3333333333333333,-0.7550141593757644
2024-11-19,JPM,JPMorgan shares jumped after beat analyst earnings estimates,positive,1.0,0.8677132759719327
2024-11-20,JPM,"JPMorgan faces a regulatory investigation, shares slide",negative,-1.0,-0.9550159873721856
2024-11-21,JPM,"JPMorgan received an analyst downgrade, shares slide",negative,-1.0,-0.9367289769251841
2024-11-22,JPM,JPMorgan shares trade flat as it will report quarterly results next week,neutral,0.0,0.0006611397625067468
2024-11-22,JPM,JPMorgan stock plunged on worse-than-expected guidance,negative,-1.0,-0.8056932892899029
2024-11-26,JPM,"JPMorgan received an analyst upgrade, shares climb",positive,1.0,0.9183096966455315
2024-11-27,JPM,JPMorgan stock climbed on robust revenue,positive,1.0,0.8123747200496603
2024-12-03,JPM,"JPMorgan faces a regulatory investigation, shares slide",negative,-1.0,-0.9550159873721856
2024-12-11,JPM,JPMorgan shares advanced after received an analyst upgrade,positive,1.0,0.856662164995305
2024-12-11,JPM,JPMorgan rallies as it unveiled a new product line to strong demand,positive,1.0,0.9413037794732412
2024-12-13,JPM,"JPMorgan raised its full-year guidance, shares climb",positive,1.0,0.8863740378031044
2024-12-16,JPM,JPMorgan stock plunged on troubling profit margins,negative,0.0,-0.7540880465917372
2024-12-18,JPM,Analysts turn cautious on JPMorgan after soft profit margins,negative,1.0,-0.8792579918968242
2024-12-19,JPM,JPMorgan shares rallied after announced a share buyback program,positive,1.0,0.9211758506860912
2024-12-19,JPM,Analysts turn cautious on JPMorgan after worse-than-expected sales,negative,0.0,-0.9293676783429848
2024-12-20,JPM,JPMorgan drops as it cut its full-year guidance,negative,-1.0,-0.9070829065693289
2024-12-27,JPM,JPMorgan shares dropped after warned of a demand slowdown,negative,-1.0,-0.9072353735953196
2024-12-27,JPM,Analysts turn cautious on JPMorgan after troubling revenue,negative,0.0,-0.9257831195671091
2024-12-31,JPM,"JPMorgan announced layoffs amid cost cuts, shares slide",negative,-1.0,-0.9434211505660666
2024-12-31,JPM,JPMorgan shares advanced after announced a share buyback program,positive,1.0,0.8981534576122372
2025-01-02,JPM,JPMorgan shares fell after faces a regulatory investigation,negative,-1.0,-0.8923732698224457
2025-01-08,JPM,JPMorgan rallies as it raised its full-year guidance,positive,1.0,0.9219635805263035
2025-01-08,JPM,JPMorgan drops as it announced layoffs amid cost cuts,negative,-1.0,-0.9457147020112643
2025-01-10,JPM,"JPMorgan reported record quarterly profit, shares climb",positive,1.0,0.9595780804130292
2025-01-14,JPM,Analysts turn bullish on JPMorgan after robust profit margins,positive,1.0,0.9027501429633421
2025-01-16,JPM,Analysts turn bullish on JPMorgan after robust cash flow,positive,1.0,0.9185274547748515
2025-01-17,JPM,JPMorgan drops as it faces a regulatory investigation,negative,-1.0,-0.9449840453570932
2025-01-27,JPM,JPMorgan sales in line with expectations,neutral,0.0,0.0022324671581347294
2025-01-29,JPM,JPMorgan shares trade flat as it announced a change to its board of directors,neutral,0.0,-0.00019510687842905564
2025-01-29,JPM,JPMorgan will report quarterly results next week,neutral,0.0,0.002199622978446808
2025-01-31,JPM,JPMorgan shares climbed after beat analyst earnings estimates,positive,1.0,0.8512846568220286
2025-02-04,JPM,Analysts turn bullish on JPMorgan after resilient revenue,positive,1.0,0.9118695943422391
2025-02-05,JPM,JPMorgan stock plunged on soft quarterly earnings,negative,-1.0,-0.7034282197442763
2025-02-07,JPM,JPMorgan shares advanced after reported record quarterly profit,positive,1.0,0.9245109196806139
2025-02-10,JPM,JPMorgan drops as it faces a regulatory investigation,negative,-1.0,-0.9449840453570932
2025-02-10,JPM,Analysts turn bullish on JPMorgan after resilient quarterly earnings,positive,1.0,0.8941420919354583
2025-02-12,JPM,Analysts turn cautious on JPMorgan after disappointing sales,negative,0.0,-0.9229534196844473
2025-02-12,JPM,Analysts turn bullish on JPMorgan after resilient cash flow,positive,1.0,0.8900838177220582
2025-02-13,JPM,JPMorgan drops as it missed analyst earnings estimates,negative,-1.0,-0.920620592893839
2025-02-14,JPM,Analysts turn bullish on JPMorgan after better-than-expected profit margins,positive,1.0,0.8906664846989536
2025-02-18,JPM,JPMorgan drops as it announced layoffs amid cost cuts,negative,-1.0,-0.9457147020112643
2025-02-19,JPM,JPMorgan rallies as it raised its full-year guidance,positive,1.0,0.9219635805263035
2025-02-20,JPM,Analysts turn bullish on JPMorgan after resilient revenue,positive,1.0,0.9118695943422391
2025-02-21,JPM,JPMorgan shares rallied after unveiled a new product line to strong demand,positive,1.0,0.9425210674443655
2025-02-25,JPM,"JPMorgan faces a regulatory investigation, shares slide",negative,-1.0,-0.9550159873721856
2025-02-26,JPM,JPMorgan stock climbed on resilient quarterly earnings,positive,1.0,0.8025977570390725
2025-02-27,JPM,JPMorgan stock surged on record revenue,positive,1.0,0.7933100353996977
2025-03-03,JPM,JPMorgan shares rallied after raised its full-year guidance,positive,1.0,0.8725549147206496
2025-03-07,JPM,JPMorgan stock fell on troubling guidance,negative,-1.0,-0.8232416916798776
2025-03-10,JPM,"JPMorgan received an analyst downgrade, shares slide",negative,-1.0,-0.9367289769251841
2025-03-11,JPM,"JPMorgan cut its full-year guidance, shares slide",negative,-1.0,-0.9042131024455284
2025-03-13,JPM,Analysts turn cautious on JPMorgan after worse-than-expected cash flow,negative,0.0,-0.9200340085717345
2025-03-19,JPM,"JPMorgan received an analyst upgrade, shares climb",positive,1.0,0.9183096966455315
2025-03-24,JPM,"JPMorgan cut its full-year guidance, shares slide",negative,-1.0,-0.9042131024455284
2025-03-25,JPM,"JPMorgan announced a change to its board of directors, no major stock reaction",neutral,0.0,0.0007637200967338872
2025-03-25,JPM,JPMorgan to hold investor call on sales,neutral,0.0,-0.00035601675813272393
2025-03-26,JPM,JPMorgan shares plunged after received an analyst downgrade,negative,-1.0,-0.8169368641787339
2025-03-28,JPM,JPMorgan shares trade flat as it announced a change to its board of directors,neutral,0.0,-0.00019510687842905564
2025-03-28,JPM,JPMorgan maintained its previous guidance,neutral,0.0,-0.00023858484574200076
2025-04-02,JPM,JPMorgan drops as it missed analyst earnings estimates,negative,-1.0,-0.920620592893839
2025-04-02,JPM,"JPMorgan beat analyst earnings estimates, shares climb",positive,1.0,0.9055705999426806
2025-04-03,JPM,JPMorgan stock jumped on better-than-expected revenue,positive,1.0,0.826565903255163
2025-04-03,JPM,JPMorgan to hold investor call on cash flow,neutral,0.0,-0.0007504526107068761
2025-04-04,JPM,JPMorgan stock rallied on better-than-expected cash flow,positive,1.0,0.8037986437846255
2025-04-07,JPM,JPMorgan rallies as it received an analyst upgrade,positive,1.0,0.9156912776015669
2025-04-09,JPM,JPMorgan stock slumped on weak guidance,negative,-1.0,-0.851894921208998
2025-04-09,JPM,"JPMorgan maintained its previous guidance, no major stock reaction",neutral,0.0,-0.00038434411056384454
2025-04-11,JPM,JPMorgan drops as it announced layoffs amid cost cuts,negative,-1.0,-0.9457147020112643
2025-04-11,JPM,JPMorgan rallies as it raised its full-year guidance,positive,1.0,0.9219635805263035
2025-04-15,JPM,"JPMorgan unveiled a new product line to strong demand, shares climb",positive,1.0,0.9443970285125076
2025-04-16,JPM,JPMorgan stock plunged on worse-than-expected quarterly earnings,negative,-1.0,-0.8104636622998841
2025-04-16,JPM,Analysts turn cautious on JPMorgan after worse-than-expected sales,negative,0.0,-0.9293676783429848
2025-04-17,JPM,Analysts turn bullish on JPMorgan after better-than-expected sales,positive,1.0,0.9064437852689068
2025-04-21,JPM,Analysts turn bullish on JPMorgan after better-than-expected quarterly earnings,positive,1.0,0.9031298701554924
2025-04-22,JPM,JPMorgan stock slumped on soft cash flow,negative,-1.0,-0.7817255363353348
2025-04-23,JPM,JPMorgan drops as it faces a regulatory investigation,negative,-1.0,-0.9449840453570932
2025-04-24,JPM,Analysts turn cautious on JPMorgan after soft profit margins,negative,1.0,-0.8792579918968242
2025-04-25,JPM,JPMorgan will report quarterly results next week,neutral,0.0,0.002199622978446808
2025-04-29,JPM,JPMorgan stock plunged on disappointing sales,negative,-1.0,-0.8053785982214038
2025-04-29,JPM,JPMorgan stock soared on strong profit margins,positive,1.0,0.812856850206397
2025-05-05,JPM,"JPMorgan announced a share buyback program, shares climb",positive,1.0,0.9511257592909502
2025-05-06,JPM,JPMorgan drops as it missed analyst earnings estimates,negative,-1.0,-0.920620592893839
2025-05-06,JPM,JPMorgan stock soared on record cash flow,positive,1.0,0.753303315055881
2025-05-07,JPM,JPMorgan to hold investor call on sales,neutral,0.0,-0.00035601675813272393
2025-05-13,JPM,"JPMorgan faces a regulatory investigation, shares slide",negative,-1.0,-0.9550159873721856
2025-05-14,JPM,JPMorgan to hold investor call on sales,neutral,0.0,-0.00035601675813272393
2025-05-14,JPM,Analysts turn cautious on JPMorgan after soft quarterly earnings,negative,0.0,-0.8830753052777139
2025-05-15,JPM,JPMorgan shares dropped after warned of a demand slowdown,negative,-1.0,-0.9072353735953196
2025-05-19,JPM,JPMorgan drops as it announced layoffs amid cost cuts,negative,-1.0,-0.9457147020112643
2025-05-19,JPM,JPMorgan to hold investor call on guidance,neutral,0.0,0.0001682974264562969
2025-05-22,JPM,Analysts turn cautious on JPMorgan after soft profit margins,negative,1.0,-0.8792579918968242
2025-05-23,JPM,JPMorgan drops as it missed analyst earnings estimates,negative,-1.0,-0.920620592893839
2025-05-27,JPM,"JPMorgan will report quarterly results next week, no major stock reaction",neutral,0.0,0.0004220553564752462
2025-05-27,JPM,JPMorgan shares trade flat as it announced a change to its board of directors,neutral,0.0,-0.00019510687842905564
2025-05-28,JPM,JPMorgan drops as it received an analyst downgrade,negative,-1.0,-0.9370311742918107
2025-05-28,JPM,JPMorgan rallies as it received an analyst upgrade,positive,1.0,0.9156912776015669
2025-05-29,JPM,JPMorgan shares soared after raised its full-year guidance,positive,1.0,0.8379092723138978
2025-05-30,JPM,JPMorgan shares trade flat as it presented at an industry conference,neutral,0.0,-0.000624315198550985
2025-06-02,JPM,JPMorgan stock rallied on resilient cash flow,positive,1.0,0.7739356721951739
2025-06-03,JPM,JPMorgan shares trade flat as it held its annual shareholder meeting,neutral,0.0,-0.0008547445459817435
2025-06-04,JPM,JPMorgan filed its routine quarterly disclosure,neutral,0.0,0.0014662889788112018
2025-06-04,JPM,JPMorgan stock plunged on soft guidance,negative,-1.0,-0.7808153434637595
2025-06-06,JPM,"JPMorgan beat analyst earnings estimates, shares climb",positive,1.0,0.9055705999426806
2025-06-06,JPM,"JPMorgan presented at an industry conference, no major stock reaction",neutral,0.0,-0.0009544160333742856
2025-06-10,JPM,JPMorgan stock jumped on robust guidance,positive,1.0,0.8438762268011767
2025-06-13,JPM,"JPMorgan unveiled a new product line to strong demand, shares climb",positive,1.0,0.9443970285125076
2025-06-16,JPM,Analysts turn cautious on JPMorgan after troubling quarterly earnings,negative,0.0,-0.8859049830143293
2025-06-20,JPM,JPMorgan to hold investor call on guidance,neutral,0.0,0.0001682974264562969
2025-06-24,JPM,JPMorgan cash flow in line with expectations,neutral,0.0,0.0011399010850496293
2025-06-25,JPM,JPMorgan to hold investor call on profit margins,neutral,1.0,-0.0009395924554203676
2025-06-25,JPM,JPMorgan stock sank on soft revenue,negative,-1.0,-0.7955734291635209
2025-06-30,JPM,Analysts turn cautious on JPMorgan after worse-than-expected revenue,negative,0.0,-0.9286462633230641
2025-07-01,JPM,JPMorgan shares dropped after faces a regulatory investigation,negative,-1.0,-0.9036005179008597
2025-07-03,JPM,Analysts turn bullish on JPMorgan after robust sales,positive,1.0,0.9322723817997187
2025-07-07,JPM,JPMorgan rallies as it beat analyst earnings estimates,positive,1.0,0.9066695929568387
2025-07-08,JPM,"JPMorgan filed its routine quarterly disclosure, no major stock reaction",neutral,0.0,0.00025544092148368017
2025-07-11,JPM,"JPMorgan announced a share buyback program, shares climb",positive,1.0,0.9511257592909502
2025-07-11,JPM,"JPMorgan missed analyst earnings estimates, shares slide",negative,-1.0,-0.8893052208705975
2025-07-15,JPM,JPMorgan rallies as it reported record quarterly profit,positive,1.0,0.9624264853267871
2025-07-15,JPM,JPMorgan shares advanced after raised its full-year guidance,positive,1.0,0.8227920450665587
2025-07-16,JPM,JPMorgan cash flow in line with expectations,neutral,0.0,0.0011399010850496293
2025-07-17,JPM,JPMorgan held its annual shareholder meeting,neutral,0.0,-0.0025201820187263843
2025-07-18,JPM,JPMorgan shares slumped after received an analyst downgrade,negative,-1.0,-0.8849808156165377
2025-07-21,JPM,JPMorgan stock soared on resilient profit margins,positive,1.0,0.7608140349576651
2025-07-21,JPM,JPMorgan guidance in line with expectations,neutral,0.0,0.002075966351090395
2025-07-22,JPM,JPMorgan shares trade flat as it maintained its previous guidance,neutral,0.0,-0.00014048216540831285
2025-07-23,JPM,Analysts turn bullish on JPMorgan after strong profit margins,positive,1.0,0.9072436515751021
2025-07-24,JPM,"JPMorgan received an analyst upgrade, shares climb",positive,1.0,0.9183096966455315
2025-07-25,JPM,JPMorgan held its annual shareholder meeting,neutral,0.0,-0.0025201820187263843
2025-07-25,JPM,Analysts turn cautious on JPMorgan after troubling revenue,negative,0.0,-0.9257831195671091
2025-07-29,JPM,"JPMorgan maintained its previous guidance, no major stock reaction",neutral,0.0,-0.00038434411056384454
2025-08-01,JPM,JPMorgan stock slumped on troubling sales,negative,-1.0,-0.8655383824106639
2025-08-04,JPM,JPMorgan announced a change to its board of directors,neutral,0.0,0.0029029537829532645
2025-08-05,JPM,JPMorgan stock rallied on record quarterly earnings,positive,1.0,0.8798909538230053
2025-08-05,JPM,"JPMorgan announced layoffs amid cost cuts, shares slide",negative,-1.0,-0.9434211505660666
2025-08-06,JPM,JPMorgan stock soared on robust revenue,positive,1.0,0.7906109731166043
2025-08-11,JPM,Analysts turn cautious on JPMorgan after weak cash flow,negative,-1.0,-0.8731385255345797
2025-08-11,JPM,"JPMorgan received an analyst upgrade, shares climb",positive,1.0,0.9183096966455315
2025-08-12,JPM,JPMorgan shares advanced after beat analyst earnings estimates,positive,1.0,0.8402839475251015
2025-08-15,JPM,JPMorgan drops as it warned of a demand slowdown,negative,-1.0,-0.9482772452180016
2025-08-18,JPM,JPMorgan shares plunged after cut its full-year guidance,negative,-1.0,-0.8051813955856636
2025-08-18,JPM,"JPMorgan missed analyst earnings estimates, shares slide",negative,-1.0,-0.8893052208705975
2025-08-19,JPM,JPMorgan rallies as it received an analyst upgrade,positive,1.0,0.9156912776015669
2025-08-20,JPM,JPMorgan shares plunged after faces a regulatory investigation,negative,-1.0,-0.8821741714543485
2025-08-25,JPM,"JPMorgan cut its full-year guidance, shares slide",negative,-1.0,-0.9042131024455284
2025-08-26,JPM,JPMorgan rallies as it unveiled a new product line to strong demand,positive,1.0,0.9413037794732412
2025-08-27,JPM,JPMorgan drops as it warned of a demand slowdown,negative,-1.0,-0.9482772452180016
2025-08-29,JPM,JPMorgan stock jumped on resilient cash flow,positive,1.0,0.7457460048013658
2025-09-02,JPM,"JPMorgan missed analyst earnings estimates, shares slide",negative,-1.0,-0.8893052208705975
2025-09-03,JPM,Analysts turn cautious on JPMorgan after worse-than-expected sales,negative,0.0,-0.9293676783429848
2025-09-03,JPM,"JPMorgan faces a regulatory investigation, shares slide",negative,-1.0,-0.9550159873721856
2025-09-04,JPM,JPMorgan drops as it faces a regulatory investigation,negative,-1.0,-0.9449840453570932
2025-09-05,JPM,JPMorgan shares dropped after cut its full-year guidance,negative,-1.0,-0.8177692316478999
2025-09-08,JPM,JPMorgan rallies as it raised its full-year guidance,positive,1.0,0.9219635805263035
2025-09-09,JPM,JPMorgan rallies as it unveiled a new product line to strong demand,positive,1.0,0.9413037794732412
2025-09-12,JPM,JPMorgan shares surged after received an analyst upgrade,positive,1.0,0.8158268527078231
2025-09-18,JPM,JPMorgan drops as it cut its full-year guidance,negative,-1.0,-0.9070829065693289
2025-09-19,JPM,"JPMorgan received an analyst downgrade, shares slide",negative,-1.0,-0.9367289769251841
2025-09-23,JPM,JPMorgan stock surged on record revenue,positive,1.0,0.7933100353996977
2025-09-24,JPM,JPMorgan stock dropped on disappointing revenue,negative,-1.0,-0.835146545728965
2025-10-06,JPM,JPMorgan drops as it faces a regulatory investigation,negative,-1.0,-0.9449840453570932
2025-10-08,JPM,JPMorgan stock sank on disappointing quarterly earnings,negative,-1.0,-0.79316593784389
2025-10-09,JPM,Analysts turn cautious on JPMorgan after disappointing cash flow,negative,0.0,-0.9094944983624058
2025-10-09,JPM,Analysts turn bullish on JPMorgan after strong cash flow,positive,1.0,0.9097763381427011
2025-10-13,JPM,JPMorgan shares climbed after raised its full-year guidance,positive,1.0,0.8271970256876082
2025-10-14,JPM,"JPMorgan warned of a demand slowdown, shares slide",negative,-1.0,-0.9493459611657844
2025-10-15,JPM,JPMorgan revenue in line with expectations,neutral,0.0,-0.0008493634384839667
2025-10-15,JPM,"JPMorgan beat analyst earnings estimates, shares climb",positive,1.0,0.9055705999426806
2025-10-17,JPM,JPMorgan stock tumbled on troubling cash flow,negative,-1.0,-0.8314289426449919
2025-10-21,JPM,JPMorgan stock jumped on strong guidance,positive,1.0,0.8305893971141739
2025-10-27,JPM,JPMorgan stock fell on troubling guidance,negative,-1.0,-0.8232416916798776
2025-10-27,JPM,JPMorgan stock tumbled on disappointing revenue,negative,-1.0,-0.8641024579944503
2025-10-29,JPM,JPMorgan stock slumped on troubling revenue,negative,-1.0,-0.876406300397229
2025-10-30,JPM,"JPMorgan received an analyst downgrade, shares slide",negative,-1.0,-0.9367289769251841
2025-10-31,JPM,JPMorgan shares dropped after received an analyst downgrade,negative,-1.0,-0.8779096844026163
2025-11-05,JPM,JPMorgan filed its routine quarterly disclosure,neutral,0.0,0.0014662889788112018
2025-11-13,JPM,JPMorgan stock fell on soft sales,negative,-1.0,-0.7791521238202923
2025-11-13,JPM,Analysts turn cautious on JPMorgan after troubling quarterly earnings,negative,0.0,-0.8859049830143293
2025-11-14,JPM,"JPMorgan faces a regulatory investigation, shares slide",negative,-1.0,-0.9550159873721856
2025-11-25,JPM,"JPMorgan announced a change to its board of directors, no major stock reaction",neutral,0.0,0.0007637200967338872
2025-11-26,JPM,JPMorgan shares rallied after beat analyst earnings estimates,positive,1.0,0.8792896878390954
2025-11-28,JPM,JPMorgan rallies as it unveiled a new product line to strong demand,positive,1.0,0.9413037794732412
2025-12-01,JPM,JPMorgan stock rallied on robust sales,positive,1.0,0.8566527901070209
2025-12-03,JPM,JPMorgan stock slumped on disappointing guidance,negative,-1.0,-0.8684203767491177
2025-12-03,JPM,JPMorgan shares rallied after announced a share buyback program,positive,1.0,0.9211758506860912
2025-12-04,JPM,JPMorgan shares tumbled after cut its full-year guidance,negative,-1.0,-0.8167177097036479
2025-12-05,JPM,JPMorgan stock tumbled on disappointing revenue,negative,-1.0,-0.8641024579944503
2025-12-10,JPM,"JPMorgan beat analyst earnings estimates, shares climb",positive,1.0,0.9055705999426806
2025-12-11,JPM,Analysts turn bullish on JPMorgan after robust profit margins,positive,1.0,0.9027501429633421
2025-12-12,JPM,JPMorgan stock jumped on resilient sales,positive,1.0,0.7648406423086239
2025-12-16,JPM,JPMorgan rallies as it announced a share buyback program,positive,1.0,0.953114849426443
2025-12-16,JPM,JPMorgan rallies as it received an analyst upgrade,positive,1.0,0.9156912776015669
2025-12-18,JPM,Analysts turn cautious on JPMorgan after worse-than-expected sales,negative,0.0,-0.9293676783429848
2025-12-22,JPM,JPMorgan stock jumped on better-than-expected profit margins,positive,1.0,0.7925685298153772
2025-12-23,JPM,JPMorgan shares sank after missed analyst earnings estimates,negative,-1.0,-0.8498929040652451
2025-12-24,JPM,JPMorgan presented at an industry conference,neutral,0.0,-0.0019605288410158503
2025-12-24,JPM,JPMorgan drops as it warned of a demand slowdown,negative,-1.0,-0.9482772452180016
2025-12-29,JPM,JPMorgan shares trade flat as it held its annual shareholder meeting,neutral,0.0,-0.0008547445459817435
2025-12-30,JPM,JPMorgan rallies as it announced a share buyback program,positive,1.0,0.953114849426443
2025-12-31,JPM,JPMorgan cash flow in line with expectations,neutral,0.0,0.0011399010850496293
2026-01-02,JPM,JPMorgan stock dropped on disappointing revenue,negative,-1.0,-0.835146545728965
2026-01-02,JPM,Analysts turn bullish on JPMorgan after strong cash flow,positive,1.0,0.9097763381427011
2026-01-05,JPM,JPMorgan stock surged on resilient profit margins,positive,1.0,0.7614930586004636
2026-01-06,JPM,"JPMorgan announced a share buyback program, shares climb",positive,1.0,0.9511257592909502
2026-01-07,JPM,Analysts turn cautious on JPMorgan after worse-than-expected quarterly earnings,negative,0.0,-0.9144387363752317
2026-01-09,JPM,JPMorgan stock advanced on resilient guidance,positive,1.0,0.766180264826605
2026-01-12,JPM,JPMorgan stock fell on worse-than-expected quarterly earnings,negative,-1.0,-0.8549584255274695
2026-01-16,JPM,JPMorgan shares trade flat as it filed its routine quarterly disclosure,neutral,0.0,0.0005010150106437971
2026-01-20,JPM,JPMorgan stock advanced on strong guidance,positive,1.0,0.8536396997597486
2026-01-21,JPM,JPMorgan drops as it missed analyst earnings estimates,negative,-1.0,-0.920620592893839
2026-01-21,JPM,JPMorgan to hold investor call on guidance,neutral,0.0,0.0001682974264562969
2026-01-26,JPM,JPMorgan shares climbed after unveiled a new product line to strong demand,positive,1.0,0.9189300390053258
2026-01-27,JPM,JPMorgan shares plunged after missed analyst earnings estimates,negative,-1.0,-0.7992765699903515
2026-01-28,JPM,JPMorgan rallies as it beat analyst earnings estimates,positive,1.0,0.9066695929568387
2026-01-29,JPM,JPMorgan to hold investor call on quarterly earnings,neutral,0.0,0.0020714251288045243
2026-01-29,JPM,JPMorgan rallies as it reported record quarterly profit,positive,1.0,0.9624264853267871
2026-01-30,JPM,Analysts turn bullish on JPMorgan after robust guidance,positive,1.0,0.936325828607165
2026-02-02,JPM,JPMorgan shares dropped after cut its full-year guidance,negative,-1.0,-0.8177692316478999
2026-02-02,JPM,Analysts turn bullish on JPMorgan after strong quarterly earnings,positive,1.0,0.9344076218660937
2026-02-03,JPM,JPMorgan drops as it warned of a demand slowdown,negative,-1.0,-0.9482772452180016
2026-02-04,JPM,JPMorgan rallies as it unveiled a new product line to strong demand,positive,1.0,0.9413037794732412
2026-02-06,JPM,JPMorgan stock climbed on resilient cash flow,positive,1.0,0.7973741978038212
2026-02-06,JPM,"JPMorgan held its annual shareholder meeting, no major stock reaction",neutral,0.0,-0.001165188328192502
2026-02-11,JPM,JPMorgan rallies as it unveiled a new product line to strong demand,positive,1.0,0.9413037794732412
2026-02-17,JPM,Analysts turn bullish on JPMorgan after resilient quarterly earnings,positive,1.0,0.8941420919354583
2026-02-17,JPM,JPMorgan stock jumped on strong profit margins,positive,1.0,0.7837965890831554
2026-02-19,JPM,JPMorgan stock advanced on record cash flow,positive,1.0,0.809064005456573
2026-02-20,JPM,JPMorgan shares slumped after received an analyst downgrade,negative,-1.0,-0.8849808156165377
2026-02-24,JPM,"JPMorgan announced a change to its board of directors, no major stock reaction",neutral,0.0,0.0007637200967338872
2026-02-27,JPM,Analysts turn bullish on JPMorgan after better-than-expected revenue,positive,1.0,0.9103013046377398
2026-02-27,JPM,JPMorgan drops as it announced layoffs amid cost cuts,negative,-1.0,-0.9457147020112643
2026-03-02,JPM,JPMorgan stock climbed on strong profit margins,positive,1.0,0.811665793527259
2026-03-03,JPM,"JPMorgan warned of a demand slowdown, shares slide",negative,-1.0,-0.9493459611657844
2026-03-06,JPM,"JPMorgan will report quarterly results next week, no major stock reaction",neutral,0.0,0.0004220553564752462
2026-03-10,JPM,JPMorgan rallies as it unveiled a new product line to strong demand,positive,1.0,0.9413037794732412
2026-03-12,JPM,JPMorgan drops as it received an analyst downgrade,negative,-1.0,-0.9370311742918107
2026-03-12,JPM,Analysts turn cautious on JPMorgan after disappointing cash flow,negative,0.0,-0.9094944983624058
2026-03-13,JPM,Analysts turn bullish on JPMorgan after robust quarterly earnings,positive,1.0,0.9187334992718291
2026-03-19,JPM,JPMorgan drops as it warned of a demand slowdown,negative,-1.0,-0.9482772452180016
2026-03-19,JPM,Analysts turn bullish on JPMorgan after better-than-expected quarterly earnings,positive,1.0,0.9031298701554924
2026-03-20,JPM,"JPMorgan cut its full-year guidance, shares slide",negative,-1.0,-0.9042131024455284
2026-03-23,JPM,JPMorgan drops as it missed analyst earnings estimates,negative,-1.0,-0.920620592893839
2026-03-24,JPM,JPMorgan to hold investor call on cash flow,neutral,0.0,-0.0007504526107068761
2026-03-25,JPM,"JPMorgan reported record quarterly profit, shares climb",positive,1.0,0.9595780804130292
2026-03-27,JPM,Analysts turn cautious on JPMorgan after weak revenue,negative,-1.0,-0.9281260276078898
2026-03-27,JPM,JPMorgan rallies as it unveiled a new product line to strong demand,positive,1.0,0.9413037794732412
2026-03-31,JPM,JPMorgan stock slumped on disappointing profit margins,negative,0.0,-0.8560063429556252
2026-03-31,JPM,JPMorgan drops as it missed analyst earnings estimates,negative,-1.0,-0.920620592893839
2026-04-02,JPM,Analysts turn bullish on JPMorgan after resilient revenue,positive,1.0,0.9118695943422391
2026-04-06,JPM,JPMorgan drops as it warned of a demand slowdown,negative,-1.0,-0.9482772452180016
2026-04-08,JPM,Analysts turn bullish on JPMorgan after resilient quarterly earnings,positive,1.0,0.8941420919354583
2026-04-09,JPM,JPMorgan stock jumped on robust sales,positive,1.0,0.8366533137150831
2026-04-13,JPM,JPMorgan rallies as it beat analyst earnings estimates,positive,1.0,0.9066695929568387
2026-04-14,JPM,JPMorgan stock fell on soft revenue,negative,-1.0,-0.7859881789393248
2026-04-16,JPM,"JPMorgan cut its full-year guidance, shares slide",negative,-1.0,-0.9042131024455284
2026-04-16,JPM,JPMorgan to hold investor call on profit margins,neutral,1.0,-0.0009395924554203676
2026-04-17,JPM,JPMorgan revenue in line with expectations,neutral,0.0,-0.0008493634384839667
2026-04-20,JPM,JPMorgan shares sank after missed analyst earnings estimates,negative,-1.0,-0.8498929040652451
2026-04-27,JPM,JPMorgan drops as it received an analyst downgrade,negative,-1.0,-0.9370311742918107
2026-04-27,JPM,JPMorgan shares soared after received an analyst upgrade,positive,1.0,0.8512896188702358
2026-04-30,JPM,JPMorgan stock soared on better-than-expected quarterly earnings,positive,1.0,0.7714422178990988
2026-05-05,JPM,JPMorgan stock advanced on robust guidance,positive,1.0,0.8393391145417524
2026-05-07,JPM,JPMorgan stock sank on worse-than-expected cash flow,negative,-1.0,-0.8488687482259726
2026-05-11,JPM,"JPMorgan faces a regulatory investigation, shares slide",negative,-1.0,-0.9550159873721856
2026-05-11,JPM,JPMorgan will report quarterly results next week,neutral,0.0,0.002199622978446808
2026-05-13,JPM,JPMorgan shares fell after warned of a demand slowdown,negative,-1.0,-0.8833371158788658
2026-05-14,JPM,JPMorgan rallies as it reported record quarterly profit,positive,1.0,0.9624264853267871
2026-05-15,JPM,Analysts turn cautious on JPMorgan after disappointing cash flow,negative,0.0,-0.9094944983624058
2026-05-19,JPM,Analysts turn cautious on JPMorgan after troubling quarterly earnings,negative,0.0,-0.8859049830143293
2026-05-20,JPM,JPMorgan announced a change to its board of directors,neutral,0.0,0.0029029537829532645
2026-05-26,JPM,"JPMorgan announced a share buyback program, shares climb",positive,1.0,0.9511257592909502
2026-05-27,JPM,Analysts turn bullish on JPMorgan after strong guidance,positive,1.0,0.9346218537467793
2026-05-28,JPM,Analysts turn cautious on JPMorgan after weak sales,negative,-1.0,-0.9120129495220216
2026-06-02,JPM,JPMorgan shares dropped after warned of a demand slowdown,negative,-1.0,-0.9072353735953196
2026-06-03,JPM,JPMorgan drops as it announced layoffs amid cost cuts,negative,-1.0,-0.9457147020112643
2026-06-04,JPM,JPMorgan shares surged after received an analyst upgrade,positive,1.0,0.8158268527078231
2026-06-05,JPM,JPMorgan stock plunged on worse-than-expected revenue,negative,-1.0,-0.8357745881756105
2026-06-09,JPM,JPMorgan stock soared on record profit margins,positive,1.0,0.7221900372978353
2026-06-09,JPM,JPMorgan rallies as it unveiled a new product line to strong demand,positive,1.0,0.9413037794732412
2026-06-16,JPM,JPMorgan drops as it warned of a demand slowdown,negative,-1.0,-0.9482772452180016
2026-06-17,JPM,JPMorgan stock advanced on strong quarterly earnings,positive,1.0,0.8574235272567277
2026-06-17,JPM,JPMorgan stock slumped on worse-than-expected profit margins,negative,0.0,-0.8556182330848133
2026-06-18,JPM,JPMorgan shares trade flat as it filed its routine quarterly disclosure,neutral,0.0,0.0005010150106437971
2026-06-23,JPM,JPMorgan stock dropped on soft revenue,negative,-1.0,-0.7506266727410659
2026-06-24,JPM,JPMorgan to hold investor call on profit margins,neutral,1.0,-0.0009395924554203676
2026-06-25,JPM,JPMorgan rallies as it received an analyst upgrade,positive,1.0,0.9156912776015669
2026-06-26,JPM,"JPMorgan cut its full-year guidance, shares slide",negative,-1.0,-0.9042131024455284
2026-06-29,JPM,JPMorgan stock climbed on robust quarterly earnings,positive,1.0,0.824387174407926
2026-06-29,JPM,JPMorgan announced a change to its board of directors,neutral,0.0,0.0029029537829532645
2026-06-30,JPM,JPMorgan rallies as it beat analyst earnings estimates,positive,1.0,0.9066695929568387
2026-06-30,JPM,JPMorgan shares trade flat as it filed its routine quarterly disclosure,neutral,0.0,0.0005010150106437971
2026-07-02,JPM,"JPMorgan beat analyst earnings estimates, shares climb",positive,1.0,0.9055705999426806
2021-07-06,XOM,Exxon Mobil shares fell after warned of a demand slowdown,negative,-1.0,-0.8696455875041058
2021-07-08,XOM,Exxon Mobil stock rallied on robust guidance,positive,1.0,0.8506669453015923
2021-07-09,XOM,"Exxon Mobil announced a share buyback program, shares climb",positive,1.0,0.9391785863517449
2021-07-12,XOM,Exxon Mobil shares trade flat as it announced a change to its board of directors,neutral,0.0,0.00023552049488587481
2021-07-15,XOM,Exxon Mobil shares slumped after announced layoffs amid cost cuts,negative,-1.0,-0.9071801109480662
2021-07-16,XOM,"Exxon Mobil presented at an industry conference, no major stock reaction",neutral,0.0,-0.00040824288874629494
2021-07-21,XOM,"Exxon Mobil warned of a demand slowdown, shares slide",negative,-1.0,-0.9434607704027538
2021-07-23,XOM,Exxon Mobil shares jumped after announced a share buyback program,positive,1.0,0.909443991765492
2021-07-26,XOM,"Exxon Mobil announced a share buyback program, shares climb",positive,1.0,0.9391785863517449
2021-07-28,XOM,Exxon Mobil drops as it missed analyst earnings estimates,negative,-1.0,-0.899924711587855
2021-07-30,XOM,Exxon Mobil drops as it announced layoffs amid cost cuts,negative,-1.0,-0.9342010993356469
2021-08-04,XOM,Exxon Mobil rallies as it received an analyst upgrade,positive,1.0,0.9071707408288406
2021-08-10,XOM,Exxon Mobil shares trade flat as it filed its routine quarterly disclosure,neutral,0.0,0.0009440039993582217
2021-08-11,XOM,Exxon Mobil maintained its previous guidance,neutral,0.0,0.0014766953148109274
2021-08-12,XOM,Exxon Mobil shares tumbled after faces a regulatory investigation,negative,-1.0,-0.8678944801528127
2021-08-18,XOM,Exxon Mobil shares advanced after received an analyst upgrade,positive,1.0,0.8429315954041591
2021-08-20,XOM,Exxon Mobil shares trade flat as it presented at an industry conference,neutral,0.0,-0.0002192237090026701
2021-08-26,XOM,Exxon Mobil shares surged after announced a share buyback program,positive,1.0,0.8931242327656225
2021-08-27,XOM,Exxon Mobil drops as it warned of a demand slowdown,negative,-1.0,-0.932293091912979
2021-08-30,XOM,Analysts turn bullish on Exxon Mobil after robust cash flow,positive,1.0,0.9197765411444008
2021-09-01,XOM,Exxon Mobil rallies as it beat analyst earnings estimates,positive,1.0,0.8996417845890535
2021-09-02,XOM,"Exxon Mobil held its annual shareholder meeting, no major stock reaction",neutral,0.0,-0.0005666435403957684
2021-09-07,XOM,Analysts turn bullish on Exxon Mobil after robust revenue,positive,1.0,0.9163977024216039
2021-09-08,XOM,"Exxon Mobil held its annual shareholder meeting, no major stock reaction",neutral,0.0,-0.0005666435403957684
2021-09-09,XOM,Exxon Mobil stock fell on worse-than-expected guidance,negative,-1.0,-0.8225822858649912
2021-09-09,XOM,Exxon Mobil shares jumped after beat analyst earnings estimates,positive,1.0,0.858483355681237
2021-09-10,XOM,Exxon Mobil drops as it received an analyst downgrade,negative,-1.0,-0.9165117790888889
2021-09-15,XOM,Exxon Mobil to hold investor call on cash flow,neutral,0.0,0.00018397099217979523
2021-09-15,XOM,"Exxon Mobil announced layoffs amid cost cuts, shares slide",negative,-1.0,-0.9378580985838791
2021-09-20,XOM,Exxon Mobil shares surged after announced a share buyback program,positive,1.0,0.8931242327656225
2021-09-21,XOM,Analysts turn cautious on Exxon Mobil after weak revenue,negative,-1.0,-0.9304783404357158
2021-09-22,XOM,Analysts turn cautious on Exxon Mobil after disappointing cash flow,negative,0.0,-0.9156029942012709
2021-09-28,XOM,Exxon Mobil shares soared after raised its full-year guidance,positive,1.0,0.8273776643123051
2021-09-28,XOM,Exxon Mobil stock tumbled on worse-than-expected cash flow,negative,-1.0,-0.8236270943674688
2021-09-30,XOM,Analysts turn bullish on Exxon Mobil after strong profit margins,positive,1.0,0.9094162691576648
2021-10-01,XOM,Analysts turn cautious on Exxon Mobil after worse-than-expected guidance,negative,0.0,-0.9013405789378118
2021-10-01,XOM,Analysts turn bullish on Exxon Mobil after strong sales,positive,1.0,0.9420728443552311
2021-10-04,XOM,Exxon Mobil shares trade flat as it filed its routine quarterly disclosure,neutral,0.0,0.0009440039993582217
2021-10-06,XOM,Exxon Mobil shares dropped after missed analyst earnings estimates,negative,-1.0,-0.8523727646635639
2021-10-06,XOM,Exxon Mobil rallies as it received an analyst upgrade,positive,1.0,0.9071707408288406
2021-10-07,XOM,"Exxon Mobil received an analyst upgrade, shares climb",positive,1.0,0.910202960486694
2021-10-08,XOM,Exxon Mobil shares soared after announced a share buyback program,positive,1.0,0.9130136178153051
2021-10-13,XOM,Exxon Mobil rallies as it unveiled a new product line to strong demand,positive,1.0,0.9375787139468228
2021-10-13,XOM,Exxon Mobil shares tumbled after faces a regulatory investigation,negative,-1.0,-0.8678944801528127
2021-10-18,XOM,"Exxon Mobil received an analyst upgrade, shares climb",positive,1.0,0.910202960486694
2021-10-22,XOM,Exxon Mobil shares advanced after received an analyst upgrade,positive,1.0,0.8429315954041591
2021-10-26,XOM,Exxon Mobil shares surged after beat analyst earnings estimates,positive,1.0,0.8417573108568388
2021-10-27,XOM,Exxon Mobil shares tumbled after faces a regulatory investigation,negative,-1.0,-0.8678944801528127
2021-10-28,XOM,Exxon Mobil stock advanced on robust revenue,positive,1.0,0.784964076402774
2021-10-29,XOM,Exxon Mobil shares trade flat as it will report quarterly results next week,neutral,0.0,0.0011854908242069917
2021-11-01,XOM,Exxon Mobil shares surged after announced a share buyback program,positive,1.0,0.8931242327656225
2021-11-03,XOM,Exxon Mobil to hold investor call on profit margins,neutral,1.0,-5.6556332430023754e-05
2021-11-04,XOM,Exxon Mobil shares trade flat as it presented at an industry conference,neutral,0.0,-0.0002192237090026701
2021-11-05,XOM,"Exxon Mobil received an analyst downgrade, shares slide",negative,-1.0,-0.9102145265981366
2021-11-08,XOM,Exxon Mobil stock plunged on soft quarterly earnings,negative,-1.0,-0.6522117053431042
2021-11-10,XOM,Exxon Mobil shares fell after faces a regulatory investigation,negative,-1.0,-0.8796299091399267
2021-11-11,XOM,"Exxon Mobil unveiled a new product line to strong demand, shares climb",positive,1.0,0.9354654161317566
2021-11-12,XOM,Exxon Mobil to hold investor call on cash flow,neutral,0.0,0.00018397099217979523
2021-11-16,XOM,"Exxon Mobil received an analyst upgrade, shares climb",positive,1.0,0.910202960486694
2021-11-17,XOM,"Exxon Mobil filed its routine quarterly disclosure, no major stock reaction",neutral,0.0,0.0007455281941701405
2021-11-19,XOM,Exxon Mobil shares trade flat as it announced a change to its board of directors,neutral,0.0,0.00023552049488587481
2021-11-22,XOM,Exxon Mobil shares fell after faces a regulatory investigation,negative,-1.0,-0.8796299091399267
2021-11-22,XOM,Exxon Mobil drops as it announced layoffs amid cost cuts,negative,-1.0,-0.9342010993356469
2021-11-24,XOM,Analysts turn cautious on Exxon Mobil after troubling cash flow,negative,0.0,-0.9044197323674873
2021-11-30,XOM,Exxon Mobil to hold investor call on revenue,neutral,0.0,-0.0017494321607140276
2021-11-30,XOM,Exxon Mobil rallies as it reported record quarterly profit,positive,1.0,0.9572365259273464
2021-12-02,XOM,Exxon Mobil revenue in line with expectations,neutral,0.0,0.00029027679556356545
2021-12-02,XOM,Exxon Mobil revenue in line with expectations,neutral,0.0,0.00029027679556356545
2021-12-03,XOM,Analysts turn bullish on Exxon Mobil after strong profit margins,positive,1.0,0.9094162691576648
2021-12-03,XOM,Analysts turn bullish on Exxon Mobil after better-than-expected sales,positive,1.0,0.891946029578845
2021-12-06,XOM,Exxon Mobil stock fell on weak revenue,negative,-1.0,-0.844678489612546
2021-12-07,XOM,Exxon Mobil drops as it announced layoffs amid cost cuts,negative,-1.0,-0.9342010993356469
2021-12-09,XOM,Exxon Mobil shares surged after raised its full-year guidance,positive,1.0,0.8158231431634144
2021-12-10,XOM,Exxon Mobil drops as it cut its full-year guidance,negative,-1.0,-0.8820296331219835
2021-12-14,XOM,Analysts turn cautious on Exxon Mobil after worse-than-expected quarterly earnings,negative,0.0,-0.9019150107365375
2021-12-17,XOM,Exxon Mobil stock slumped on disappointing quarterly earnings,negative,-1.0,-0.8220227953690252
2021-12-17,XOM,Exxon Mobil shares plunged after cut its full-year guidance,negative,-1.0,-0.781569068355384
2021-12-20,XOM,Exxon Mobil shares fell after warned of a demand slowdown,negative,-1.0,-0.8696455875041058
2021-12-23,XOM,Exxon Mobil shares trade flat as it held its annual shareholder meeting,neutral,0.0,-0.00048537225604972783
2021-12-28,XOM,Exxon Mobil rallies as it raised its full-year guidance,positive,1.0,0.9136106699449013
2021-12-30,XOM,Exxon Mobil rallies as it unveiled a new product line to strong demand,positive,1.0,0.9375787139468228
2021-12-30,XOM,"Exxon Mobil filed its routine quarterly disclosure, no major stock reaction",neutral,0.0,0.0007455281941701405
2021-12-31,XOM,Exxon Mobil stock climbed on better-than-expected cash flow,positive,1.0,0.7873895465245138
2022-01-04,XOM,Exxon Mobil shares fell after warned of a demand slowdown,negative,-1.0,-0.8696455875041058
2022-01-06,XOM,Analysts turn bullish on Exxon Mobil after robust sales,positive,1.0,0.9348189134601652
2022-01-12,XOM,Exxon Mobil shares tumbled after faces a regulatory investigation,negative,-1.0,-0.8678944801528127
2022-01-12,XOM,Analysts turn bullish on Exxon Mobil after strong quarterly earnings,positive,1.0,0.9353242621020414
2022-01-13,XOM,Exxon Mobil shares fell after received an analyst downgrade,negative,-1.0,-0.8454959461504765
2022-01-13,XOM,Exxon Mobil to hold investor call on revenue,neutral,0.0,-0.0017494321607140276
2022-01-14,XOM,Analysts turn cautious on Exxon Mobil after weak guidance,negative,-1.0,-0.910936332866733
2022-01-18,XOM,"Exxon Mobil announced layoffs amid cost cuts, shares slide",negative,-1.0,-0.9378580985838791
2022-01-19,XOM,Exxon Mobil to hold investor call on sales,neutral,0.0,0.0005213678707563126
2022-01-20,XOM,"Exxon Mobil raised its full-year guidance, shares climb",positive,1.0,0.8928244799889913
2022-01-20,XOM,Exxon Mobil drops as it announced layoffs amid cost cuts,negative,-1.0,-0.9342010993356469
2022-01-24,XOM,Exxon Mobil drops as it faces a regulatory investigation,negative,-1.0,-0.9290464770071157
2022-01-26,XOM,Exxon Mobil stock soared on better-than-expected cash flow,positive,1.0,0.7493010940707878
2022-01-27,XOM,Exxon Mobil rallies as it reported record quarterly profit,positive,1.0,0.9572365259273464
2022-01-28,XOM,Exxon Mobil stock jumped on resilient quarterly earnings,positive,1.0,0.7404980806269443
2022-01-31,XOM,Analysts turn cautious on Exxon Mobil after worse-than-expected cash flow,negative,0.0,-0.9083404972776945
2022-02-02,XOM,Exxon Mobil stock advanced on better-than-expected guidance,positive,1.0,0.8438291221331784
2022-02-03,XOM,Analysts turn cautious on Exxon Mobil after soft quarterly earnings,negative,0.0,-0.8704190484653938
2022-02-07,XOM,Analysts turn cautious on Exxon Mobil after worse-than-expected quarterly earnings,negative,0.0,-0.9019150107365375
2022-02-08,XOM,Exxon Mobil rallies as it announced a share buyback program,positive,1.0,0.9480031451104668
2022-02-08,XOM,Exxon Mobil drops as it announced layoffs amid cost cuts,negative,-1.0,-0.9342010993356469
2022-02-09,XOM,"Exxon Mobil beat analyst earnings estimates, shares climb",positive,1.0,0.8979319723392709
2022-02-11,XOM,Exxon Mobil announced a change to its board of directors,neutral,0.0,0.00020440607878861872
2022-02-14,XOM,"Exxon Mobil beat analyst earnings estimates, shares climb",positive,1.0,0.8979319723392709
2022-02-14,XOM,Analysts turn bullish on Exxon Mobil after robust profit margins,positive,1.0,0.9028166241780556
2022-02-16,XOM,Exxon Mobil shares jumped after announced a share buyback program,positive,1.0,0.909443991765492
2022-02-17,XOM,"Exxon Mobil raised its full-year guidance, shares climb",positive,1.0,0.8928244799889913
2022-02-17,XOM,"Exxon Mobil reported record quarterly profit, shares climb",positive,1.0,0.9604719608739999
2022-02-18,XOM,"Exxon Mobil will report quarterly results next week, no major stock reaction",neutral,0.0,0.0009489040621030211
2022-02-22,XOM,Exxon Mobil stock surged on robust profit margins,positive,1.0,0.7804625167535757
2022-02-22,XOM,Exxon Mobil stock jumped on strong sales,positive,1.0,0.8344986271524891
2022-02-23,XOM,Exxon Mobil profit margins in line with expectations,neutral,1.0,0.002450804162660622
2022-02-24,XOM,Exxon Mobil shares trade flat as it filed its routine quarterly disclosure,neutral,0.0,0.0009440039993582217
2022-02-24,XOM,Exxon Mobil shares surged after received an analyst upgrade,positive,1.0,0.8051949409137744
2022-03-01,XOM,Exxon Mobil rallies as it unveiled a new product line to strong demand,positive,1.0,0.9375787139468228
2022-03-02,XOM,Exxon Mobil shares trade flat as it will report quarterly results next week,neutral,0.0,0.0011854908242069917
2022-03-03,XOM,"Exxon Mobil faces a regulatory investigation, shares slide",negative,-1.0,-0.9462448317567261
2022-03-04,XOM,Exxon Mobil shares plunged after announced layoffs amid cost cuts,negative,-1.0,-0.8887735160112354
2022-03-07,XOM,Exxon Mobil stock plunged on weak quarterly earnings,negative,-1.0,-0.6518394348751011
2022-03-08,XOM,Exxon Mobil rallies as it received an analyst upgrade,positive,1.0,0.9071707408288406
2022-03-09,XOM,"Exxon Mobil unveiled a new product line to strong demand, shares climb",positive,1.0,0.9354654161317566
2022-03-10,XOM,"Exxon Mobil received an analyst downgrade, shares slide",negative,-1.0,-0.9102145265981366
2022-03-14,XOM,Exxon Mobil stock advanced on robust profit margins,positive,1.0,0.7716079574558797
2022-03-16,XOM,Exxon Mobil stock sank on disappointing revenue,negative,-1.0,-0.8045749981365793
2022-03-17,XOM,Exxon Mobil stock fell on soft cash flow,negative,-1.0,-0.731062820434997
2022-03-22,XOM,Exxon Mobil held its annual shareholder meeting,neutral,0.0,-0.0009004484357383741
2022-03-22,XOM,Exxon Mobil rallies as it received an analyst upgrade,positive,1.0,0.9071707408288406
2022-03-28,XOM,"Exxon Mobil missed analyst earnings estimates, shares slide",negative,-1.0,-0.8888303458166829
2022-03-29,XOM,Exxon Mobil shares jumped after unveiled a new product line to strong demand,positive,1.0,0.9248958058033827
2022-04-01,XOM,"Exxon Mobil announced a change to its board of directors, no major stock reaction",neutral,0.0,-0.00024181994248165944
2022-04-05,XOM,"Exxon Mobil announced layoffs amid cost cuts, shares slide",negative,-1.0,-0.9378580985838791
2022-04-07,XOM,Exxon Mobil shares surged after received an analyst upgrade,positive,1.0,0.8051949409137744
2022-04-08,XOM,"Exxon Mobil missed analyst earnings estimates, shares slide",negative,-1.0,-0.8888303458166829
2022-04-08,XOM,Exxon Mobil shares tumbled after missed analyst earnings estimates,negative,-1.0,-0.8255915840058364
2022-04-11,XOM,Exxon Mobil stock jumped on robust sales,positive,1.0,0.8250151532058838
2022-04-12,XOM,Exxon Mobil rallies as it unveiled a new product line to strong demand,positive,1.0,0.9375787139468228
2022-04-13,XOM,"Exxon Mobil warned of a demand slowdown, shares slide",negative,-1.0,-0.9434607704027538
2022-04-13,XOM,Exxon Mobil stock jumped on better-than-expected revenue,positive,1.0,0.815928520037877
2022-04-14,XOM,Exxon Mobil shares dropped after missed analyst earnings estimates,negative,-1.0,-0.8523727646635639
2022-04-18,XOM,Exxon Mobil rallies as it reported record quarterly profit,positive,1.0,0.9572365259273464
2022-04-20,XOM,Exxon Mobil shares plunged after warned of a demand slowdown,negative,-1.0,-0.8488995261958836
2022-04-21,XOM,Exxon Mobil shares dropped after announced layoffs amid cost cuts,negative,-1.0,-0.9135641174067459
2022-04-22,XOM,Exxon Mobil rallies as it beat analyst earnings estimates,positive,1.0,0.8996417845890535
2022-04-25,XOM,Exxon Mobil shares trade flat as it announced a change to its board of directors,neutral,0.0,0.00023552049488587481
2022-04-26,XOM,Exxon Mobil maintained its previous guidance,neutral,0.0,0.0014766953148109274
2022-04-27,XOM,Exxon Mobil held its annual shareholder meeting,neutral,0.0,-0.0009004484357383741
2022-04-29,XOM,Exxon Mobil rallies as it received an analyst upgrade,positive,1.0,0.9071707408288406
2022-05-02,XOM,Analysts turn bullish on Exxon Mobil after strong sales,positive,1.0,0.9420728443552311
2022-05-02,XOM,"Exxon Mobil faces a regulatory investigation, shares slide",negative,-1.0,-0.9462448317567261
2022-05-04,XOM,Exxon Mobil stock sank on disappointing quarterly earnings,negative,-1.0,-0.7541193375114054
2022-05-06,XOM,Exxon Mobil to hold investor call on revenue,neutral,0.0,-0.0017494321607140276
2022-05-06,XOM,Exxon Mobil stock soared on better-than-expected revenue,positive,1.0,0.7734269669524476
2022-05-09,XOM,"Exxon Mobil received an analyst upgrade, shares climb",positive,1.0,0.910202960486694
2022-05-10,XOM,Exxon Mobil stock rallied on resilient sales,positive,1.0,0.7821181278887858
2022-05-16,XOM,"Exxon Mobil faces a regulatory investigation, shares slide",negative,-1.0,-0.9462448317567261
2022-05-16,XOM,Exxon Mobil drops as it announced layoffs amid cost cuts,negative,-1.0,-0.9342010993356469
2022-05-18,XOM,Exxon Mobil to hold investor call on cash flow,neutral,0.0,0.00018397099217979523
2022-05-18,XOM,Exxon Mobil stock plunged on disappointing quarterly earnings,negative,-1.0,-0.7416077479399384
2022-05-19,XOM,"Exxon Mobil raised its full-year guidance, shares climb",positive,1.0,0.8928244799889913
2022-05-19,XOM,"Exxon Mobil beat analyst earnings estimates, shares climb",positive,1.0,0.8979319723392709
2022-05-20,XOM,Exxon Mobil sales in line with expectations,neutral,0.0,0.0032882548877959383
2022-05-26,XOM,Analysts turn cautious on Exxon Mobil after weak sales,negative,-1.0,-0.9152336989584261
2022-05-26,XOM,Analysts turn cautious on Exxon Mobil after disappointing profit margins,negative,1.0,-0.9152811017382488
2022-06-01,XOM,Exxon Mobil shares slumped after warned of a demand slowdown,negative,-1.0,-0.8824761655568318
2022-06-02,XOM,Analysts turn bullish on Exxon Mobil after strong cash flow,positive,1.0,0.9118387128621466
2022-06-02,XOM,Exxon Mobil stock surged on robust sales,positive,1.0,0.8283669924470254
2022-06-06,XOM,Exxon Mobil stock climbed on strong quarterly earnings,positive,1.0,0.8473150627057953
2022-06-08,XOM,"Exxon Mobil announced a share buyback program, shares climb",positive,1.0,0.9391785863517449
2022-06-10,XOM,"Exxon Mobil beat analyst earnings estimates, shares climb",positive,1.0,0.8979319723392709
2022-06-15,XOM,Analysts turn cautious on Exxon Mobil after weak cash flow,negative,-1.0,-0.8781296723226827
2022-06-17,XOM,Analysts turn bullish on Exxon Mobil after better-than-expected quarterly earnings,positive,1.0,0.8887015991718545
2022-06-22,XOM,Exxon Mobil to hold investor call on quarterly earnings,neutral,0.0,0.0027853214505916997
2022-06-22,XOM,Exxon Mobil stock climbed on better-than-expected sales,positive,1.0,0.8041790501103011
2022-06-27,XOM,Exxon Mobil to hold investor call on cash flow,neutral,0.0,0.00018397099217979523
2022-06-30,XOM,"Exxon Mobil cut its full-year guidance, shares slide",negative,-1.0,-0.8665817807849032
2022-06-30,XOM,Exxon Mobil shares jumped after raised its full-year guidance,positive,1.0,0.8337355448864275
2022-07-01,XOM,Exxon Mobil drops as it announced layoffs amid cost cuts,negative,-1.0,-0.9342010993356469
2022-07-05,XOM,"Exxon Mobil cut its full-year guidance, shares slide",negative,-1.0,-0.8665817807849032
2022-07-08,XOM,"Exxon Mobil will report quarterly results next week, no major stock reaction",neutral,0.0,0.0009489040621030211
2022-07-11,XOM,Analysts turn cautious on Exxon Mobil after weak quarterly earnings,negative,-1.0,-0.8797798586307682
2022-07-13,XOM,Analysts turn cautious on Exxon Mobil after disappointing sales,negative,0.0,-0.9304004070842244
2022-07-14,XOM,Exxon Mobil maintained its previous guidance,neutral,0.0,0.0014766953148109274
2022-07-18,XOM,"Exxon Mobil beat analyst earnings estimates, shares climb",positive,1.0,0.8979319723392709
2022-07-20,XOM,Analysts turn cautious on Exxon Mobil after disappointing guidance,negative,0.0,-0.9268368424041395
2022-07-20,XOM,Exxon Mobil stock jumped on robust quarterly earnings,positive,1.0,0.8021203281308438
2022-07-22,XOM,"Exxon Mobil cut its full-year guidance, shares slide",negative,-1.0,-0.8665817807849032
2022-07-27,XOM,"Exxon Mobil announced a share buyback program, shares climb",positive,1.0,0.9391785863517449
2022-07-29,XOM,Exxon Mobil stock sank on worse-than-expected quarterly earnings,negative,-1.0,-0.8071169843295114
2022-08-01,XOM,Exxon Mobil drops as it missed analyst earnings estimates,negative,-1.0,-0.899924711587855
2022-08-02,XOM,"Exxon Mobil raised its full-year guidance, shares climb",positive,1.0,0.8928244799889913
2022-08-05,XOM,Exxon Mobil shares trade flat as it will report quarterly results next week,neutral,0.0,0.0011854908242069917
2022-08-08,XOM,Exxon Mobil shares advanced after received an analyst upgrade,positive,1.0,0.8429315954041591
2022-08-12,XOM,Exxon Mobil stock surged on record quarterly earnings,positive,1.0,0.8768501312358566
2022-08-15,XOM,"Exxon Mobil announced layoffs amid cost cuts, shares slide",negative,-1.0,-0.9378580985838791
2022-08-16,XOM,Analysts turn cautious on Exxon Mobil after weak sales,negative,-1.0,-0.9152336989584261
2022-08-16,XOM,"Exxon Mobil maintained its previous guidance, no major stock reaction",neutral,0.0,0.00014818218691472693
2022-08-18,XOM,Analysts turn cautious on Exxon Mobil after disappointing sales,negative,0.0,-0.9304004070842244
2022-08-22,XOM,Analysts turn cautious on Exxon Mobil after troubling sales,negative,0.0,-0.9129931946932345
2022-08-23,XOM,Exxon Mobil stock rallied on robust revenue,positive,1.0,0.8122358184505067
2022-08-23,XOM,"Exxon Mobil announced a share buyback program, shares climb",positive,1.0,0.9391785863517449
2022-08-24,XOM,"Exxon Mobil received an analyst upgrade, shares climb",positive,1.0,0.910202960486694
2022-08-26,XOM,Analysts turn bullish on Exxon Mobil after strong sales,positive,1.0,0.9420728443552311
2022-08-29,XOM,Exxon Mobil rallies as it announced a share buyback program,positive,1.0,0.9480031451104668
2022-08-31,XOM,Analysts turn bullish on Exxon Mobil after record profit margins,positive,1.0,0.8787816905537509
2022-09-01,XOM,Exxon Mobil rallies as it received an analyst upgrade,positive,1.0,0.9071707408288406
2022-09-01,XOM,Exxon Mobil presented at an industry conference,neutral,0.0,-0.0003002357931982391
2022-09-02,XOM,Exxon Mobil stock dropped on disappointing cash flow,negative,-1.0,-0.7533313757149962
2022-09-07,XOM,Exxon Mobil maintained its previous guidance,neutral,0.0,0.0014766953148109274
2022-09-09,XOM,"Exxon Mobil warned of a demand slowdown, shares slide",negative,-1.0,-0.9434607704027538
2022-09-12,XOM,Exxon Mobil stock advanced on better-than-expected guidance,positive,1.0,0.8438291221331784
2022-09-16,XOM,Exxon Mobil shares tumbled after warned of a demand slowdown,negative,-1.0,-0.8558583774183709
2022-09-20,XOM,Exxon Mobil cash flow in line with expectations,neutral,0.0,0.002547331021252361
2022-09-20,XOM,Exxon Mobil will report quarterly results next week,neutral,0.0,0.003548601535587538
2022-09-21,XOM,"Exxon Mobil cut its full-year guidance, shares slide",negative,-1.0,-0.8665817807849032
2022-09-22,XOM,Exxon Mobil rallies as it unveiled a new product line to strong demand,positive,1.0,0.9375787139468228
2022-09-26,XOM,Exxon Mobil stock soared on strong sales,positive,1.0,0.8592504470072084
2022-09-27,XOM,Analysts turn cautious on Exxon Mobil after soft sales,negative,0.0,-0.8965775730573854
2022-10-03,XOM,Exxon Mobil stock slumped on worse-than-expected sales,negative,-1.0,-0.8526673446096161
2022-10-04,XOM,Analysts turn cautious on Exxon Mobil after worse-than-expected quarterly earnings,negative,0.0,-0.9019150107365375
2022-10-05,XOM,"Exxon Mobil received an analyst upgrade, shares climb",positive,1.0,0.910202960486694
2022-10-06,XOM,Analysts turn bullish on Exxon Mobil after better-than-expected guidance,positive,1.0,0.9106227102096035
2022-10-11,XOM,"Exxon Mobil held its annual shareholder meeting, no major stock reaction",neutral,0.0,-0.0005666435403957684
2022-10-11,XOM,Exxon Mobil stock dropped on worse-than-expected quarterly earnings,negative,-1.0,-0.7819991173847943
2022-10-13,XOM,Exxon Mobil rallies as it beat analyst earnings estimates,positive,1.0,0.8996417845890535
2022-10-18,XOM,Exxon Mobil drops as it faces a regulatory investigation,negative,-1.0,-0.9290464770071157
2022-10-18,XOM,"Exxon Mobil maintained its previous guidance, no major stock reaction",neutral,0.0,0.00014818218691472693
2022-10-20,XOM,"Exxon Mobil faces a regulatory investigation, shares slide",negative,-1.0,-0.9462448317567261
2022-10-24,XOM,"Exxon Mobil announced layoffs amid cost cuts, shares slide",negative,-1.0,-0.9378580985838791
2022-10-28,XOM,Exxon Mobil shares climbed after raised its full-year guidance,positive,1.0,0.8166213993433782
2022-10-31,XOM,Exxon Mobil drops as it cut its full-year guidance,negative,-1.0,-0.8820296331219835
2022-10-31,XOM,Exxon Mobil stock fell on worse-than-expected cash flow,negative,-1.0,-0.8381926559889161
2022-11-01,XOM,Exxon Mobil shares advanced after reported record quarterly profit,positive,1.0,0.917500908889927
2022-11-02,XOM,"Exxon Mobil beat analyst earnings estimates, shares climb",positive,1.0,0.8979319723392709
2022-11-03,XOM,Analysts turn bullish on Exxon Mobil after robust revenue,positive,1.0,0.9163977024216039
2022-11-09,XOM,Exxon Mobil stock fell on weak sales,negative,-1.0,-0.8165499148019186
2022-11-10,XOM,"Exxon Mobil received an analyst upgrade, shares climb",positive,1.0,0.910202960486694
2022-11-11,XOM,Exxon Mobil presented at an industry conference,neutral,0.0,-0.0003002357931982391
2022-11-14,XOM,Analysts turn bullish on Exxon Mobil after strong quarterly earnings,positive,1.0,0.9353242621020414
2022-11-15,XOM,Exxon Mobil drops as it missed analyst earnings estimates,negative,-1.0,-0.899924711587855
2022-11-15,XOM,Exxon Mobil shares jumped after reported record quarterly profit,positive,1.0,0.9244626452974115
2022-11-18,XOM,Exxon Mobil to hold investor call on profit margins,neutral,1.0,-5.6556332430023754e-05
2022-11-21,XOM,Exxon Mobil shares trade flat as it held its annual shareholder meeting,neutral,0.0,-0.00048537225604972783
2022-11-22,XOM,"Exxon Mobil maintained its previous guidance, no major stock reaction",neutral,0.0,0.00014818218691472693
2022-11-30,XOM,Analysts turn cautious on Exxon Mobil after soft revenue,negative,0.0,-0.9001487405854286
2022-12-01,XOM,Exxon Mobil shares advanced after raised its full-year guidance,positive,1.0,0.8122479359914753
2022-12-01,XOM,Analysts turn cautious on Exxon Mobil after weak guidance,negative,-1.0,-0.910936332866733
2022-12-05,XOM,Exxon Mobil shares advanced after received an analyst upgrade,positive,1.0,0.8429315954041591
2022-12-06,XOM,Exxon Mobil shares climbed after beat analyst earnings estimates,positive,1.0,0.8419210394350848
2022-12-07,XOM,Exxon Mobil stock tumbled on disappointing sales,negative,-1.0,-0.8063810393108871
2022-12-08,XOM,"Exxon Mobil warned of a demand slowdown, shares slide",negative,-1.0,-0.9434607704027538
2022-12-15,XOM,Analysts turn bullish on Exxon Mobil after resilient cash flow,positive,1.0,0.8645782466890681
2022-12-16,XOM,Exxon Mobil stock slumped on weak quarterly earnings,negative,-1.0,-0.765977425667715
2022-12-16,XOM,Exxon Mobil shares sank after warned of a demand slowdown,negative,-1.0,-0.8773607989949497
2022-12-19,XOM,"Exxon Mobil announced layoffs amid cost cuts, shares slide",negative,-1.0,-0.9378580985838791
2022-12-20,XOM,Exxon Mobil stock plunged on disappointing guidance,negative,-1.0,-0.7544464489392682
2022-12-21,XOM,Exxon Mobil presented at an industry conference,neutral,0.0,-0.0003002357931982391
2022-12-23,XOM,Exxon Mobil to hold investor call on profit margins,neutral,1.0,-5.6556332430023754e-05
2022-12-27,XOM,"Exxon Mobil maintained its previous guidance, no major stock reaction",neutral,0.0,0.00014818218691472693
2022-12-28,XOM,Exxon Mobil shares tumbled after faces a regulatory investigation,negative,-1.0,-0.8678944801528127
2022-12-30,XOM,Exxon Mobil drops as it received an analyst downgrade,negative,-1.0,-0.9165117790888889
2023-01-04,XOM,"Exxon Mobil announced layoffs amid cost cuts, shares slide",negative,-1.0,-0.9378580985838791
2023-01-05,XOM,Exxon Mobil stock climbed on resilient cash flow,positive,1.0,0.7866389340521549
2023-01-09,XOM,Exxon Mobil shares trade flat as it held its annual shareholder meeting,neutral,0.0,-0.00048537225604972783
2023-01-10,XOM,Exxon Mobil rallies as it beat analyst earnings estimates,positive,1.0,0.8996417845890535
2023-01-12,XOM,Exxon Mobil rallies as it announced a share buyback program,positive,1.0,0.9480031451104668
2023-01-12,XOM,Exxon Mobil rallies as it reported record quarterly profit,positive,1.0,0.9572365259273464
2023-01-13,XOM,"Exxon Mobil announced a share buyback program, shares climb",positive,1.0,0.9391785863517449
2023-01-18,XOM,Analysts turn cautious on Exxon Mobil after worse-than-expected cash flow,negative,0.0,-0.9083404972776945
2023-01-20,XOM,Exxon Mobil stock climbed on robust guidance,positive,1.0,0.8410608003417815
2023-01-23,XOM,Exxon Mobil to hold investor call on guidance,neutral,0.0,0.0007942356304215595
2023-01-23,XOM,Exxon Mobil rallies as it announced a share buyback program,positive,1.0,0.9480031451104668
2023-01-24,XOM,Exxon Mobil shares advanced after beat analyst earnings estimates,positive,1.0,0.8309734115658207
2023-01-25,XOM,Analysts turn bullish on Exxon Mobil after strong cash flow,positive,1.0,0.9118387128621466
2023-01-27,XOM,Analysts turn cautious on Exxon Mobil after weak quarterly earnings,negative,-1.0,-0.8797798586307682
2023-01-30,XOM,Analysts turn bullish on Exxon Mobil after better-than-expected quarterly earnings,positive,1.0,0.8887015991718545
2023-01-30,XOM,Exxon Mobil announced a change to its board of directors,neutral,0.0,0.00020440607878861872
2023-01-31,XOM,Exxon Mobil drops as it announced layoffs amid cost cuts,negative,-1.0,-0.9342010993356469
2023-02-06,XOM,"Exxon Mobil unveiled a new product line to strong demand, shares climb",positive,1.0,0.9354654161317566
2023-02-06,XOM,Analysts turn bullish on Exxon Mobil after better-than-expected quarterly earnings,positive,1.0,0.8887015991718545
2023-02-09,XOM,"Exxon Mobil missed analyst earnings estimates, shares slide",negative,-1.0,-0.8888303458166829
2023-02-14,XOM,Exxon Mobil shares advanced after beat analyst earnings estimates,positive,1.0,0.8309734115658207
2023-02-15,XOM,Exxon Mobil drops as it warned of a demand slowdown,negative,-1.0,-0.932293091912979
2023-02-16,XOM,Exxon Mobil drops as it faces a regulatory investigation,negative,-1.0,-0.9290464770071157
2023-02-17,XOM,"Exxon Mobil cut its full-year guidance, shares slide",negative,-1.0,-0.8665817807849032
2023-02-21,XOM,Exxon Mobil drops as it cut its full-year guidance,negative,-1.0,-0.8820296331219835
2023-02-24,XOM,Exxon Mobil shares climbed after announced a share buyback program,positive,1.0,0.8942688618957716
2023-02-24,XOM,Analysts turn bullish on Exxon Mobil after resilient revenue,positive,1.0,0.8870512895336659
2023-02-27,XOM,Exxon Mobil drops as it received an analyst downgrade,negative,-1.0,-0.9165117790888889
2023-02-28,XOM,"Exxon Mobil unveiled a new product line to strong demand, shares climb",positive,1.0,0.9354654161317566
2023-03-03,XOM,Exxon Mobil shares slumped after warned of a demand slowdown,negative,-1.0,-0.8824761655568318
2023-03-06,XOM,Exxon Mobil stock fell on disappointing sales,negative,-1.0,-0.8254409567569425
2023-03-07,XOM,Exxon Mobil drops as it missed analyst earnings estimates,negative,-1.0,-0.899924711587855
2023-03-07,XOM,Exxon Mobil shares fell after faces a regulatory investigation,negative,-1.0,-0.8796299091399267
2023-03-08,XOM,Exxon Mobil shares slumped after missed analyst earnings estimates,negative,-1.0,-0.8472857590010028
2023-03-10,XOM,Exxon Mobil to hold investor call on revenue,neutral,0.0,-0.0017494321607140276
2023-03-13,XOM,"Exxon Mobil filed its routine quarterly disclosure, no major stock reaction",neutral,0.0,0.0007455281941701405
2023-03-15,XOM,Analysts turn bullish on Exxon Mobil after record profit margins,positive,1.0,0.8787816905537509
2023-03-22,XOM,Exxon Mobil stock advanced on record guidance,positive,1.0,0.8154971424898478
2023-03-24,XOM,Exxon Mobil rallies as it unveiled a new product line to strong demand,positive,1.0,0.9375787139468228
2023-03-27,XOM,"Exxon Mobil maintained its previous guidance, no major stock reaction",neutral,0.0,0.00014818218691472693
2023-03-31,XOM,Analysts turn cautious on Exxon Mobil after troubling sales,negative,0.0,-0.9129931946932345
2023-04-04,XOM,Exxon Mobil to hold investor call on revenue,neutral,0.0,-0.0017494321607140276
2023-04-05,XOM,Exxon Mobil shares trade flat as it filed its routine quarterly disclosure,neutral,0.0,0.0009440039993582217
2023-04-06,XOM,Exxon Mobil stock fell on worse-than-expected guidance,negative,-1.0,-0.8225822858649912
2023-04-11,XOM,Exxon Mobil rallies as it announced a share buyback program,positive,1.0,0.9480031451104668
2023-04-12,XOM,Exxon Mobil revenue in line with expectations,neutral,0.0,0.00029027679556356545
2023-04-14,XOM,Exxon Mobil maintained its previous guidance,neutral,0.0,0.0014766953148109274
2023-04-14,XOM,Exxon Mobil maintained its previous guidance,neutral,0.0,0.0014766953148109274
2023-04-17,XOM,Exxon Mobil shares trade flat as it will report quarterly results next week,neutral,0.0,0.0011854908242069917
2023-04-18,XOM,Exxon Mobil drops as it missed analyst earnings estimates,negative,-1.0,-0.899924711587855
2023-04-25,XOM,Analysts turn bullish on Exxon Mobil after better-than-expected profit margins,positive,1.0,0.8758580389347507
2023-04-26,XOM,"Exxon Mobil warned of a demand slowdown, shares slide",negative,-1.0,-0.9434607704027538
2023-04-28,XOM,Exxon Mobil shares soared after reported record quarterly profit,positive,1.0,0.9434497116248433
2023-05-02,XOM,Exxon Mobil drops as it received an analyst downgrade,negative,-1.0,-0.9165117790888889
2023-05-04,XOM,Exxon Mobil drops as it faces a regulatory investigation,negative,-1.0,-0.9290464770071157
2023-05-04,XOM,"Exxon Mobil received an analyst downgrade, shares slide",negative,-1.0,-0.9102145265981366
2023-05-05,XOM,"Exxon Mobil announced layoffs amid cost cuts, shares slide",negative,-1.0,-0.9378580985838791
2023-05-05,XOM,Exxon Mobil cash flow in line with expectations,neutral,0.0,0.002547331021252361
2023-05-08,XOM,Analysts turn bullish on Exxon Mobil after better-than-expected sales,positive,1.0,0.891946029578845
2023-05-16,XOM,Exxon Mobil rallies as it beat analyst earnings estimates,positive,1.0,0.8996417845890535
2023-05-16,XOM,Exxon Mobil shares advanced after beat analyst earnings estimates,positive,1.0,0.8309734115658207
2023-05-19,XOM,"Exxon Mobil cut its full-year guidance, shares slide",negative,-1.0,-0.8665817807849032
2023-05-19,XOM,Exxon Mobil stock slumped on worse-than-expected guidance,negative,-1.0,-0.823212921979417
2023-05-23,XOM,Exxon Mobil drops as it missed analyst earnings estimates,negative,-1.0,-0.899924711587855
2023-05-24,XOM,"Exxon Mobil received an analyst upgrade, shares climb",positive,1.0,0.910202960486694
2023-05-24,XOM,Exxon Mobil to hold investor call on profit margins,neutral,1.0,-5.6556332430023754e-05
2023-05-25,XOM,"Exxon Mobil maintained its previous guidance, no major stock reaction",neutral,0.0,0.00014818218691472693
2023-05-26,XOM,"Exxon Mobil missed analyst earnings estimates, shares slide",negative,-1.0,-0.8888303458166829
2023-05-30,XOM,Exxon Mobil shares surged after raised its full-year guidance,positive,1.0,0.8158231431634144
2023-05-31,XOM,Exxon Mobil to hold investor call on cash flow,neutral,0.0,0.00018397099217979523
2023-05-31,XOM,Exxon Mobil stock jumped on robust revenue,positive,1.0,0.789875324399862
2023-06-01,XOM,Exxon Mobil shares trade flat as it maintained its previous guidance,neutral,0.0,0.00032398646448441107
2023-06-02,XOM,Exxon Mobil rallies as it announced a share buyback program,positive,1.0,0.9480031451104668
2023-06-09,XOM,Exxon Mobil shares rallied after reported record quarterly profit,positive,1.0,0.9385493057911923
2023-06-13,XOM,"Exxon Mobil announced a change to its board of directors, no major stock reaction",neutral,0.0,-0.00024181994248165944
2023-06-14,XOM,Exxon Mobil rallies as it beat analyst earnings estimates,positive,1.0,0.8996417845890535
2023-06-20,XOM,Exxon Mobil drops as it announced layoffs amid cost cuts,negative,-1.0,-0.9342010993356469
2023-06-21,XOM,Exxon Mobil stock slumped on disappointing profit margins,negative,0.0,-0.823514050311982
2023-06-22,XOM,Exxon Mobil drops as it announced layoffs amid cost cuts,negative,-1.0,-0.9342010993356469
2023-06-26,XOM,Exxon Mobil shares tumbled after announced layoffs amid cost cuts,negative,-1.0,-0.9009279057389227
2023-06-30,XOM,Exxon Mobil guidance in line with expectations,neutral,0.0,0.003477050498688645
2023-06-30,XOM,Exxon Mobil maintained its previous guidance,neutral,0.0,0.0014766953148109274
2023-07-05,XOM,Exxon Mobil stock tumbled on troubling quarterly earnings,negative,-1.0,-0.7491661065434504
2023-07-06,XOM,Exxon Mobil shares soared after raised its full-year guidance,positive,1.0,0.8273776643123051
2023-07-06,XOM,Exxon Mobil rallies as it raised its full-year guidance,positive,1.0,0.9136106699449013
2023-07-07,XOM,Exxon Mobil sales in line with expectations,neutral,0.0,0.0032882548877959383
2023-07-11,XOM,Exxon Mobil to hold investor call on sales,neutral,0.0,0.0005213678707563126
2023-07-12,XOM,Exxon Mobil drops as it warned of a demand slowdown,negative,-1.0,-0.932293091912979
2023-07-17,XOM,"Exxon Mobil missed analyst earnings estimates, shares slide",negative,-1.0,-0.8888303458166829
2023-07-24,XOM,Exxon Mobil stock rallied on record quarterly earnings,positive,1.0,0.8672744515823991
2023-07-25,XOM,"Exxon Mobil announced layoffs amid cost cuts, shares slide",negative,-1.0,-0.9378580985838791
2023-07-26,XOM,Analysts turn bullish on Exxon Mobil after strong profit margins,positive,1.0,0.9094162691576648
2023-07-31,XOM,Analysts turn cautious on Exxon Mobil after weak sales,negative,-1.0,-0.9152336989584261
2023-08-01,XOM,Exxon Mobil shares slumped after cut its full-year guidance,negative,-1.0,-0.8382521069947991
2023-08-02,XOM,Analysts turn bullish on Exxon Mobil after resilient sales,positive,1.0,0.8789955448217813
2023-08-04,XOM,Exxon Mobil shares climbed after raised its full-year guidance,positive,1.0,0.8166213993433782
2023-08-14,XOM,Exxon Mobil rallies as it unveiled a new product line to strong demand,positive,1.0,0.9375787139468228
2023-08-15,XOM,Exxon Mobil shares trade flat as it announced a change to its board of directors,neutral,0.0,0.00023552049488587481
2023-08-16,XOM,"Exxon Mobil announced layoffs amid cost cuts, shares slide",negative,-1.0,-0.9378580985838791
2023-08-17,XOM,Exxon Mobil shares surged after beat analyst earnings estimates,positive,1.0,0.8417573108568388
2023-08-17,XOM,Exxon Mobil shares sank after warned of a demand slowdown,negative,-1.0,-0.8773607989949497
2023-08-18,XOM,"Exxon Mobil announced layoffs amid cost cuts, shares slide",negative,-1.0,-0.9378580985838791
2023-08-18,XOM,Exxon Mobil shares tumbled after missed analyst earnings estimates,negative,-1.0,-0.8255915840058364
2023-08-21,XOM,Analysts turn bullish on Exxon Mobil after resilient cash flow,positive,1.0,0.8645782466890681
2023-08-22,XOM,Analysts turn bullish on Exxon Mobil after better-than-expected guidance,positive,1.0,0.9106227102096035
2023-08-23,XOM,Exxon Mobil stock jumped on resilient revenue,positive,1.0,0.7669154017472003
2023-08-24,XOM,"Exxon Mobil presented at an industry conference, no major stock reaction",neutral,0.0,-0.00040824288874629494
2023-08-25,XOM,Exxon Mobil guidance in line with expectations,neutral,0.0,0.003477050498688645
2023-08-30,XOM,Analysts turn bullish on Exxon Mobil after resilient cash flow,positive,1.0,0.8645782466890681
2023-09-01,XOM,Exxon Mobil to hold investor call on quarterly earnings,neutral,0.0,0.0027853214505916997
2023-09-05,XOM,"Exxon Mobil raised its full-year guidance, shares climb",positive,1.0,0.8928244799889913
2023-09-07,XOM,Exxon Mobil drops as it announced layoffs amid cost cuts,negative,-1.0,-0.9342010993356469
2023-09-07,XOM,Exxon Mobil stock advanced on better-than-expected quarterly earnings,positive,1.0,0.8108564358733215
2023-09-08,XOM,"Exxon Mobil missed analyst earnings estimates, shares slide",negative,-1.0,-0.8888303458166829
2023-09-08,XOM,Exxon Mobil drops as it received an analyst downgrade,negative,-1.0,-0.9165117790888889
2023-09-11,XOM,"Exxon Mobil faces a regulatory investigation, shares slide",negative,-1.0,-0.9462448317567261
2023-09-12,XOM,Exxon Mobil shares rallied after raised its full-year guidance,positive,1.0,0.862104404001598
2023-09-12,XOM,Exxon Mobil rallies as it announced a share buyback program,positive,1.0,0.9480031451104668
2023-09-13,XOM,Exxon Mobil stock plunged on worse-than-expected sales,negative,-1.0,-0.8076640661796042
2023-09-13,XOM,Exxon Mobil stock advanced on resilient quarterly earnings,positive,1.0,0.7544949060849927
2023-09-14,XOM,Exxon Mobil shares sank after faces a regulatory investigation,negative,-1.0,-0.8929561122764001
2023-09-15,XOM,Analysts turn cautious on Exxon Mobil after disappointing sales,negative,0.0,-0.9304004070842244
2023-09-15,XOM,"Exxon Mobil unveiled a new product line to strong demand, shares climb",positive,1.0,0.9354654161317566
2023-09-19,XOM,Exxon Mobil rallies as it received an analyst upgrade,positive,1.0,0.9071707408288406
2023-09-21,XOM,Exxon Mobil stock sank on worse-than-expected cash flow,negative,-1.0,-0.820398686394805
2023-09-27,XOM,Exxon Mobil rallies as it announced a share buyback program,positive,1.0,0.9480031451104668
2023-10-03,XOM,"Exxon Mobil announced layoffs amid cost cuts, shares slide",negative,-1.0,-0.9378580985838791
2023-10-04,XOM,Exxon Mobil stock slumped on soft cash flow,negative,-1.0,-0.7434841421852283
2023-10-06,XOM,Analysts turn cautious on Exxon Mobil after worse-than-expected quarterly earnings,negative,0.0,-0.9019150107365375
2023-10-11,XOM,Exxon Mobil rallies as it announced a share buyback program,positive,1.0,0.9480031451104668
2023-10-12,XOM,Exxon Mobil shares surged after reported record quarterly profit,positive,1.0,0.9092566155210916
2023-10-13,XOM,Exxon Mobil shares trade flat as it presented at an industry conference,neutral,0.0,-0.0002192237090026701
2023-10-16,XOM,"Exxon Mobil unveiled a new product line to strong demand, shares climb",positive,1.0,0.9354654161317566
2023-10-16,XOM,Exxon Mobil shares sank after missed analyst earnings estimates,negative,-1.0,-0.8337879311815937
2023-10-17,XOM,Exxon Mobil drops as it cut its full-year guidance,negative,-1.0,-0.8820296331219835
2023-10-19,XOM,Analysts turn cautious on Exxon Mobil after weak revenue,negative,-1.0,-0.9304783404357158
2023-10-19,XOM,Analysts turn cautious on Exxon Mobil after weak guidance,negative,-1.0,-0.910936332866733
2023-10-23,XOM,Exxon Mobil shares trade flat as it presented at an industry conference,neutral,0.0,-0.0002192237090026701
2023-10-23,XOM,Exxon Mobil shares climbed after raised its full-year guidance,positive,1.0,0.8166213993433782
2023-10-24,XOM,Exxon Mobil drops as it received an analyst downgrade,negative,-1.0,-0.9165117790888889
2023-10-26,XOM,Exxon Mobil rallies as it received an analyst upgrade,positive,1.0,0.9071707408288406
2023-10-26,XOM,Exxon Mobil will report quarterly results next week,neutral,0.0,0.003548601535587538
2023-11-03,XOM,Exxon Mobil drops as it faces a regulatory investigation,negative,-1.0,-0.9290464770071157
2023-11-07,XOM,"Exxon Mobil announced layoffs amid cost cuts, shares slide",negative,-1.0,-0.9378580985838791
2023-11-08,XOM,Exxon Mobil drops as it cut its full-year guidance,negative,-1.0,-0.8820296331219835
2023-11-09,XOM,Exxon Mobil shares fell after missed analyst earnings estimates,negative,-1.0,-0.8318254856257347
2023-11-09,XOM,Exxon Mobil rallies as it reported record quarterly profit,positive,1.0,0.9572365259273464
2023-11-10,XOM,"Exxon Mobil beat analyst earnings estimates, shares climb",positive,1.0,0.8979319723392709
2023-11-13,XOM,Exxon Mobil shares trade flat as it will report quarterly results next week,neutral,0.0,0.0011854908242069917
2023-11-15,XOM,Exxon Mobil stock slumped on worse-than-expected guidance,negative,-1.0,-0.823212921979417
2023-11-15,XOM,Analysts turn bullish on Exxon Mobil after better-than-expected revenue,positive,1.0,0.8959746512050949
2023-11-17,XOM,"Exxon Mobil announced a change to its board of directors, no major stock reaction",neutral,0.0,-0.00024181994248165944
2023-11-20,XOM,Analysts turn bullish on Exxon Mobil after strong cash flow,positive,1.0,0.9118387128621466
2023-11-21,XOM,Analysts turn bullish on Exxon Mobil after robust cash flow,positive,1.0,0.9197765411444008
2023-11-21,XOM,Exxon Mobil rallies as it announced a share buyback program,positive,1.0,0.9480031451104668
2023-11-22,XOM,Exxon Mobil guidance in line with expectations,neutral,0.0,0.003477050498688645
2023-11-27,XOM,Exxon Mobil drops as it received an analyst downgrade,negative,-1.0,-0.9165117790888889
2023-11-27,XOM,Exxon Mobil shares fell after received an analyst downgrade,negative,-1.0,-0.8454959461504765
2023-11-28,XOM,Exxon Mobil rallies as it beat analyst earnings estimates,positive,1.0,0.8996417845890535
2023-11-29,XOM,Analysts turn cautious on Exxon Mobil after weak profit margins,negative,0.0,-0.9058117383198335
2023-12-01,XOM,"Exxon Mobil announced a change to its board of directors, no major stock reaction",neutral,0.0,-0.00024181994248165944
2023-12-04,XOM,Exxon Mobil drops as it missed analyst earnings estimates,negative,-1.0,-0.899924711587855
2023-12-05,XOM,Exxon Mobil stock fell on worse-than-expected quarterly earnings,negative,-1.0,-0.8260861833612845
2023-12-06,XOM,Exxon Mobil rallies as it raised its full-year guidance,positive,1.0,0.9136106699449013
2023-12-08,XOM,Exxon Mobil stock slumped on weak revenue,negative,-1.0,-0.8531349213852304
2023-12-11,XOM,"Exxon Mobil received an analyst upgrade, shares climb",positive,1.0,0.910202960486694
2023-12-11,XOM,Analysts turn bullish on Exxon Mobil after strong profit margins,positive,1.0,0.9094162691576648
2023-12-12,XOM,"Exxon Mobil faces a regulatory investigation, shares slide",negative,-1.0,-0.9462448317567261
2023-12-13,XOM,Exxon Mobil to hold investor call on profit margins,neutral,1.0,-5.6556332430023754e-05
2023-12-13,XOM,Exxon Mobil rallies as it beat analyst earnings estimates,positive,1.0,0.8996417845890535
2023-12-15,XOM,"Exxon Mobil received an analyst upgrade, shares climb",positive,1.0,0.910202960486694
2023-12-18,XOM,Exxon Mobil shares advanced after unveiled a new product line to strong demand,positive,1.0,0.9096188757536765
2023-12-20,XOM,Exxon Mobil shares climbed after announced a share buyback program,positive,1.0,0.8942688618957716
2023-12-22,XOM,Analysts turn cautious on Exxon Mobil after worse-than-expected guidance,negative,0.0,-0.9013405789378118
2023-12-26,XOM,Exxon Mobil shares rallied after announced a share buyback program,positive,1.0,0.9145311377040306
2023-12-29,XOM,Exxon Mobil shares sank after faces a regulatory investigation,negative,-1.0,-0.8929561122764001
2024-01-02,XOM,Exxon Mobil stock rallied on better-than-expected cash flow,positive,1.0,0.7961723024760807
2024-01-03,XOM,Exxon Mobil stock advanced on better-than-expected revenue,positive,1.0,0.8208634161063769
2024-01-04,XOM,"Exxon Mobil missed analyst earnings estimates, shares slide",negative,-1.0,-0.8888303458166829
2024-01-05,XOM,Analysts turn cautious on Exxon Mobil after worse-than-expected sales,negative,0.0,-0.9179050583199171
2024-01-05,XOM,Analysts turn cautious on Exxon Mobil after weak profit margins,negative,0.0,-0.9058117383198335
2024-01-08,XOM,Exxon Mobil drops as it received an analyst downgrade,negative,-1.0,-0.9165117790888889
2024-01-12,XOM,Analysts turn cautious on Exxon Mobil after worse-than-expected guidance,negative,0.0,-0.9013405789378118
2024-01-16,XOM,Exxon Mobil shares rallied after reported record quarterly profit,positive,1.0,0.9385493057911923
2024-01-17,XOM,"Exxon Mobil reported record quarterly profit, shares climb",positive,1.0,0.9604719608739999
2024-01-22,XOM,Exxon Mobil rallies as it unveiled a new product line to strong demand,positive,1.0,0.9375787139468228
2024-01-24,XOM,Exxon Mobil shares climbed after unveiled a new product line to strong demand,positive,1.0,0.9142495421291464
2024-01-25,XOM,Exxon Mobil to hold investor call on sales,neutral,0.0,0.0005213678707563126
2024-01-26,XOM,Exxon Mobil stock advanced on strong revenue,positive,1.0,0.8212768981452863
2024-01-30,XOM,Exxon Mobil shares fell after cut its full-year guidance,negative,-1.0,-0.8171005883055298
2024-01-31,XOM,Exxon Mobil shares sank after faces a regulatory investigation,negative,-1.0,-0.8929561122764001
2024-02-01,XOM,Exxon Mobil revenue in line with expectations,neutral,0.0,0.00029027679556356545
2024-02-01,XOM,"Exxon Mobil received an analyst downgrade, shares slide",negative,-1.0,-0.9102145265981366
2024-02-02,XOM,Analysts turn bullish on Exxon Mobil after robust profit margins,positive,1.0,0.9028166241780556
2024-02-07,XOM,Analysts turn bullish on Exxon Mobil after record quarterly earnings,positive,1.0,0.9377511133470202
2024-02-08,XOM,Exxon Mobil stock climbed on resilient quarterly earnings,positive,1.0,0.7907194919225766
2024-02-09,XOM,Exxon Mobil stock jumped on strong profit margins,positive,1.0,0.7732822237191899
2024-02-12,XOM,Exxon Mobil shares plunged after warned of a demand slowdown,negative,-1.0,-0.8488995261958836
2024-02-15,XOM,Exxon Mobil stock slumped on weak cash flow,negative,-1.0,-0.7672279433086282
2024-02-20,XOM,Exxon Mobil drops as it faces a regulatory investigation,negative,-1.0,-0.9290464770071157
2024-02-21,XOM,Exxon Mobil shares jumped after beat analyst earnings estimates,positive,1.0,0.858483355681237
2024-02-22,XOM,Exxon Mobil to hold investor call on revenue,neutral,0.0,-0.0017494321607140276
2024-02-26,XOM,Exxon Mobil sales in line with expectations,neutral,0.0,0.0032882548877959383
2024-02-26,XOM,Analysts turn cautious on Exxon Mobil after troubling revenue,negative,0.0,-0.9200759117432882
2024-02-29,XOM,Exxon Mobil profit margins in line with expectations,neutral,1.0,0.002450804162660622
2024-02-29,XOM,Exxon Mobil rallies as it unveiled a new product line to strong demand,positive,1.0,0.9375787139468228
2024-03-01,XOM,Analysts turn cautious on Exxon Mobil after troubling cash flow,negative,0.0,-0.9044197323674873
2024-03-04,XOM,Exxon Mobil drops as it warned of a demand slowdown,negative,-1.0,-0.932293091912979
2024-03-05,XOM,Analysts turn cautious on Exxon Mobil after worse-than-expected guidance,negative,0.0,-0.9013405789378118
2024-03-06,XOM,Analysts turn cautious on Exxon Mobil after soft guidance,negative,0.0,-0.9080431519446229
2024-03-08,XOM,Exxon Mobil stock rallied on robust cash flow,positive,1.0,0.8233861298940185
2024-03-08,XOM,Exxon Mobil quarterly earnings in line with expectations,neutral,0.0,0.006036957556121839
2024-03-11,XOM,"Exxon Mobil raised its full-year guidance, shares climb",positive,1.0,0.8928244799889913
2024-03-12,XOM,Exxon Mobil filed its routine quarterly disclosure,neutral,0.0,0.0025949567906713017
2024-03-13,XOM,"Exxon Mobil reported record quarterly profit, shares climb",positive,1.0,0.9604719608739999
2024-03-18,XOM,Exxon Mobil stock jumped on strong profit margins,positive,1.0,0.7732822237191899
2024-03-19,XOM,Exxon Mobil shares fell after faces a regulatory investigation,negative,-1.0,-0.8796299091399267
2024-03-20,XOM,Exxon Mobil shares rallied after received an analyst upgrade,positive,1.0,0.8453153044423084
2024-03-21,XOM,"Exxon Mobil held its annual shareholder meeting, no major stock reaction",neutral,0.0,-0.0005666435403957684
2024-03-22,XOM,Exxon Mobil rallies as it raised its full-year guidance,positive,1.0,0.9136106699449013
2024-03-26,XOM,Exxon Mobil stock climbed on robust guidance,positive,1.0,0.8410608003417815
2024-03-27,XOM,Exxon Mobil rallies as it raised its full-year guidance,positive,1.0,0.9136106699449013
2024-03-27,XOM,Exxon Mobil shares fell after announced layoffs amid cost cuts,negative,-1.0,-0.9202001190980784
2024-03-28,XOM,Exxon Mobil cash flow in line with expectations,neutral,0.0,0.002547331021252361
2024-04-03,XOM,"Exxon Mobil unveiled a new product line to strong demand, shares climb",positive,1.0,0.9354654161317566
2024-04-04,XOM,Exxon Mobil stock tumbled on soft sales,negative,-1.0,-0.7524798830179599
2024-04-08,XOM,Analysts turn cautious on Exxon Mobil after weak cash flow,negative,-1.0,-0.8781296723226827
2024-04-10,XOM,Exxon Mobil revenue in line with expectations,neutral,0.0,0.00029027679556356545
2024-04-11,XOM,Exxon Mobil shares sank after announced layoffs amid cost cuts,negative,-1.0,-0.9077424713227406
2024-04-12,XOM,Analysts turn cautious on Exxon Mobil after weak sales,negative,-1.0,-0.9152336989584261
2024-04-12,XOM,Exxon Mobil rallies as it beat analyst earnings estimates,positive,1.0,0.8996417845890535
2024-04-16,XOM,Analysts turn cautious on Exxon Mobil after soft cash flow,negative,0.0,-0.888147306385772
2024-04-22,XOM,Exxon Mobil stock advanced on robust cash flow,positive,1.0,0.7984199119914734
2024-04-24,XOM,Exxon Mobil stock soared on better-than-expected guidance,positive,1.0,0.801499622857269
2024-04-25,XOM,Exxon Mobil revenue in line with expectations,neutral,0.0,0.00029027679556356545
2024-04-29,XOM,Exxon Mobil shares trade flat as it presented at an industry conference,neutral,0.0,-0.0002192237090026701
2024-04-29,XOM,Analysts turn cautious on Exxon Mobil after soft guidance,negative,0.0,-0.9080431519446229
2024-04-30,XOM,Exxon Mobil drops as it warned of a demand slowdown,negative,-1.0,-0.932293091912979
2024-05-02,XOM,Exxon Mobil shares trade flat as it maintained its previous guidance,neutral,0.0,0.00032398646448441107
2024-05-06,XOM,Exxon Mobil sales in line with expectations,neutral,0.0,0.0032882548877959383
2024-05-14,XOM,"Exxon Mobil missed analyst earnings estimates, shares slide",negative,-1.0,-0.8888303458166829
2024-05-16,XOM,Exxon Mobil rallies as it received an analyst upgrade,positive,1.0,0.9071707408288406
2024-05-17,XOM,Exxon Mobil to hold investor call on guidance,neutral,0.0,0.0007942356304215595
2024-05-22,XOM,Exxon Mobil drops as it warned of a demand slowdown,negative,-1.0,-0.932293091912979
2024-05-28,XOM,Exxon Mobil filed its routine quarterly disclosure,neutral,0.0,0.0025949567906713017
2024-05-30,XOM,Exxon Mobil shares surged after received an analyst upgrade,positive,1.0,0.8051949409137744
2024-06-03,XOM,Analysts turn cautious on Exxon Mobil after soft guidance,negative,0.0,-0.9080431519446229
2024-06-04,XOM,Exxon Mobil shares slumped after faces a regulatory investigation,negative,-1.0,-0.9031692156775558
2024-06-05,XOM,Exxon Mobil shares slumped after missed analyst earnings estimates,negative,-1.0,-0.8472857590010028
2024-06-06,XOM,Exxon Mobil drops as it faces a regulatory investigation,negative,-1.0,-0.9290464770071157
2024-06-07,XOM,Exxon Mobil shares jumped after received an analyst upgrade,positive,1.0,0.8454739245836624
2024-06-10,XOM,"Exxon Mobil faces a regulatory investigation, shares slide",negative,-1.0,-0.9462448317567261
2024-06-11,XOM,Exxon Mobil shares sank after missed analyst earnings estimates,negative,-1.0,-0.8337879311815937
2024-06-12,XOM,"Exxon Mobil announced a change to its board of directors, no major stock reaction",neutral,0.0,-0.00024181994248165944
2024-06-13,XOM,Analysts turn cautious on Exxon Mobil after soft quarterly earnings,negative,0.0,-0.8704190484653938
2024-06-13,XOM,"Exxon Mobil cut its full-year guidance, shares slide",negative,-1.0,-0.8665817807849032
2024-06-17,XOM,Exxon Mobil profit margins in line with expectations,neutral,1.0,0.002450804162660622
2024-06-21,XOM,Exxon Mobil drops as it announced layoffs amid cost cuts,negative,-1.0,-0.9342010993356469
2024-06-25,XOM,Exxon Mobil shares climbed after reported record quarterly profit,positive,1.0,0.9157005120689025
2024-06-26,XOM,Exxon Mobil shares tumbled after cut its full-year guidance,negative,-1.0,-0.7935353869122845
2024-06-27,XOM,Exxon Mobil shares soared after announced a share buyback program,positive,1.0,0.9130136178153051
2024-06-27,XOM,Exxon Mobil shares fell after faces a regulatory investigation,negative,-1.0,-0.8796299091399267
2024-06-28,XOM,Exxon Mobil drops as it warned of a demand slowdown,negative,-1.0,-0.932293091912979
2024-07-02,XOM,"Exxon Mobil warned of a demand slowdown, shares slide",negative,-1.0,-0.9434607704027538
2024-07-09,XOM,"Exxon Mobil warned of a demand slowdown, shares slide",negative,-1.0,-0.9434607704027538
2024-07-11,XOM,Analysts turn cautious on Exxon Mobil after soft sales,negative,0.0,-0.8965775730573854
2024-07-12,XOM,Exxon Mobil filed its routine quarterly disclosure,neutral,0.0,0.0025949567906713017
2024-07-15,XOM,Exxon Mobil shares dropped after warned of a demand slowdown,negative,-1.0,-0.8945965279316708
2024-07-15,XOM,Exxon Mobil revenue in line with expectations,neutral,0.0,0.00029027679556356545
2024-07-18,XOM,Exxon Mobil shares advanced after raised its full-year guidance,positive,1.0,0.8122479359914753
2024-07-19,XOM,Exxon Mobil drops as it missed analyst earnings estimates,negative,-1.0,-0.899924711587855
2024-07-24,XOM,"Exxon Mobil received an analyst downgrade, shares slide",negative,-1.0,-0.9102145265981366
2024-07-29,XOM,Exxon Mobil shares trade flat as it held its annual shareholder meeting,neutral,0.0,-0.00048537225604972783
2024-07-30,XOM,"Exxon Mobil warned of a demand slowdown, shares slide",negative,-1.0,-0.9434607704027538
2024-07-31,XOM,Exxon Mobil rallies as it received an analyst upgrade,positive,1.0,0.9071707408288406
2024-07-31,XOM,Exxon Mobil shares surged after beat analyst earnings estimates,positive,1.0,0.8417573108568388
2024-08-01,XOM,Exxon Mobil drops as it announced layoffs amid cost cuts,negative,-1.0,-0.9342010993356469
2024-08-02,XOM,Analysts turn bullish on Exxon Mobil after resilient revenue,positive,1.0,0.8870512895336659
2024-08-06,XOM,Exxon Mobil drops as it announced layoffs amid cost cuts,negative,-1.0,-0.9342010993356469
2024-08-07,XOM,Exxon Mobil revenue in line with expectations,neutral,0.0,0.00029027679556356545
2024-08-08,XOM,Exxon Mobil shares dropped after warned of a demand slowdown,negative,-1.0,-0.8945965279316708
2024-08-09,XOM,Exxon Mobil shares rallied after announced a share buyback program,positive,1.0,0.9145311377040306
2024-08-09,XOM,Exxon Mobil to hold investor call on guidance,neutral,0.0,0.0007942356304215595
2024-08-12,XOM,Exxon Mobil rallies as it raised its full-year guidance,positive,1.0,0.9136106699449013
2024-08-13,XOM,"Exxon Mobil announced a share buyback program, shares climb",positive,1.0,0.9391785863517449
2024-08-20,XOM,Exxon Mobil shares trade flat as it will report quarterly results next week,neutral,0.0,0.0011854908242069917
2024-08-22,XOM,Exxon Mobil cash flow in line with expectations,neutral,0.0,0.002547331021252361
2024-08-28,XOM,Exxon Mobil rallies as it unveiled a new product line to strong demand,positive,1.0,0.9375787139468228
2024-08-28,XOM,Exxon Mobil rallies as it received an analyst upgrade,positive,1.0,0.9071707408288406
2024-08-29,XOM,"Exxon Mobil announced a change to its board of directors, no major stock reaction",neutral,0.0,-0.00024181994248165944
2024-08-30,XOM,"Exxon Mobil faces a regulatory investigation, shares slide",negative,-1.0,-0.9462448317567261
2024-09-04,XOM,Exxon Mobil rallies as it raised its full-year guidance,positive,1.0,0.9136106699449013
2024-09-10,XOM,"Exxon Mobil reported record quarterly profit, shares climb",positive,1.0,0.9604719608739999
2024-09-11,XOM,Analysts turn cautious on Exxon Mobil after disappointing revenue,negative,0.0,-0.94216948428509
2024-09-13,XOM,Exxon Mobil rallies as it announced a share buyback program,positive,1.0,0.9480031451104668
2024-09-16,XOM,Exxon Mobil shares soared after announced a share buyback program,positive,1.0,0.9130136178153051
2024-09-16,XOM,Analysts turn bullish on Exxon Mobil after record guidance,positive,1.0,0.9104384517489197
2024-09-18,XOM,Exxon Mobil shares surged after beat analyst earnings estimates,positive,1.0,0.8417573108568388
2024-09-19,XOM,Exxon Mobil to hold investor call on guidance,neutral,0.0,0.0007942356304215595
2024-09-19,XOM,Exxon Mobil shares soared after received an analyst upgrade,positive,1.0,0.8403587278248567
2024-09-20,XOM,Exxon Mobil rallies as it received an analyst upgrade,positive,1.0,0.9071707408288406
2024-09-24,XOM,Exxon Mobil shares surged after raised its full-year guidance,positive,1.0,0.8158231431634144
2024-09-27,XOM,"Exxon Mobil faces a regulatory investigation, shares slide",negative,-1.0,-0.9462448317567261
2024-09-30,XOM,Analysts turn cautious on Exxon Mobil after soft sales,negative,0.0,-0.8965775730573854
2024-09-30,XOM,Exxon Mobil rallies as it unveiled a new product line to strong demand,positive,1.0,0.9375787139468228
2024-10-07,XOM,Exxon Mobil profit margins in line with expectations,neutral,1.0,0.002450804162660622
2024-10-09,XOM,Exxon Mobil shares advanced after announced a share buyback program,positive,1.0,0.8910790286256096
2024-10-16,XOM,Exxon Mobil rallies as it announced a share buyback program,positive,1.0,0.9480031451104668
2024-10-22,XOM,Analysts turn bullish on Exxon Mobil after resilient sales,positive,1.0,0.8789955448217813
2024-10-24,XOM,Exxon Mobil stock rallied on record quarterly earnings,positive,1.0,0.8672744515823991
2024-10-25,XOM,Exxon Mobil shares rallied after beat analyst earnings estimates,positive,1.0,0.8701485872443158
2024-10-29,XOM,Analysts turn bullish on Exxon Mobil after better-than-expected quarterly earnings,positive,1.0,0.8887015991718545
2024-10-31,XOM,"Exxon Mobil announced a share buyback program, shares climb",positive,1.0,0.9391785863517449
2024-10-31,XOM,Exxon Mobil rallies as it beat analyst earnings estimates,positive,1.0,0.8996417845890535
2024-11-04,XOM,Exxon Mobil drops as it cut its full-year guidance,negative,-1.0,-0.8820296331219835
2024-11-05,XOM,"Exxon Mobil beat analyst earnings estimates, shares climb",positive,1.0,0.8979319723392709
2024-11-06,XOM,"Exxon Mobil faces a regulatory investigation, shares slide",negative,-1.0,-0.9462448317567261
2024-11-06,XOM,"Exxon Mobil received an analyst upgrade, shares climb",positive,1.0,0.910202960486694
2024-11-07,XOM,Exxon Mobil shares advanced after beat analyst earnings estimates,positive,1.0,0.8309734115658207
2024-11-08,XOM,Exxon Mobil rallies as it raised its full-year guidance,positive,1.0,0.9136106699449013
2024-11-08,XOM,Exxon Mobil presented at an industry conference,neutral,0.0,-0.0003002357931982391
2024-11-11,XOM,Exxon Mobil to hold investor call on sales,neutral,0.0,0.0005213678707563126
2024-11-12,XOM,"Exxon Mobil unveiled a new product line to strong demand, shares climb",positive,1.0,0.9354654161317566
2024-11-13,XOM,Exxon Mobil announced a change to its board of directors,neutral,0.0,0.00020440607878861872
2024-11-13,XOM,Exxon Mobil stock dropped on soft sales,negative,-1.0,-0.7002168102314924
2024-11-15,XOM,Exxon Mobil rallies as it received an analyst upgrade,positive,1.0,0.9071707408288406
2024-11-18,XOM,Analysts turn bullish on Exxon Mobil after better-than-expected sales,positive,1.0,0.891946029578845
2024-11-20,XOM,"Exxon Mobil cut its full-year guidance, shares slide",negative,-1.0,-0.8665817807849032
2024-11-22,XOM,Exxon Mobil shares trade flat as it presented at an industry conference,neutral,0.0,-0.0002192237090026701
2024-11-25,XOM,Exxon Mobil rallies as it beat analyst earnings estimates,positive,1.0,0.8996417845890535
2024-11-26,XOM,Exxon Mobil guidance in line with expectations,neutral,0.0,0.003477050498688645
2024-11-27,XOM,Exxon Mobil shares surged after received an analyst upgrade,positive,1.0,0.8051949409137744
2024-11-29,XOM,Exxon Mobil stock surged on robust revenue,positive,1.0,0.7939620016187088
2024-11-29,XOM,"Exxon Mobil warned of a demand slowdown, shares slide",negative,-1.0,-0.9434607704027538
2024-12-02,XOM,Analysts turn cautious on Exxon Mobil after weak revenue,negative,-1.0,-0.9304783404357158
2024-12-03,XOM,"Exxon Mobil received an analyst upgrade, shares climb",positive,1.0,0.910202960486694
2024-12-05,XOM,"Exxon Mobil reported record quarterly profit, shares climb",positive,1.0,0.9604719608739999
2024-12-05,XOM,"Exxon Mobil received an analyst downgrade, shares slide",negative,-1.0,-0.9102145265981366
2024-12-06,XOM,Analysts turn bullish on Exxon Mobil after robust guidance,positive,1.0,0.9390917077602428
2024-12-09,XOM,Exxon Mobil shares climbed after reported record quarterly profit,positive,1.0,0.9157005120689025
2024-12-09,XOM,Exxon Mobil rallies as it announced a share buyback program,positive,1.0,0.9480031451104668
2024-12-12,XOM,Exxon Mobil filed its routine quarterly disclosure,neutral,0.0,0.0025949567906713017
2024-12-12,XOM,Exxon Mobil shares fell after cut its full-year guidance,negative,-1.0,-0.8171005883055298
2024-12-13,XOM,"Exxon Mobil announced a change to its board of directors, no major stock reaction",neutral,0.0,-0.00024181994248165944
2024-12-16,XOM,Exxon Mobil stock advanced on better-than-expected sales,positive,1.0,0.8151365349642952
2024-12-17,XOM,Exxon Mobil stock tumbled on weak profit margins,negative,-0.3333333333333333,-0.7784343101801277
2024-12-17,XOM,Exxon Mobil held its annual shareholder meeting,neutral,0.0,-0.0009004484357383741
2024-12-18,XOM,"Exxon Mobil received an analyst upgrade, shares climb",positive,1.0,0.910202960486694
2024-12-20,XOM,Exxon Mobil shares dropped after announced layoffs amid cost cuts,negative,-1.0,-0.9135641174067459
2024-12-23,XOM,Exxon Mobil to hold investor call on profit margins,neutral,1.0,-5.6556332430023754e-05
2024-12-26,XOM,Exxon Mobil drops as it cut its full-year guidance,negative,-1.0,-0.8820296331219835
2025-01-03,XOM,Exxon Mobil shares advanced after raised its full-year guidance,positive,1.0,0.8122479359914753
2025-01-06,XOM,Exxon Mobil stock jumped on better-than-expected cash flow,positive,1.0,0.7894990878927697
2025-01-07,XOM,Exxon Mobil shares dropped after warned of a demand slowdown,negative,-1.0,-0.8945965279316708
2025-01-07,XOM,Analysts turn bullish on Exxon Mobil after better-than-expected profit margins,positive,1.0,0.8758580389347507
2025-01-08,XOM,Exxon Mobil shares jumped after announced a share buyback program,positive,1.0,0.909443991765492
2025-01-14,XOM,Analysts turn cautious on Exxon Mobil after weak quarterly earnings,negative,-1.0,-0.8797798586307682
2025-01-15,XOM,Exxon Mobil held its annual shareholder meeting,neutral,0.0,-0.0009004484357383741
2025-01-15,XOM,Exxon Mobil sales in line with expectations,neutral,0.0,0.0032882548877959383
2025-01-16,XOM,Exxon Mobil stock slumped on troubling cash flow,negative,-1.0,-0.8213115327000657
2025-01-16,XOM,Exxon Mobil stock slumped on disappointing profit margins,negative,0.0,-0.823514050311982
2025-01-17,XOM,Exxon Mobil stock sank on worse-than-expected sales,negative,-1.0,-0.8347715158535297
2025-01-21,XOM,Analysts turn bullish on Exxon Mobil after resilient sales,positive,1.0,0.8789955448217813
2025-01-21,XOM,Analysts turn bullish on Exxon Mobil after resilient guidance,positive,1.0,0.8719714686184997
2025-01-24,XOM,Exxon Mobil drops as it missed analyst earnings estimates,negative,-1.0,-0.899924711587855
2025-01-29,XOM,"Exxon Mobil cut its full-year guidance, shares slide",negative,-1.0,-0.8665817807849032
2025-02-04,XOM,Exxon Mobil rallies as it announced a share buyback program,positive,1.0,0.9480031451104668
2025-02-05,XOM,Analysts turn cautious on Exxon Mobil after troubling quarterly earnings,negative,0.0,-0.8797555468835807
2025-02-07,XOM,"Exxon Mobil beat analyst earnings estimates, shares climb",positive,1.0,0.8979319723392709
2025-02-07,XOM,Analysts turn cautious on Exxon Mobil after disappointing quarterly earnings,negative,0.0,-0.9168111937197034
2025-02-11,XOM,Exxon Mobil shares trade flat as it will report quarterly results next week,neutral,0.0,0.0011854908242069917
2025-02-13,XOM,Exxon Mobil drops as it announced layoffs amid cost cuts,negative,-1.0,-0.9342010993356469
2025-02-19,XOM,Exxon Mobil shares soared after unveiled a new product line to strong demand,positive,1.0,0.9181502507421971
2025-02-20,XOM,Analysts turn bullish on Exxon Mobil after robust cash flow,positive,1.0,0.9197765411444008
2025-02-25,XOM,Exxon Mobil stock surged on strong guidance,positive,1.0,0.8376371430832292
2025-02-26,XOM,Exxon Mobil shares jumped after received an analyst upgrade,positive,1.0,0.8454739245836624
2025-02-28,XOM,"Exxon Mobil reported record quarterly profit, shares climb",positive,1.0,0.9604719608739999
2025-03-03,XOM,Exxon Mobil shares slumped after faces a regulatory investigation,negative,-1.0,-0.9031692156775558
2025-03-04,XOM,"Exxon Mobil cut its full-year guidance, shares slide",negative,-1.0,-0.8665817807849032
2025-03-05,XOM,Exxon Mobil shares trade flat as it held its annual shareholder meeting,neutral,0.0,-0.00048537225604972783
2025-03-05,XOM,Exxon Mobil shares fell after warned of a demand slowdown,negative,-1.0,-0.8696455875041058
2025-03-06,XOM,"Exxon Mobil missed analyst earnings estimates, shares slide",negative,-1.0,-0.8888303458166829
2025-03-07,XOM,Exxon Mobil to hold investor call on guidance,neutral,0.0,0.0007942356304215595
2025-03-11,XOM,Exxon Mobil sales in line with expectations,neutral,0.0,0.0032882548877959383
2025-03-12,XOM,Exxon Mobil rallies as it raised its full-year guidance,positive,1.0,0.9136106699449013
2025-03-14,XOM,Exxon Mobil to hold investor call on cash flow,neutral,0.0,0.00018397099217979523
2025-03-18,XOM,Exxon Mobil rallies as it raised its full-year guidance,positive,1.0,0.9136106699449013
2025-03-19,XOM,"Exxon Mobil beat analyst earnings estimates, shares climb",positive,1.0,0.8979319723392709
2025-03-21,XOM,"Exxon Mobil warned of a demand slowdown, shares slide",negative,-1.0,-0.9434607704027538
2025-03-25,XOM,Analysts turn bullish on Exxon Mobil after record cash flow,positive,1.0,0.8961214755328507
2025-03-25,XOM,"Exxon Mobil faces a regulatory investigation, shares slide",negative,-1.0,-0.9462448317567261
2025-03-26,XOM,Exxon Mobil stock jumped on strong sales,positive,1.0,0.8344986271524891
2025-03-28,XOM,Exxon Mobil rallies as it received an analyst upgrade,positive,1.0,0.9071707408288406
2025-04-01,XOM,Analysts turn bullish on Exxon Mobil after robust cash flow,positive,1.0,0.9197765411444008
2025-04-03,XOM,Analysts turn bullish on Exxon Mobil after record cash flow,positive,1.0,0.8961214755328507
2025-04-08,XOM,"Exxon Mobil received an analyst downgrade, shares slide",negative,-1.0,-0.9102145265981366
2025-04-08,XOM,Exxon Mobil shares trade flat as it presented at an industry conference,neutral,0.0,-0.0002192237090026701
2025-04-09,XOM,Exxon Mobil stock fell on weak guidance,negative,-1.0,-0.8061717224247459
2025-04-10,XOM,Exxon Mobil shares advanced after raised its full-year guidance,positive,1.0,0.8122479359914753
2025-04-14,XOM,"Exxon Mobil received an analyst upgrade, shares climb",positive,1.0,0.910202960486694
2025-04-16,XOM,Analysts turn bullish on Exxon Mobil after record revenue,positive,1.0,0.8871374129536813
2025-04-21,XOM,Analysts turn cautious on Exxon Mobil after worse-than-expected revenue,negative,0.0,-0.916942965477466
2025-04-24,XOM,Exxon Mobil shares trade flat as it held its annual shareholder meeting,neutral,0.0,-0.00048537225604972783
2025-04-25,XOM,Analysts turn cautious on Exxon Mobil after soft sales,negative,0.0,-0.8965775730573854
2025-04-28,XOM,"Exxon Mobil unveiled a new product line to strong demand, shares climb",positive,1.0,0.9354654161317566
2025-04-28,XOM,Exxon Mobil rallies as it reported record quarterly profit,positive,1.0,0.9572365259273464
2025-04-29,XOM,Exxon Mobil shares sank after received an analyst downgrade,negative,-1.0,-0.8343189964885224
2025-04-30,XOM,"Exxon Mobil received an analyst downgrade, shares slide",negative,-1.0,-0.9102145265981366
2025-05-01,XOM,Exxon Mobil shares trade flat as it announced a change to its board of directors,neutral,0.0,0.00023552049488587481
2025-05-02,XOM,"Exxon Mobil announced a share buyback program, shares climb",positive,1.0,0.9391785863517449
2025-05-06,XOM,"Exxon Mobil received an analyst upgrade, shares climb",positive,1.0,0.910202960486694
2025-05-08,XOM,Exxon Mobil shares soared after beat analyst earnings estimates,positive,1.0,0.8438543668887755
2025-05-12,XOM,Exxon Mobil rallies as it raised its full-year guidance,positive,1.0,0.9136106699449013
2025-05-12,XOM,Exxon Mobil maintained its previous guidance,neutral,0.0,0.0014766953148109274
2025-05-14,XOM,Exxon Mobil shares rallied after unveiled a new product line to strong demand,positive,1.0,0.9378744353688725
2025-05-14,XOM,Exxon Mobil drops as it announced layoffs amid cost cuts,negative,-1.0,-0.9342010993356469
2025-05-16,XOM,Exxon Mobil shares slumped after missed analyst earnings estimates,negative,-1.0,-0.8472857590010028
2025-05-20,XOM,Analysts turn cautious on Exxon Mobil after worse-than-expected quarterly earnings,negative,0.0,-0.9019150107365375
2025-05-20,XOM,Exxon Mobil stock soared on robust sales,positive,1.0,0.8160472522909605
2025-05-21,XOM,Exxon Mobil cash flow in line with expectations,neutral,0.0,0.002547331021252361
2025-05-27,XOM,Exxon Mobil stock tumbled on worse-than-expected cash flow,negative,-1.0,-0.8236270943674688
2025-05-28,XOM,"Exxon Mobil faces a regulatory investigation, shares slide",negative,-1.0,-0.9462448317567261
2025-05-28,XOM,"Exxon Mobil announced a change to its board of directors, no major stock reaction",neutral,0.0,-0.00024181994248165944
2025-06-09,XOM,"Exxon Mobil reported record quarterly profit, shares climb",positive,1.0,0.9604719608739999
2025-06-10,XOM,Exxon Mobil drops as it faces a regulatory investigation,negative,-1.0,-0.9290464770071157
2025-06-10,XOM,Exxon Mobil to hold investor call on profit margins,neutral,1.0,-5.6556332430023754e-05
2025-06-11,XOM,Exxon Mobil shares trade flat as it held its annual shareholder meeting,neutral,0.0,-0.00048537225604972783
2025-06-11,XOM,Analysts turn bullish on Exxon Mobil after record revenue,positive,1.0,0.8871374129536813
2025-06-17,XOM,"Exxon Mobil announced a share buyback program, shares climb",positive,1.0,0.9391785863517449
2025-06-17,XOM,"Exxon Mobil missed analyst earnings estimates, shares slide",negative,-1.0,-0.8888303458166829
2025-06-20,XOM,Exxon Mobil cash flow in line with expectations,neutral,0.0,0.002547331021252361
2025-06-26,XOM,Analysts turn bullish on Exxon Mobil after record guidance,positive,1.0,0.9104384517489197
2025-06-27,XOM,Exxon Mobil stock tumbled on soft guidance,negative,-1.0,-0.7710403470297205
2025-07-02,XOM,"Exxon Mobil raised its full-year guidance, shares climb",positive,1.0,0.8928244799889913
2025-07-03,XOM,"Exxon Mobil maintained its previous guidance, no major stock reaction",neutral,0.0,0.00014818218691472693
2025-07-07,XOM,Analysts turn cautious on Exxon Mobil after troubling guidance,negative,0.0,-0.9052189389669186
2025-07-07,XOM,Exxon Mobil drops as it cut its full-year guidance,negative,-1.0,-0.8820296331219835
2025-07-09,XOM,"Exxon Mobil received an analyst upgrade, shares climb",positive,1.0,0.910202960486694
2025-07-09,XOM,"Exxon Mobil will report quarterly results next week, no major stock reaction",neutral,0.0,0.0009489040621030211
2025-07-15,XOM,Exxon Mobil stock slumped on disappointing sales,negative,-1.0,-0.8429873569443304
2025-07-18,XOM,Exxon Mobil shares plunged after missed analyst earnings estimates,negative,-1.0,-0.7813341794705316
2025-07-18,XOM,Analysts turn bullish on Exxon Mobil after robust sales,positive,1.0,0.9348189134601652
2025-07-30,XOM,Exxon Mobil to hold investor call on revenue,neutral,0.0,-0.0017494321607140276
2025-07-31,XOM,Analysts turn bullish on Exxon Mobil after better-than-expected quarterly earnings,positive,1.0,0.8887015991718545
2025-08-05,XOM,Exxon Mobil rallies as it received an analyst upgrade,positive,1.0,0.9071707408288406
2025-08-07,XOM,Exxon Mobil shares slumped after cut its full-year guidance,negative,-1.0,-0.8382521069947991
2025-08-08,XOM,Exxon Mobil shares fell after faces a regulatory investigation,negative,-1.0,-0.8796299091399267
2025-08-08,XOM,Exxon Mobil shares jumped after beat analyst earnings estimates,positive,1.0,0.858483355681237
2025-08-14,XOM,Exxon Mobil drops as it missed analyst earnings estimates,negative,-1.0,-0.899924711587855
2025-08-14,XOM,Exxon Mobil stock tumbled on troubling revenue,negative,-1.0,-0.8205661315557997
2025-08-18,XOM,Exxon Mobil shares surged after received an analyst upgrade,positive,1.0,0.8051949409137744
2025-08-18,XOM,Exxon Mobil to hold investor call on cash flow,neutral,0.0,0.00018397099217979523
2025-08-19,XOM,Exxon Mobil shares trade flat as it maintained its previous guidance,neutral,0.0,0.00032398646448441107
2025-08-20,XOM,Exxon Mobil drops as it missed analyst earnings estimates,negative,-1.0,-0.899924711587855
2025-08-21,XOM,Exxon Mobil stock slumped on troubling profit margins,negative,0.0,-0.8001859695692523
2025-08-22,XOM,Exxon Mobil drops as it faces a regulatory investigation,negative,-1.0,-0.9290464770071157
2025-08-25,XOM,Analysts turn cautious on Exxon Mobil after worse-than-expected sales,negative,0.0,-0.9179050583199171
2025-08-25,XOM,Analysts turn bullish on Exxon Mobil after resilient revenue,positive,1.0,0.8870512895336659
2025-08-26,XOM,Exxon Mobil will report quarterly results next week,neutral,0.0,0.003548601535587538
2025-08-26,XOM,Exxon Mobil stock advanced on robust guidance,positive,1.0,0.8269038861058757
2025-08-28,XOM,"Exxon Mobil reported record quarterly profit, shares climb",positive,1.0,0.9604719608739999
2025-08-29,XOM,Exxon Mobil shares trade flat as it will report quarterly results next week,neutral,0.0,0.0011854908242069917
2025-08-29,XOM,"Exxon Mobil unveiled a new product line to strong demand, shares climb",positive,1.0,0.9354654161317566
2025-09-08,XOM,Exxon Mobil shares surged after announced a share buyback program,positive,1.0,0.8931242327656225
2025-09-08,XOM,"Exxon Mobil unveiled a new product line to strong demand, shares climb",positive,1.0,0.9354654161317566
2025-09-09,XOM,Exxon Mobil rallies as it unveiled a new product line to strong demand,positive,1.0,0.9375787139468228
2025-09-11,XOM,Exxon Mobil shares jumped after announced a share buyback program,positive,1.0,0.909443991765492
2025-09-12,XOM,Exxon Mobil shares climbed after announced a share buyback program,positive,1.0,0.8942688618957716
2025-09-12,XOM,Analysts turn cautious on Exxon Mobil after disappointing profit margins,negative,1.0,-0.9152811017382488
2025-09-16,XOM,"Exxon Mobil missed analyst earnings estimates, shares slide",negative,-1.0,-0.8888303458166829
2025-09-17,XOM,Exxon Mobil drops as it faces a regulatory investigation,negative,-1.0,-0.9290464770071157
2025-09-18,XOM,"Exxon Mobil beat analyst earnings estimates, shares climb",positive,1.0,0.8979319723392709
2025-09-23,XOM,"Exxon Mobil announced layoffs amid cost cuts, shares slide",negative,-1.0,-0.9378580985838791
2025-09-24,XOM,Exxon Mobil stock tumbled on troubling profit margins,negative,0.0,-0.774300084310802
2025-09-26,XOM,Analysts turn cautious on Exxon Mobil after worse-than-expected cash flow,negative,0.0,-0.9083404972776945
2025-09-29,XOM,Exxon Mobil stock soared on record quarterly earnings,positive,1.0,0.8244145703819685
2025-09-30,XOM,Analysts turn bullish on Exxon Mobil after record profit margins,positive,1.0,0.8787816905537509
2025-10-01,XOM,Exxon Mobil rallies as it received an analyst upgrade,positive,1.0,0.9071707408288406
2025-10-02,XOM,Exxon Mobil shares tumbled after warned of a demand slowdown,negative,-1.0,-0.8558583774183709
2025-10-03,XOM,Exxon Mobil stock soared on robust profit margins,positive,1.0,0.7660134737817107
2025-10-06,XOM,Analysts turn cautious on Exxon Mobil after soft quarterly earnings,negative,0.0,-0.8704190484653938
2025-10-06,XOM,Exxon Mobil shares sank after received an analyst downgrade,negative,-1.0,-0.8343189964885224
2025-10-07,XOM,Analysts turn bullish on Exxon Mobil after record profit margins,positive,1.0,0.8787816905537509
2025-10-09,XOM,"Exxon Mobil held its annual shareholder meeting, no major stock reaction",neutral,0.0,-0.0005666435403957684
2025-10-14,XOM,Exxon Mobil rallies as it received an analyst upgrade,positive,1.0,0.9071707408288406
2025-10-15,XOM,Exxon Mobil guidance in line with expectations,neutral,0.0,0.003477050498688645
2025-10-21,XOM,Exxon Mobil drops as it faces a regulatory investigation,negative,-1.0,-0.9290464770071157
2025-10-22,XOM,Exxon Mobil shares advanced after reported record quarterly profit,positive,1.0,0.917500908889927
2025-10-23,XOM,"Exxon Mobil raised its full-year guidance, shares climb",positive,1.0,0.8928244799889913
2025-10-24,XOM,Exxon Mobil stock slumped on disappointing sales,negative,-1.0,-0.8429873569443304
2025-10-28,XOM,"Exxon Mobil presented at an industry conference, no major stock reaction",neutral,0.0,-0.00040824288874629494
2025-10-28,XOM,Analysts turn cautious on Exxon Mobil after soft profit margins,negative,1.0,-0.8679663534854428
2025-11-06,XOM,Exxon Mobil shares rallied after announced a share buyback program,positive,1.0,0.9145311377040306
2025-11-06,XOM,Exxon Mobil rallies as it reported record quarterly profit,positive,1.0,0.9572365259273464
2025-11-07,XOM,Exxon Mobil stock dropped on weak guidance,negative,-1.0,-0.7512085939197929
2025-11-10,XOM,Exxon Mobil held its annual shareholder meeting,neutral,0.0,-0.0009004484357383741
2025-11-12,XOM,Exxon Mobil drops as it announced layoffs amid cost cuts,negative,-1.0,-0.9342010993356469
2025-11-14,XOM,Exxon Mobil drops as it faces a regulatory investigation,negative,-1.0,-0.9290464770071157
2025-11-20,XOM,Exxon Mobil stock rallied on robust sales,positive,1.0,0.844805510229802
2025-11-26,XOM,Analysts turn bullish on Exxon Mobil after resilient profit margins,positive,1.0,0.8566341666830166
2025-12-01,XOM,Exxon Mobil shares sank after warned of a demand slowdown,negative,-1.0,-0.8773607989949497
2025-12-03,XOM,Analysts turn cautious on Exxon Mobil after disappointing guidance,negative,0.0,-0.9268368424041395
2025-12-05,XOM,Exxon Mobil shares trade flat as it will report quarterly results next week,neutral,0.0,0.0011854908242069917
2025-12-08,XOM,Exxon Mobil stock soared on better-than-expected revenue,positive,1.0,0.7734269669524476
2025-12-09,XOM,Analysts turn cautious on Exxon Mobil after worse-than-expected profit margins,negative,1.0,-0.9013379201168182
2025-12-11,XOM,Exxon Mobil stock rallied on better-than-expected guidance,positive,1.0,0.8419646473401681
2025-12-12,XOM,Exxon Mobil drops as it warned of a demand slowdown,negative,-1.0,-0.932293091912979
2025-12-15,XOM,Exxon Mobil quarterly earnings in line with expectations,neutral,0.0,0.006036957556121839
2025-12-19,XOM,Analysts turn cautious on Exxon Mobil after weak profit margins,negative,0.0,-0.9058117383198335
2025-12-19,XOM,"Exxon Mobil missed analyst earnings estimates, shares slide",negative,-1.0,-0.8888303458166829
2025-12-22,XOM,"Exxon Mobil received an analyst downgrade, shares slide",negative,-1.0,-0.9102145265981366
2025-12-23,XOM,"Exxon Mobil will report quarterly results next week, no major stock reaction",neutral,0.0,0.0009489040621030211
2025-12-24,XOM,Exxon Mobil rallies as it raised its full-year guidance,positive,1.0,0.9136106699449013
2025-12-24,XOM,Exxon Mobil stock soared on resilient guidance,positive,1.0,0.7708980346020053
2026-01-02,XOM,Exxon Mobil stock soared on strong sales,positive,1.0,0.8592504470072084
2026-01-06,XOM,Exxon Mobil shares rallied after beat analyst earnings estimates,positive,1.0,0.8701485872443158
2026-01-08,XOM,Exxon Mobil shares tumbled after cut its full-year guidance,negative,-1.0,-0.7935353869122845
2026-01-09,XOM,Exxon Mobil drops as it faces a regulatory investigation,negative,-1.0,-0.9290464770071157
2026-01-14,XOM,"Exxon Mobil warned of a demand slowdown, shares slide",negative,-1.0,-0.9434607704027538
2026-01-15,XOM,Exxon Mobil stock soared on resilient cash flow,positive,1.0,0.761805949918624
2026-01-16,XOM,Analysts turn bullish on Exxon Mobil after resilient sales,positive,1.0,0.8789955448217813
2026-01-21,XOM,"Exxon Mobil beat analyst earnings estimates, shares climb",positive,1.0,0.8979319723392709
2026-01-28,XOM,"Exxon Mobil received an analyst downgrade, shares slide",negative,-1.0,-0.9102145265981366
2026-01-29,XOM,"Exxon Mobil missed analyst earnings estimates, shares slide",negative,-1.0,-0.8888303458166829
2026-02-02,XOM,"Exxon Mobil held its annual shareholder meeting, no major stock reaction",neutral,0.0,-0.0005666435403957684
2026-02-02,XOM,Exxon Mobil shares plunged after missed analyst earnings estimates,negative,-1.0,-0.7813341794705316
2026-02-04,XOM,Exxon Mobil to hold investor call on revenue,neutral,0.0,-0.0017494321607140276
2026-02-04,XOM,Exxon Mobil stock slumped on weak revenue,negative,-1.0,-0.8531349213852304
2026-02-05,XOM,Exxon Mobil shares soared after reported record quarterly profit,positive,1.0,0.9434497116248433
2026-02-06,XOM,Exxon Mobil rallies as it received an analyst upgrade,positive,1.0,0.9071707408288406
2026-02-13,XOM,Exxon Mobil shares trade flat as it maintained its previous guidance,neutral,0.0,0.00032398646448441107
2026-02-13,XOM,Exxon Mobil shares sank after faces a regulatory investigation,negative,-1.0,-0.8929561122764001
2026-02-17,XOM,Exxon Mobil to hold investor call on cash flow,neutral,0.0,0.00018397099217979523
2026-02-18,XOM,Exxon Mobil drops as it faces a regulatory investigation,negative,-1.0,-0.9290464770071157
2026-02-19,XOM,Exxon Mobil stock sank on troubling guidance,negative,-1.0,-0.7955580704862864
2026-02-23,XOM,Exxon Mobil stock climbed on strong cash flow,positive,1.0,0.8043195318621232
2026-02-25,XOM,"Exxon Mobil announced a share buyback program, shares climb",positive,1.0,0.9391785863517449
2026-02-26,XOM,Analysts turn bullish on Exxon Mobil after record revenue,positive,1.0,0.8871374129536813
2026-02-27,XOM,"Exxon Mobil missed analyst earnings estimates, shares slide",negative,-1.0,-0.8888303458166829
2026-03-04,XOM,"Exxon Mobil filed its routine quarterly disclosure, no major stock reaction",neutral,0.0,0.0007455281941701405
2026-03-05,XOM,"Exxon Mobil announced a share buyback program, shares climb",positive,1.0,0.9391785863517449
2026-03-06,XOM,Exxon Mobil stock rallied on resilient revenue,positive,1.0,0.7939851065115581
2026-03-10,XOM,Exxon Mobil stock slumped on weak quarterly earnings,negative,-1.0,-0.765977425667715
2026-03-12,XOM,Exxon Mobil presented at an industry conference,neutral,0.0,-0.0003002357931982391
2026-03-13,XOM,Exxon Mobil stock sank on disappointing cash flow,negative,-1.0,-0.7600539105244859
2026-03-13,XOM,Analysts turn bullish on Exxon Mobil after better-than-expected revenue,positive,1.0,0.8959746512050949
2026-03-24,XOM,Exxon Mobil drops as it warned of a demand slowdown,negative,-1.0,-0.932293091912979
2026-03-25,XOM,"Exxon Mobil will report quarterly results next week, no major stock reaction",neutral,0.0,0.0009489040621030211
2026-03-26,XOM,Exxon Mobil shares advanced after unveiled a new product line to strong demand,positive,1.0,0.9096188757536765
2026-03-27,XOM,Analysts turn bullish on Exxon Mobil after record revenue,positive,1.0,0.8871374129536813
2026-04-01,XOM,Exxon Mobil rallies as it beat analyst earnings estimates,positive,1.0,0.8996417845890535
2026-04-07,XOM,Exxon Mobil sales in line with expectations,neutral,0.0,0.0032882548877959383
2026-04-08,XOM,Exxon Mobil shares fell after announced layoffs amid cost cuts,negative,-1.0,-0.9202001190980784
2026-04-08,XOM,Exxon Mobil stock fell on troubling profit margins,negative,0.0,-0.7687925959346072
2026-04-10,XOM,Exxon Mobil drops as it cut its full-year guidance,negative,-1.0,-0.8820296331219835
2026-04-13,XOM,Analysts turn cautious on Exxon Mobil after worse-than-expected cash flow,negative,0.0,-0.9083404972776945
2026-04-15,XOM,Exxon Mobil stock soared on strong profit margins,positive,1.0,0.8016967549484104
2026-04-21,XOM,Exxon Mobil rallies as it received an analyst upgrade,positive,1.0,0.9071707408288406
2026-04-22,XOM,Exxon Mobil drops as it received an analyst downgrade,negative,-1.0,-0.9165117790888889
2026-04-23,XOM,Exxon Mobil to hold investor call on cash flow,neutral,0.0,0.00018397099217979523
2026-04-24,XOM,Exxon Mobil shares slumped after announced layoffs amid cost cuts,negative,-1.0,-0.9071801109480662
2026-04-28,XOM,Exxon Mobil rallies as it beat analyst earnings estimates,positive,1.0,0.8996417845890535
2026-04-29,XOM,Exxon Mobil will report quarterly results next week,neutral,0.0,0.003548601535587538
2026-04-30,XOM,Analysts turn cautious on Exxon Mobil after troubling profit margins,negative,1.0,-0.8911524970432383
2026-05-04,XOM,Exxon Mobil shares soared after reported record quarterly profit,positive,1.0,0.9434497116248433
2026-05-05,XOM,"Exxon Mobil announced a change to its board of directors, no major stock reaction",neutral,0.0,-0.00024181994248165944
2026-05-05,XOM,Exxon Mobil stock advanced on better-than-expected sales,positive,1.0,0.8151365349642952
2026-05-07,XOM,Analysts turn bullish on Exxon Mobil after better-than-expected guidance,positive,1.0,0.9106227102096035
2026-05-12,XOM,Exxon Mobil shares surged after received an analyst upgrade,positive,1.0,0.8051949409137744
2026-05-12,XOM,Analysts turn cautious on Exxon Mobil after worse-than-expected profit margins,negative,1.0,-0.9013379201168182
2026-05-15,XOM,Exxon Mobil stock plunged on disappointing quarterly earnings,negative,-1.0,-0.7416077479399384
2026-05-18,XOM,Analysts turn bullish on Exxon Mobil after record guidance,positive,1.0,0.9104384517489197
2026-05-19,XOM,Exxon Mobil guidance in line with expectations,neutral,0.0,0.003477050498688645
2026-05-20,XOM,Analysts turn cautious on Exxon Mobil after worse-than-expected cash flow,negative,0.0,-0.9083404972776945
2026-05-22,XOM,Exxon Mobil rallies as it reported record quarterly profit,positive,1.0,0.9572365259273464
2026-05-26,XOM,Exxon Mobil stock tumbled on soft guidance,negative,-1.0,-0.7710403470297205
2026-05-26,XOM,Exxon Mobil rallies as it reported record quarterly profit,positive,1.0,0.9572365259273464
2026-05-27,XOM,Exxon Mobil presented at an industry conference,neutral,0.0,-0.0003002357931982391
2026-05-28,XOM,"Exxon Mobil beat analyst earnings estimates, shares climb",positive,1.0,0.8979319723392709
2026-05-28,XOM,Analysts turn bullish on Exxon Mobil after resilient revenue,positive,1.0,0.8870512895336659
2026-05-29,XOM,Exxon Mobil stock advanced on strong guidance,positive,1.0,0.8406302411718283
2026-06-01,XOM,Analysts turn cautious on Exxon Mobil after soft quarterly earnings,negative,0.0,-0.8704190484653938
2026-06-03,XOM,Analysts turn cautious on Exxon Mobil after weak revenue,negative,-1.0,-0.9304783404357158
2026-06-05,XOM,Analysts turn bullish on Exxon Mobil after resilient quarterly earnings,positive,1.0,0.8685282907472991
2026-06-08,XOM,"Exxon Mobil maintained its previous guidance, no major stock reaction",neutral,0.0,0.00014818218691472693
2026-06-09,XOM,Analysts turn bullish on Exxon Mobil after strong cash flow,positive,1.0,0.9118387128621466
2026-06-12,XOM,"Exxon Mobil raised its full-year guidance, shares climb",positive,1.0,0.8928244799889913
2026-06-15,XOM,Analysts turn cautious on Exxon Mobil after disappointing quarterly earnings,negative,0.0,-0.9168111937197034
2026-06-17,XOM,"Exxon Mobil will report quarterly results next week, no major stock reaction",neutral,0.0,0.0009489040621030211
2026-06-18,XOM,Exxon Mobil stock tumbled on troubling quarterly earnings,negative,-1.0,-0.7491661065434504
2026-07-02,XOM,Analysts turn cautious on Exxon Mobil after troubling revenue,negative,0.0,-0.9200759117432882
